opponent,location,result,opening,moves,white_move_1,black_move_1,white_move_2,black_move_2,white_move_3,black_move_3,white_move_4,black_move_4,white_move_5,black_move_5,white_move_6,black_move_6,white_move_7,black_move_7,white_move_8,black_move_8,white_move_9,black_move_9,white_move_10,black_move_10
Chan Peng Kong,Penang MAS,1.0,Trompowsky Attack,1. d4 Nf6 2. Bg5 d5 3. Bxf6 exf6 4. e3 Bd6 5. c4 dxc4 6. Bxc4 O-O 7. Nc3 c6 8. Qc2 Re8 9. Nge2 f5 10. O-O-O Nd7 11. h3 Nf6 12. g4 Ne4 13. Rdf1 Qe7 14. Nd1 Be6 15. Bxe6 Qxe6 16. f3 Nf6 17. Kb1 fxg4 18. hxg4 g6 19. e4 Nxe4 20. fxe4 Qxe4 21. Nec3 Qxg4 22. Nf2 Qg2 23. Rhg1 Qh2 24. Qb3 Re7 25. Nfe4 Bf4 26. Nf6+ Kg7 27. Nce4 Rd8 28. Rh1 Qg2 29. Rfg1,d4,Nf6,Bg5,d5,Bxf6,exf6,e3,Bd6,c4,dxc4,Bxc4,O-O,Nc3,c6,Qc2,Re8,Nge2,f5,O-O-O,Nd7
"Ganerdene,Sugar",Ahmedabad IND,0.0,Trompowsky Attack,1. d4 Nf6 2. Bg5 Ne4 3. Bf4 c5 4. f3 Nf6 5. dxc5 Na6 6. e4 Nxc5 7. Nc3 Qb6 8. Qd2 d6 9. O-O-O Bd7 10. g4 Bc6 11. Nge2 g6 12. Nd4 Bg7 13. Bc4 h5 14. gxh5 Rxh5 15. Rhg1 Qb4 16. Qe2 Nfd7 17. a3 Qa5 18. Qg2 Nf8 19. Be3 Rc8 20. Kb1 Bd7 21. Ba2 Na4 22. Nxa4 Bxa4 23. Rd2 Bd7 24. f4 Rh3 25. Qf2 Bxd4 26. Bxd4 Bc6 27. Re1 Qh5 28. f5 Rf3 29. Qe2 Rf4 30. Qxh5 gxh5 31. Rde2 b6 32. Bd5 Bxd5 33. exd5 Rc7 34. Bf6 e5 35. Rxe5+ dxe5 36. Bxe5 Re7 37. d6 Rf1 38. Rxf1 Rxe5 39. Rf4 Kd7,d4,Nf6,Bg5,Ne4,Bf4,c5,f3,Nf6,dxc5,Na6,e4,Nxc5,Nc3,Qb6,Qd2,d6,O-O-O,Bd7,g4,Bc6
"Prraneeth,Vuppala",Mumbai IND,1.0,Trompowsky Attack,1. d4 Nf6 2. Bg5 Ne4 3. Bf4 d5 4. e3 e6 5. Nd2 Bd6 6. Bd3 Nxd2 7. Qxd2 c5 8. dxc5 Bxc5 9. Qc3 Bf8 10. Nf3 Nc6 11. O-O-O Qb6 12. e4 d4 13. Qc4 Bd7 14. Qb5 Bc5 15. Qxb6 Bxb6 16. Bd6 O-O-O 17. Ng5 Be8 18. e5 Bc7 19. Bxc7 Kxc7 20. f4 h6 21. Ne4 Ne7 22. Nd6 Nc8 23. Nxe8+ Rhxe8 24. Be4 f5 25. Bf3 g5 26. Rd3 Re7 27. g3 Red7 28. Rhd1 Ne7 29. Bh5 Nc6 30. a3 a5 31. Kd2 Rg7 32. Bf3 Rgd7 33. Ke1 Ne7 34. Bh5 Nc6 35. Kf2 Rg7 36. Bf3 Rgd7 37. Rc1 g4 38. Be2 h5 39. h3 Rh7 40. Rh1 Rdh8 41. Kg2 Rg7 42. hxg4 fxg4 43. Rdd1 Kb8 44. Bd3 Rc7 45. Be4 Rcc8 46. Rh2 d3 47. c3 Rcd8 48. Kf2 d2 49. Ke3 h4 50. gxh4 g3 51. Rhxd2 Rdg8 52. Rh1 Rh5 53. Kf3 Rf8 54. Kxg3 Rhh8 55. Bxc6 bxc6 56. Rd6 Rf7 57. Rxe6 Rg8+ 58. Kf3 Rfg7 59. h5 a4 60. h6 Rg3+ 61. Ke4,d4,Nf6,Bg5,Ne4,Bf4,d5,e3,e6,Nd2,Bd6,Bd3,Nxd2,Qxd2,c5,dxc5,Bxc5,Qc3,Bf8,Nf3,Nc6
"Sahil,Tic",Chennai IND,0.5,Trompowsky Attack,1. d4 Nf6 2. Bg5 d5 3. Bxf6 exf6 4. e3 Bd6 5. c4 dxc4 6. Bxc4 O-O 7. Nc3 f5 8. Nf3 Nd7 9. Qc2 Nf6 10. h3 Qe7 11. g4 g6 12. gxf5 Bxf5 13. Bd3 Bxd3 14. Qxd3 Rfe8 15. O-O-O Ne4 16. Qxe4 Qxe4 17. Nxe4 Rxe4 18. Kd2 Re7 19. Rc1 c6 20. Kd3 f5 21. h4 h6 22. Nd2 Rd8 23. Nc4 Bc7 24. b4 f4 25. a4 a6 26. Nd2 fxe3 27. fxe3 Rde8 28. Rh3 Bd6 29. b5 cxb5 30. axb5 axb5 31. Rb1 g5 32. hxg5 hxg5 33. Rxb5 g4 34. Rg5+ Rg7 35. Rxg7+ Kxg7 36. Rh4 g3 37. Rg4+ Kh8 38. Ne4 Rg8 39. Rh4+ Kg7 40. Rh1 Bb8 41. Ke2 g2 42. Rg1 Kf7 43. Kf3 b5 44. Rxg2 Rxg2 45. Kxg2 Ke6 46. Kf3 Kd5 47. Nd2 Ba7 48. Nb3 Bb6,d4,Nf6,Bg5,d5,Bxf6,exf6,e3,Bd6,c4,dxc4,Bxc4,O-O,Nc3,f5,Nf3,Nd7,Qc2,Nf6,h3,Qe7
"Chen,Qi b",Hanoi VIE,1.0,Trompowsky Attack,1. d4 Nf6 2. Bg5 d5 3. Nd2 Nbd7 4. e3 e6 5. Bd3 Be7 6. c3 b6 7. f4 Bb7 8. Qc2 c5 9. Ngf3 c4 10. Be2 h6 11. Bxf6 Nxf6 12. b3 b5 13. Ne5 O-O 14. Rb1 Qc7 15. bxc4 bxc4 16. Bf3 Rfb8 17. Qa4 Bc8 18. Kf2 Bd7 19. Nxd7 Nxd7 20. g3 Bd8 21. e4 Nf6 22. e5 Nd7 23. h4 Nf8 24. Ke3 Qa5 25. Qxa5 Bxa5 26. Nxc4 Bxc3 27. Kd3 Bb4 28. Nd6,d4,Nf6,Bg5,d5,Nd2,Nbd7,e3,e6,Bd3,Be7,c3,b6,f4,Bb7,Qc2,c5,Ngf3,c4,Be2,h6
"Ali,Abdulaziz",Sharjah UAE,1.0,Trompowsky Attack,1. d4 Nf6 2. Bg5 Ne4 3. Bf4 c5 4. f3 Nf6 5. dxc5 Qa5+ 6. Nc3 Qxc5 7. e4 d6 8. Qd2 a6 9. O-O-O Nbd7 10. g4 b5 11. g5 b4 12. Na4 Qa5 13. gxf6 Qxa4 14. fxe7 Bxe7 15. Bc4 Nb6 16. Bb3 Qc6 17. Ne2 a5 18. Bxd6 Bxd6 19. Qxd6 Qxd6 20. Rxd6 Rb8 21. Rhd1 Ke7 22. Nf4 Nd7 23. Rc6 Rd8 24. Nd5+ Ke8 25. Ba4 Kf8 26. Nb6 Rxb6 27. Rxb6,d4,Nf6,Bg5,Ne4,Bf4,c5,f3,Nf6,dxc5,Qa5+,Nc3,Qxc5,e4,d6,Qd2,a6,O-O-O,Nbd7,g4,b5
"Visakh,N R",New Delhi IND,0.5,English Opening: Agincourt Defense,1. c4 e6 2. Nf3 d5 3. d4 Nf6 4. g3 Bb4+ 5. Bd2 Bd6 6. Nc3 c6 7. Qc2 O-O 8. e4 Nxe4 9. Nxe4 dxe4 10. Qxe4 c5 11. Bg2 cxd4 12. Nxd4 e5 13. Nb5 Bc5 14. Rd1 Nc6 15. O-O Qb6 16. Be3 Bxe3 17. Qxe3 Bg4 18. Rd2 Rad8 19. Nd6 Qxe3 20. fxe3 Rd7 21. a3 Na5 22. Rd5 b6 23. b4 Rxd6 24. bxa5 Rxd5 25. Bxd5 bxa5 26. e4 Be6 27. c5 Rc8 28. c6 Rc7 29. Rb1 Bc8 30. Kf2 Kf8 31. Ke3 Ke7 32. Rb5 a4 33. Ra5 Kd6 34. Rxa4 Be6 35. Ra5,c4,e6,Nf3,d5,d4,Nf6,g3,Bb4+,Bd2,Bd6,Nc3,c6,Qc2,O-O,e4,Nxe4,Nxe4,dxe4,Qxe4,c5
"Bersamina,Paulo",Xingtai CHN,1.0,Trompowsky Attack,1. d4 Nf6 2. Bg5 Ne4 3. Bf4 Nc6 4. f3 g5 5. Bc1 Nd6 6. Bxg5 Rg8 7. Nh3 h6 8. Bc1 Nf5 9. d5 Ne5 10. e4 Nh4 11. f4 Ng4 12. g3 e5 13. dxe6 fxe6 14. Qe2 b6 15. Nc3 a5 16. gxh4 Qxh4+ 17. Kd2 Bc5 18. Nb5 Kd8 19. c4 Ne3 20. Kd3 Nxf1 21. Qxf1 d5 22. Be3 Bxe3 23. Kxe3 e5 24. cxd5 Bxh3 25. Qf2 Qxf2+ 26. Kxf2 Rg2+ 27. Kf3 Kd7 28. fxe5 Rf8+ 29. Ke3 Rff2 30. Nd4 Rxb2 31. Rhf1 Rxh2 32. Rf7+ Kd8 33. e6 Rxa2 34. Rxa2 Rxa2 35. Nc6+,d4,Nf6,Bg5,Ne4,Bf4,Nc6,f3,g5,Bc1,Nd6,Bxg5,Rg8,Nh3,h6,Bc1,Nf5,d5,Ne5,e4,Nh4
"Lin,Yi",Xingtai CHN,1.0,Trompowsky Attack,1. d4 Nf6 2. Bg5 d5 3. Nd2 e6 4. e3 c5 5. c3 Nc6 6. f4 Be7 7. Bd3 h6 8. Bh4 O-O 9. Ngf3 b6 10. Ne5 Nxe5 11. fxe5 Nd7 12. Bg3 a5 13. Qe2 Bb7 14. Nf3 Qc8 15. b3 a4 16. Rc1 axb3 17. axb3 Ra3 18. Bb1 Rd8 19. O-O Ba6 20. c4 Nf8 21. Qb2 cxd4 22. cxd5 Qa8 23. d6 Bxd6 24. exd6 Bxf1 25. Rxf1 dxe3 26. Ne5 f6 27. Nc4 Ra7 28. Nxb6 Qc6 29. Nc4 Rb7 30. Qe2 Qb5 31. Bc2 e5 32. Qxe3 Rbd7 33. Qe4 Qb7 34. Rd1 Qxe4 35. Bxe4 Ne6 36. Bd5 Kf7 37. b4 Rb8 38. b5 Rxb5 39. Bc6 Rc5 40. Bxd7 Rxc4 41. Bxe6+,d4,Nf6,Bg5,d5,Nd2,e6,e3,c5,c3,Nc6,f4,Be7,Bd3,h6,Bh4,O-O,Ngf3,b6,Ne5,Nxe5
"Jumabayev,R",Xingtai CHN,1.0,Trompowsky Attack,1. d4 Nf6 2. Bg5 d5 3. Nd2 Nbd7 4. e3 c5 5. Ngf3 Qb6 6. Rb1 g6 7. Bd3 Bg7 8. c3 O-O 9. O-O Re8 10. Re1 e5 11. dxe5 Nxe5 12. Nxe5 Rxe5 13. Bf4 Re8 14. c4 Be6 15. Qc2 Nh5 16. Bg5 Rac8 17. a3 Qc7 18. Bh4 a6 19. a4 Bf6 20. Bg3 Nxg3 21. hxg3 dxc4 22. Bxc4 Bf5 23. e4 Bg4 24. Nf3 Rcd8 25. Rbd1 Bd4 26. Bd5 Re7 27. Qb3 Kg7 28. Rc1 Bf6 29. Re2 h5 30. Rec2 b6 31. a5 bxa5 32. Rxc5 Qa7 33. Rc6 Rb8 34. Qd3 Bxb2 35. Rxa6 Qd7 36. Rb1 a4 37. Rxb2,d4,Nf6,Bg5,d5,Nd2,Nbd7,e3,c5,Ngf3,Qb6,Rb1,g6,Bd3,Bg7,c3,O-O,O-O,Re8,Re1,e5
"Yudin,S",Astana KAZ,0.5,English Opening: Agincourt Defense,1. Nf3 e6 2. c4 d5 3. b3 Nf6 4. Bb2 Be7 5. g3 O-O 6. Bg2 b6 7. O-O Bb7 8. e3 dxc4 9. bxc4 c5 10. Qe2 Nc6 11. Nc3 Nb4 12. d4 Rc8 13. Rfd1 cxd4 14. exd4 Re8 15. a3 Nc6 16. Ne5 Qc7 17. Nb5 Qb8 18. a4 Na5 19. Bc3 Bxg2 20. Kxg2 Qb7+ 21. f3 a6 22. Na3 Nc6 23. Nd3,Nf3,e6,c4,d5,b3,Nf6,Bb2,Be7,g3,O-O,Bg2,b6,O-O,Bb7,e3,dxc4,bxc4,c5,Qe2,Nc6
"Rathore,So",Ahmedabad IND,1.0,Nimzo-Larsen Attack: Classical Variation,1. b3 d5 2. Bb2 Bf5 3. g3 Nf6 4. Bg2 e6 5. Nf3 c6 6. d3 Bd6 7. Nbd2 Qe7 8. O-O O-O 9. e4 dxe4 10. dxe4 Nxe4 11. Nh4 Nxd2 12. Nxf5 exf5 13. Qxd2 Qc7 14. Rfe1 f6 15. Rad1 Bc5 16. Qd3 Na6 17. Qxf5 Rad8 18. Bf1 Bb4 19. Rxd8 Qxd8 20. Re4 Bd2 21. Bc4+ Kh8 22. Rh4 Bh6 23. Bd3 g6 24. Qh3 Bg7 25. Bxg6 Qe7 26. Bxh7 Nc7 27. Ba3,b3,d5,Bb2,Bf5,g3,Nf6,Bg2,e6,Nf3,c6,d3,Bd6,Nbd2,Qe7,O-O,O-O,e4,dxe4,dxe4,Nxe4
"Petrosyan,M",chess.com INT,0.0,English Opening: Agincourt Defense,1. Nf3 d5 2. c4 e6 3. g3 dxc4 4. Bg2 Nd7 5. Qa4 a6 6. Qxc4 b5 7. Qc2 Bb7 8. O-O c5 9. a4 Ngf6 10. d3 Be7 11. Nc3 Qb6 12. Be3 O-O 13. b4 Rac8 14. axb5 axb5 15. Rfb1 Ng4 16. Qd2 Nxe3 17. Qxe3 Bf6 18. Qd2 cxb4 19. Ne4 Bxa1 20. Rxa1 Bxe4 21. dxe4 Nf6 22. Qxb4 Qc5 23. Rb1 Qxb4 24. Rxb4 Rc1+ 25. Bf1 Rb8 26. e3 Ra1 27. Kg2 Ra4 28. Rxb5 Rxb5 29. Bxb5 Rxe4 30. Nd4 Re5 31. Be2 Ra5 32. h3 g6 33. g4 Kg7 34. Bf3 Ra2 35. Nc6 h5 36. Kg3 h4+ 37. Kg2 g5 38. Ne5 Ne8 39. Bc6 Nd6 40. Kg1 Kf6 41. Nd7+ Ke7 42. Ne5 f6 43. Nd3 Rd2 44. Ne1 Rd1 45. Kf1 Rc1 46. Bf3 Nc4 47. Ke2 Ne5 48. Be4 Ra1 49. Bg2 Ra2+ 50. Kf1 Kd6 51. Be4 Nc4 52. Bd3 Nd2+ 53. Kg2 Ke5 54. Nc2 Ne4 55. Kf3 f5 56. gxf5 exf5 57. Kg2 Nc5 58. Nb4 Rb2 59. Nc6+ Kd6 60. Bxf5 Kxc6 61. Kf3 Kd6 62. Kg4 Rxf2 63. Kxg5 Ke5 64. Bg4 Ne4+ 65. Kxh4 Rf1 66. Kh5 Re1 67. Kg6 Rxe3 68. Kf7 Ng5+,Nf3,d5,c4,e6,g3,dxc4,Bg2,Nd7,Qa4,a6,Qxc4,b5,Qc2,Bb7,O-O,c5,a4,Ngf6,d3,Be7
"Krjukova,I",chess.com INT,1.0,Nimzo-Larsen Attack: Classical Variation,1. b3 d5 2. Bb2 c6 3. c4 e6 4. Nf3 Nf6 5. g3 Nbd7 6. Bg2 Bd6 7. O-O O-O 8. d4 b6 9. Nc3 Bb7 10. Nd2 Rc8 11. e4 dxe4 12. Ndxe4 Nxe4 13. Nxe4 Be7 14. Qe2 Qc7 15. Rfd1 Nf6 16. Rac1 Nxe4 17. Bxe4 Bf6 18. Qf3 Rfd8 19. Rc2 Rb8 20. c5 b5 21. Kg2 Rd7 22. h4 Rbd8 23. Rcd2 b4 24. h5 h6 25. Bc2 a5 26. Qe4 Ba6 27. Qh7+ Kf8 28. Re1 Rd5 29. Bd1 Rxc5 30. dxc5 Rxd2 31. Bxf6 gxf6 32. Qxh6+,b3,d5,Bb2,c6,c4,e6,Nf3,Nf6,g3,Nbd7,Bg2,Bd6,O-O,O-O,d4,b6,Nc3,Bb7,Nd2,Rc8
"Wagh,Suyog",chess.com INT,1.0,Nimzo-Larsen Attack: Modern Variation,1. b3 e5 2. Bb2 Nc6 3. e3 Nf6 4. Bb5 Bd6 5. Ne2 Qe7 6. O-O a6 7. Bxc6 dxc6 8. d3 O-O 9. Nd2 c5 10. Nc4 b5 11. Nxd6 cxd6 12. e4 Be6 13. f4 exf4 14. Nxf4 Nd7 15. d4 cxd4 16. Qxd4 Ne5 17. Rad1 Rfd8 18. h3 Rac8 19. Rd2 f6 20. Qe3 Bf7 21. Qg3 Qb7 22. Re2 Re8 23. Qf2 Ng6 24. Nh5 Ne5 25. Nxg7 Kxg7 26. Qxf6+ Kg8 27. Ref2 Bg6 28. Qxd6 Qc6 29. Bxe5 Qxd6 30. Bxd6 Rxe4 31. Rd2 Re6 32. Rff2 Re1+ 33. Kh2 Rc1 34. c4 bxc4 35. bxc4 R1xc4 36. a3 Rc2 37. Rxc2 Rxc2 38. Rf8+ Kg7 39. Rf4 Rc6 40. Bf8+ Kg8 41. Bh6 Rc8 42. Rf6 a5 43. Ra6 Rc5 44. Ra7 Rh5 45. Bd2 Rd5 46. Bxa5 Rd3 47. Bb4 Be4 48. Re7 Bc6 49. Re2 Rb3 50. Rc2 Be4 51. Rd2 h5 52. Rd4 Bb7 53. Rd8+ Kf7 54. Rd7+ Kg6 55. Rxb7 Kg5 56. Be7+ Kf4 57. Rxb3 h4 58. Rf3+ Ke4 59. Bxh4,b3,e5,Bb2,Nc6,e3,Nf6,Bb5,Bd6,Ne2,Qe7,O-O,a6,Bxc6,dxc6,d3,O-O,Nd2,c5,Nc4,b5
"Mohammad Fahad,Rahman",chess.com INT,1.0,Trompowsky Attack,1. d4 Nf6 2. Bg5 c5 3. d5 d6 4. Nc3 Nbd7 5. e4 h6 6. Be3 a6 7. a4 g6 8. Nf3 Bg7 9. Nd2 O-O 10. Be2 Re8 11. O-O Nf8 12. Nc4 b6 13. f4 Bb7 14. Bf3 Qc7 15. e5 N6d7 16. e6 fxe6 17. dxe6 Nf6 18. a5 b5 19. Nb6 Rad8 20. f5 gxf5 21. Ncd5 Bxd5 22. Nxd5 Nxd5 23. Bxd5 Nh7 24. Rxf5 Nf6 25. Rxf6 Bxf6 26. Qg4+ Kh8 27. Qg6,d4,Nf6,Bg5,c5,d5,d6,Nc3,Nbd7,e4,h6,Be3,a6,a4,g6,Nf3,Bg7,Nd2,O-O,Be2,Re8
"Postny,E",lichess.org INT,0.5,Trompowsky Attack,1. d4 Nf6 2. Bg5 d5 3. Nd2 Nbd7 4. e3 c5 5. c3 g6 6. Ngf3 Bg7 7. Bd3 O-O 8. O-O Re8 9. a4 e5 10. dxe5 Nxe5 11. Nxe5 Rxe5 12. Nf3 Re8 13. a5 Be6 14. Bb5 Bd7 15. Qa4 Bxb5 16. Qxb5 Qc7 17. Rfd1 Qc6 18. Qd3 c4 19. Qd2 Rad8 20. Bxf6 Bxf6 21. h3 Qb5 22. Qc2 Re6 23. Rd2 Ra6 24. Qa4 Qc5 25. e4 dxe4 26. Rxd8+ Bxd8 27. Qe8+ Kg7 28. Qxe4 Rxa5 29. Rf1 Bf6 30. Nd2 Ra2 31. Qxb7 Qb6 32. Qxb6 axb6 33. Nxc4 b5 34. Nd6 Be5 35. Nxb5 Rxb2 36. c4 Rc2 37. Re1 Bb8,d4,Nf6,Bg5,d5,Nd2,Nbd7,e3,c5,c3,g6,Ngf3,Bg7,Bd3,O-O,O-O,Re8,a4,e5,dxe5,Nxe5
"Demchenko,A",lichess.org INT,0.5,Trompowsky Attack,1. d4 Nf6 2. Bg5 g6 3. Nd2 Bg7 4. e4 d6 5. c3 O-O 6. Bd3 c5 7. Ngf3 cxd4 8. cxd4 Nc6 9. O-O h6 10. Bh4 Nh5 11. d5 Nb4 12. Bc4 Bd7 13. a3 Na6 14. b4 Rc8 15. Rc1 Nc7 16. Re1 g5 17. Bg3 Nb5 18. Bxb5 Rxc1 19. Qxc1 Bxb5 20. e5 Nxg3 21. hxg3 Qc8 22. exd6 exd6 23. Qxc8 Rxc8 24. Re7 Ba6 25. Ne4 Rd8 26. g4 Bc4 27. Ng3 Bxd5 28. Nf5 Bf8 29. Re3 Be6 30. N3d4 Bd7 31. Rh3 Rc8 32. Nxh6+ Bxh6 33. Rxh6 Bxg4 34. Rxd6 Rc3 35. f3 Bh5 36. Rd5 Rxa3 37. Rxg5+ Bg6 38. f4 Kf8 39. f5 Bh7 40. Rh5 Kg8 41. Nf3 Rb3 42. Rg5+ Kf8 43. Rh5 Kg7 44. f6+ Kg8 45. Rh4 Bf5 46. Ne5 Be6 47. Rd4 Kh7 48. Kf2 Kh6 49. Rf4 Kg5 50. g3 Rb2+ 51. Ke1 Bd5 52. Rd4 Be6 53. Rf4 b6 54. Nf3+ Kh6 55. Nd4 Bd5 56. Kd1 a5 57. bxa5 bxa5 58. Kc1 Rg2 59. Rf5 Bc4 60. Rxa5 Kg6 61. Nf5 Rg1+ 62. Kd2 Kxf6 63. Ke3 Be6 64. Nd4 Rxg3+ 65. Kf4 Rg4+ 66. Ke3 Bd7 67. Rd5 Be6 68. Ra5 Rg3+ 69. Kf4 Rh3 70. Nxe6 fxe6 71. Ke4 Rh4+ 72. Ke3 Rg4 73. Kf3 Rd4 74. Ke3 Rb4 75. Kf3 e5 76. Ra8 Rf4+ 77. Ke3 Rh4 78. Rf8+ Ke7 79. Ra8 Ke6 80. Re8+ Kd6 81. Rd8+ Ke7 82. Ra8 Rd4 83. Ra6 Rd6 84. Rxd6 Kxd6 85. Ke4 Ke6 86. Ke3 Kd5 87. Kd3 e4+ 88. Ke3 Ke5 89. Ke2 Kd4 90. Kd2 e3+ 91. Ke2 Ke4 92. Ke1 Kd3 93. Kd1 e2+ 94. Ke1 Ke3,d4,Nf6,Bg5,g6,Nd2,Bg7,e4,d6,c3,O-O,Bd3,c5,Ngf3,cxd4,cxd4,Nc6,O-O,h6,Bh4,Nh5
"Paravyan,D",lichess.org INT,0.0,Nimzo-Larsen Attack: Modern Variation,1. b3 e5 2. Bb2 Nc6 3. e3 Nf6 4. Bb5 Qe7 5. Ne2 a6 6. Bxc6 dxc6 7. O-O h5 8. f4 e4 9. f5 h4 10. Bxf6 gxf6 11. Nec3 Bd7 12. Qg4 O-O-O 13. Qxe4 Qd6 14. Qf4 Qe7 15. Qe4 Qd6 16. Qf3 Bh6 17. Ne4 Qe5 18. d4 Qe7 19. Nbc3 h3 20. Qxh3 Bf4 21. Qf3 Bxh2+ 22. Kf2 Rde8 23. Rh1 c5 24. Nxc5 Bc6 25. e4 Qd6 26. Rad1 Rhg8 27. Ne2 b6 28. Nxa6 Bxe4 29. Qh5 Rxg2+ 30. Kf1 Bb7 31. Nxc7 Qxc7 32. Rd2 Bf4 33. Qh8 Rxh8 34. Rxh8+ Kd7 35. Nxf4 Qxf4+,b3,e5,Bb2,Nc6,e3,Nf6,Bb5,Qe7,Ne2,a6,Bxc6,dxc6,O-O,h5,f4,e4,f5,h4,Bxf6,gxf6
"Gurevich,D",chess.com INT,1.0,English Opening: Agincourt Defense,1. c4 e6 2. Nf3 d5 3. e3 Nf6 4. b3 Be7 5. Bb2 O-O 6. Qc2 c5 7. Rg1 Nc6 8. g4 d4 9. exd4 cxd4 10. g5 Nh5 11. Qe4 e5 12. Na3 g6 13. Qd5 Bf5 14. Qxd8 Rfxd8 15. Nh4 Be6 16. O-O-O Nf4 17. Nc2 a5 18. a3 Nh3 19. Bxh3 Bxh3 20. d3 Rac8 21. Rde1 Re8 22. Kd2 Bd6 23. Re4 Be6 24. Rge1 b5 25. cxb5 Na7 26. b6 Nb5 27. Rxe5 Bxe5 28. Rxe5 Bxb3 29. Rxe8+ Rxe8 30. Nxd4 Nxd4 31. Bxd4 Bd5 32. Bc3 a4 33. Bb4 f6 34. gxf6 Kf7 35. Bc3 Rb8 36. Bd4 Rd8 37. Kc3 Rc8+ 38. Kb4 Rd8 39. f4 h6 40. f5 g5 41. Ng6 Bf3 42. Ne5+ Kxf6 43. Nxf3+ Kxf5 44. Bc5 h5 45. Nd4+ Kf4 46. Ne6+,c4,e6,Nf3,d5,e3,Nf6,b3,Be7,Bb2,O-O,Qc2,c5,Rg1,Nc6,g4,d4,exd4,cxd4,g5,Nh5
"Indjic,A",lichess.org INT,0.0,Trompowsky Attack,1. d4 Nf6 2. Bg5 g6 3. Nd2 d5 4. e3 Bg7 5. Bd3 c5 6. c3 Qb6 7. Rb1 Nc6 8. Ngf3 O-O 9. O-O Re8 10. h3 e5 11. dxe5 Nxe5 12. Nxe5 Rxe5 13. Bf4 Re7 14. b4 c4 15. Be2 Bf5 16. Rc1 a5 17. a3 axb4 18. axb4 Ra3 19. Bxc4 dxc4 20. Nxc4 Qa7 21. Nxa3 Qxa3 22. Qd8+ Re8 23. Qc7 Qa6 24. Rfd1 h5 25. Rd8 Rxd8 26. Qxd8+ Kh7 27. Be5 b5 28. Rd1 Qe6 29. Bd4 Bc2 30. Rc1 Bb3 31. Ra1 Bd5 32. f3 Bc4 33. e4 g5 34. Ra7 g4 35. hxg4 hxg4 36. Re7 Qa6 37. Qc7 Qa1+ 38. Kh2 gxf3 39. gxf3 Qb2+ 40. Kg3 Nh5+ 41. Kg4 Kg6 42. Qd6+ Bf6 43. Bxf6 Qg2+ 44. Kh4 Qf2+ 45. Kg4 Nxf6+ 46. Kh3 Bf1#,d4,Nf6,Bg5,g6,Nd2,d5,e3,Bg7,Bd3,c5,c3,Qb6,Rb1,Nc6,Ngf3,O-O,O-O,Re8,h3,e5
"Krishnan,V",chess.com INT,0.0,Nimzo-Larsen Attack: Modern Variation,1. b3 e5 2. Bb2 Nc6 3. e3 a6 4. c4 Nf6 5. Nc3 d5 6. cxd5 Nxd5 7. a3 Be6 8. Nge2 Be7 9. Nxd5 Bxd5 10. Nc3 Be6 11. Qc2 O-O 12. h4 Na5 13. b4 Nb3 14. Rd1 c5 15. b5 axb5 16. Bxb5 c4 17. Ne4 Qc7 18. Ng5 Bxg5 19. hxg5 g6 20. Qe4 Nc5 21. Qb1 Nd3+ 22. Kf1 f6 23. f3 fxg5 24. Kg1 e4 25. Rh2 exf3 26. gxf3 Rxf3 27. Qc2 Rg3+ 28. Rg2 Rxg2+ 29. Kxg2 Bd5+,b3,e5,Bb2,Nc6,e3,a6,c4,Nf6,Nc3,d5,cxd5,Nxd5,a3,Be6,Nge2,Be7,Nxd5,Bxd5,Nc3,Be6
"Oparin,G",lichess.org INT,1.0,English Opening: Agincourt Defense,1. c4 e6 2. Nf3 d5 3. e3 Nf6 4. b3 Bd6 5. Bb2 O-O 6. Qc2 Re8 7. d4 b6 8. Nbd2 Bb7 9. Bd3 Nbd7 10. O-O dxc4 11. Nxc4 Bxf3 12. gxf3 Qe7 13. f4 c5 14. Kh1 Rac8 15. Qe2 cxd4 16. Nxd6 Qxd6 17. Bxd4 e5 18. fxe5 Nxe5 19. Bf5 Qd5+ 20. f3 Rcd8 21. Rad1 Qa5 22. Qg2 Ng6 23. Bb1 Qh5 24. Rg1 Rc8 25. f4 Qh6 26. Bxf6 gxf6 27. f5 Re5 28. Rdf1 Kg7 29. Qf2 Qxe3 30. fxg6 Qxf2 31. Rxf2 fxg6 32. Rd1 Rc7 33. Rfd2 Ree7 34. Kg2 f5 35. Bd3 Kf6 36. Bc4 Kg5 37. Kf3 Re4 38. Rd4 Ree7 39. h4+ Kh5 40. Kf4 Rc5 41. Rd7 Rce5 42. Rxe7 Rxe7 43. Bd5 Rd7 44. Bf3+,c4,e6,Nf3,d5,e3,Nf6,b3,Bd6,Bb2,O-O,Qc2,Re8,d4,b6,Nbd2,Bb7,Bd3,Nbd7,O-O,dxc4
"Bressac,S",chess.com INT,1.0,Nimzo-Larsen Attack: Classical Variation,1. b3 d5 2. Bb2 Bg4 3. g3 Nc6 4. h3 Bh5 5. Nf3 f6 6. d4 e5 7. dxe5 Bxf3 8. exf3 fxe5 9. Bb5 Bd6 10. f4 Qe7 11. O-O O-O-O 12. Bxc6 bxc6 13. fxe5 Bxe5 14. Re1 Bxb2 15. Rxe7 Nxe7 16. Nd2 Bxa1 17. Qxa1 Nf5 18. g4 Nd6 19. Qxg7 h5 20. Qd4 hxg4 21. hxg4 Rhg8 22. f3 a6 23. Qa7 Rde8 24. Qxa6+ Kd7 25. Qd3 Rg7 26. Kf2 Rh8 27. Nf1 Rh3 28. Kg2 Rh8 29. a4 Re8 30. Kf2 Rge7 31. Ng3 Re1 32. Nh5 R8e7 33. Nf6+ Kc8 34. Qa6+ Kb8 35. Nd7+ Rxd7 36. Kxe1,b3,d5,Bb2,Bg4,g3,Nc6,h3,Bh5,Nf3,f6,d4,e5,dxe5,Bxf3,exf3,fxe5,Bb5,Bd6,f4,Qe7
"De Silva,L M S T",chess.com INT,0.0,Nimzo-Larsen Attack: Modern Variation,1. b3 e5 2. Bb2 Nc6 3. e3 Nf6 4. Bb5 Bd6 5. Ne2 e4 6. O-O Bxh2+ 7. Kxh2 Ng4+ 8. Kg3 Qg5 9. f4 exf3 10. Kxf3 Nh2+ 11. Kf2 Ng4+ 12. Ke1 Qxb5 13. Nf4 Nf6 14. Qf3 Qg5 15. Na3 Ne5 16. Qe2 d6 17. Nb5 Qg3+ 18. Qf2 Qxf2+ 19. Kxf2 Kd8 20. Rh1 a6 21. Nc3 h6 22. Raf1 Bd7 23. Ncd5 Nxd5 24. Nxd5 Bc6 25. Nb4 f6 26. Nxc6+ Nxc6 27. Rh3 Kd7 28. Kg1 Rae8 29. Rf4 Re6 30. Rg4 Re7 31. Rhg3 Rh7 32. Kf2 Ne5 33. Rb4 b6 34. a4 a5 35. Rh4 g5 36. Rh1 h5 37. Rgh3 h4 38. Ke2 Ref7 39. g3 Ng6 40. Bc3 g4 41. R3h2 h3 42. Rf1 f5 43. Kf2 Ne5 44. Rhh1 Ke6 45. Ke2 Nf3 46. Rf2 Rh5 47. Rff1 Rfh7 48. Rf2 h2 49. Rg2 Rh3 50. Kf2 Ng5 51. d3 Nf3 52. Kf1 c5 53. Be1 d5 54. Re2 Kd6 55. Kg2 Re7 56. Bf2 d4 57. Rd1 Rh6 58. e4 fxe4 59. dxe4 h1=Q+ 60. Rxh1 Rxh1 61. Kxh1 Rh7+ 62. Kg2 Rh2+ 63. Kf1 Rh1+ 64. Kg2 Rh2+ 65. Kf1 Ke5 66. c3 d3 67. Re3 d2 68. Rd3 Rh1+ 69. Ke2 Kxe4 70. Re3+ Kf5 71. Rd3 Re1+,b3,e5,Bb2,Nc6,e3,Nf6,Bb5,Bd6,Ne2,e4,O-O,Bxh2+,Kxh2,Ng4+,Kg3,Qg5,f4,exf3,Kxf3,Nh2+
"Liyanage,Ranindu Dilshan",chess.com INT,1.0,English Opening: Agincourt Defense,1. c4 e6 2. Nf3 d5 3. b3 Nf6 4. Bb2 g6 5. g3 Bg7 6. Bg2 O-O 7. O-O b6 8. d4 Bb7 9. Nbd2 Nbd7 10. Qc2 c5 11. Rac1 Rc8 12. dxc5 bxc5 13. cxd5 exd5 14. e3 Re8 15. Rfd1 Qb6 16. Nb1 c4 17. Bd4 Qa6 18. Qb2 Nh5 19. Bxg7 Nxg7 20. bxc4 Nb6 21. cxd5 Bxd5 22. Rxc8 Rxc8 23. Nc3 Be6 24. Nd4 Qa5 25. Ne4 Qxa2 26. Qxa2 Bxa2 27. Ra1 Bc4 28. Rxa7 Bd3 29. Nf6+ Kf8 30. Nxh7+ Kg8 31. Nf6+ Kf8 32. h4 Nf5 33. Nxf5 Bxf5 34. g4 Bd3 35. Rb7 Nc4 36. Bd5 Nd6 37. Rd7 Rc1+ 38. Kh2,c4,e6,Nf3,d5,b3,Nf6,Bb2,g6,g3,Bg7,Bg2,O-O,O-O,b6,d4,Bb7,Nbd2,Nbd7,Qc2,c5
"Zierk,S",chess.com INT,1.0,Nimzo-Larsen Attack: Modern Variation,1. b3 e5 2. Bb2 Nc6 3. e3 g6 4. Bb5 Nge7 5. f4 Bg7 6. Nf3 a6 7. Bxc6 Nxc6 8. Nxe5 Nxe5 9. Bxe5 Bxe5 10. fxe5 Qh4+ 11. g3 Qe4 12. O-O Qxe5 13. Nc3 O-O 14. Qf3 d6 15. d4 Qf5 16. Qg2 Qa5 17. Nd5 Be6 18. Nf6+ Kg7 19. e4 h5 20. d5 Bg4 21. h3 Bc8 22. c4 b5 23. Qb2 Kh6 24. Qc1+ Kg7 25. Nxh5+ Kh7 26. Nf6+ Kg7 27. Qb2 Kh6 28. g4 Qb6+ 29. Kh2 Qe3 30. h4 g5 31. Rae1 Qd3 32. Nh5 Rg8 33. Rf6+ Kh7 34. Rxf7+ Kh6 35. Qf6+ Rg6 36. hxg5#,b3,e5,Bb2,Nc6,e3,g6,Bb5,Nge7,f4,Bg7,Nf3,a6,Bxc6,Nxc6,Nxe5,Nxe5,Bxe5,Bxe5,fxe5,Qh4+
"Oliveira,Si",chess.com INT,1.0,Nimzo-Larsen Attack: Classical Variation,1. b3 d5 2. Bb2 c5 3. e3 Nf6 4. f4 Nc6 5. Nf3 a6 6. Be2 g6 7. O-O Bg7 8. Qe1 O-O 9. Qh4 d4 10. Na3 dxe3 11. dxe3 Ng4 12. Bxg7 Kxg7 13. Rad1 Qa5 14. Nc4 Qxa2 15. h3 Nh6 16. Bd3 Nf5 17. Qf2 Nb4 18. Be4 Be6 19. Ra1 Bxc4 20. Rxa2 Bxf1 21. Ra5 Nd6 22. Bxg6 hxg6 23. Kxf1 Ne4 24. Qe1 Nxc2 25. Qc1 Nb4 26. Qc4 f5 27. Qe6 Nc6 28. Ra1 Rf6 29. Qd7 Rd8 30. Qxb7 Rfd6 31. Kg1 R8d7 32. Qxa6 Nd4 33. Qc4 Nxf3+ 34. gxf3 Rd1+ 35. Rxd1 Rxd1+ 36. Kg2 Rd2+ 37. Kf1 Ng3+ 38. Ke1 Re2+ 39. Qxe2 Nxe2 40. Kxe2 Kf6 41. Kd3 Ke6 42. Kc4 Kd6 43. e4 fxe4 44. fxe4 e5 45. fxe5+ Kxe5 46. Kxc5 Kxe4 47. b4 Kf4 48. b5 Kg3 49. b6 Kxh3 50. b7 g5 51. b8=Q g4 52. Kd4 g3 53. Ke3,b3,d5,Bb2,c5,e3,Nf6,f4,Nc6,Nf3,a6,Be2,g6,O-O,Bg7,Qe1,O-O,Qh4,d4,Na3,dxe3
"Mirzoev,A",chess.com INT,0.5,Nimzo-Larsen Attack: Classical Variation,1. b3 d5 2. Bb2 Nf6 3. Nf3 Nbd7 4. c4 e6 5. g3 Be7 6. Bg2 O-O 7. O-O b6 8. cxd5 Nxd5 9. Nc3 Bb7 10. Qc2 c5 11. Rac1 Rc8 12. Rfd1 N7f6 13. Qb1 Nxc3 14. Rxc3 Nd5 15. Rcc1 Bf6 16. d4 cxd4 17. Bxd4 Rxc1 18. Rxc1 h6 19. e3 Re8 20. Qb2 Bxd4 21. Nxd4 Qd7 22. a3 Rc8 23. h4 Ne7 24. Rxc8+ Qxc8 25. Bxb7 Qxb7 26. Qc2 g6 27. b4 a6 28. a4 e5 29. Ne2 Qf3 30. Nc3 Nd5 31. Nxd5 Qxd5 32. Qc8+ Kg7 33. Qxa6 Qd1+ 34. Kg2 Qd5+ 35. Kh2 Qd2 36. Kg2 Qxb4 37. Qa8 Qb3 38. Qc6 Qb4 39. Kg1 Qb2 40. Qd6 Qb1+ 41. Kh2 Qe4 42. Qc7 Qf5 43. Kg1 Qf6 44. Qc4 Qd6 45. Qb5 Qe6 46. Kg2 Qf6 47. Kf1 Qd6 48. Ke2 Qf6 49. e4 Qe6 50. f3 Qf6 51. Ke3 Qd6 52. Ke2 Qd4 53. Qb3 Qc5 54. Qb5 Qd4 55. Qb3 Qc5 56. Qb5 Qd4,b3,d5,Bb2,Nf6,Nf3,Nbd7,c4,e6,g3,Be7,Bg2,O-O,O-O,b6,cxd5,Nxd5,Nc3,Bb7,Qc2,c5
"Aryan,C",lichess.org INT,0.0,Trompowsky Attack,1. d4 Nf6 2. Bg5 Ne4 3. Bf4 d5 4. f3 Nf6 5. Nc3 c5 6. e4 cxd4 7. Qxd4 Nc6 8. Bb5 Bd7 9. Bxc6 Bxc6 10. e5 Nd7 11. e6 fxe6 12. O-O-O Qb6 13. Qd2 O-O-O 14. Bg3 h5 15. Nh3 h4 16. Bf2 Qa5 17. Ng5 Ne5 18. Nxe6 Rd6 19. Nxf8 Rxf8 20. Qd4 Nc4 21. Qxa7 Qb4 22. b3 Qxc3 23. Bd4 Qa5 24. bxc4 Qxa7 25. Bxa7 dxc4 26. Rxd6 exd6 27. h3 Kd7 28. Bd4 g6 29. Bf2 g5 30. Be3 Rf5 31. Kb2 b5 32. a3 Re5 33. Re1 Ke6 34. Bd2 Kf5 35. Rxe5+ dxe5 36. Kc3 e4 37. fxe4+ Bxe4 38. g4+ hxg3 39. Kd4 g2 40. Be3 Bxc2 41. Bg1 Kf4 42. Bh2+ Kf3 43. Ke5 Kf2 44. Kf6 g1=Q,d4,Nf6,Bg5,Ne4,Bf4,d5,f3,Nf6,Nc3,c5,e4,cxd4,Qxd4,Nc6,Bb5,Bd7,Bxc6,Bxc6,e5,Nd7
"Oparin,G",lichess.org INT,1.0,English Opening: Agincourt Defense,1. c4 e6 2. Nf3 d5 3. e3 Nf6 4. Be2 Bd6 5. O-O O-O 6. d4 b6 7. b3 Bb7 8. Bb2 Nbd7 9. Nbd2 a6 10. Qc2 Qe7 11. Rac1 Rac8 12. Rfe1 c5 13. Qb1 Rfd8 14. Qa1 h6 15. h3 cxd4 16. Nxd4 Nc5 17. Red1 a5 18. Nb5 Bb8 19. cxd5 Bxd5 20. Nc4 Qb7 21. Bxf6 gxf6 22. Qxf6 Ne4 23. Qxh6 Qe7 24. Nxb6 Rxc1 25. Rxc1 Bb7 26. Bf3 f5 27. Nd4 Rd6 28. Nc4 Ra6 29. Qg6+ Kf8 30. Qh6+ Kg8 31. Bxe4 Bxe4 32. Nxa5 Qd7 33. Qg6+ Kf8 34. Qf6+ Kg8 35. Nc4 Qg7 36. Qxg7+ Kxg7 37. f3 Bd5 38. a4 Kf6 39. Nb5 Bg3 40. Kf1 Ra8 41. Ke2 Rg8 42. Nc7 Bb7 43. Nb5 Bh4 44. g4 fxg4 45. hxg4 Bg5 46. Nbd6 Ba8 47. Nd2 Ke7 48. N6e4 Bh6 49. Rc7+ Kd8 50. Ra7 Bd5 51. Nf6 Rf8 52. Nxd5 exd5 53. Ra8+ Kd7 54. Rxf8 Bxf8 55. Kd3 Ke6 56. f4 Bc5 57. Nf3,c4,e6,Nf3,d5,e3,Nf6,Be2,Bd6,O-O,O-O,d4,b6,b3,Bb7,Bb2,Nbd7,Nbd2,a6,Qc2,Qe7
"Zubov,A UKR",chess.com INT,1.0,Nimzo-Larsen Attack: Classical Variation,1. b3 d5 2. Bb2 c5 3. e3 Nc6 4. f4 a6 5. Nf3 Bf5 6. d3 e6 7. Nbd2 Nf6 8. g3 Be7 9. Bg2 O-O 10. O-O h6 11. Qe2 Bh7 12. Kh1 Rc8 13. a3 b5 14. Rad1 Qb6 15. e4 c4 16. dxc4 bxc4 17. Bxf6 Bxf6 18. bxc4 dxe4 19. Nxe4 Be7 20. Rd7 Bxa3 21. Ne5 Nxe5 22. fxe5 Rc7 23. Rd3 Be7 24. Rb3 Qa5 25. Nd6 Qc5 26. Rd1 Rd8 27. h4 Rcd7 28. Qe3 Bxd6 29. exd6 Qxc4 30. Rb6 Bxc2 31. Rc6 Qb3 32. Rc3 Qa4 33. Rd4 Qa1+ 34. Kh2 Bg6 35. Qd2 e5 36. Rd5 e4 37. Bh3 f5 38. Rc7 Qf6 39. Rxd7 Rxd7 40. Qf4 Qe6 41. Rd4 h5 42. Qd2 Kh7 43. Bf1 a5 44. Bc4 Rd8 45. Bxe6,b3,d5,Bb2,c5,e3,Nc6,f4,a6,Nf3,Bf5,d3,e6,Nbd2,Nf6,g3,Be7,Bg2,O-O,O-O,h6
"Papadiamandis,Elliot",Biel SUI,1.0,Trompowsky Attack,1. d4 Nf6 2. Bg5 Ne4 3. Bf4 c5 4. f3 Qa5+ 5. c3 Nf6 6. d5 Qb6 7. Bc1 e6 8. e4 exd5 9. exd5 Bd6 10. Na3 a6 11. Nc4 Qc7 12. a4 b6 13. Bg5 Bb7 14. Qd2 b5 15. Bxf6 gxf6 16. Nxd6+ Qxd6 17. O-O-O Kd8 18. Ne2 bxa4 19. Ng3 Re8 20. Bc4 a5 21. Ne4 Rxe4 22. fxe4 Ba6 23. Qe2 a3 24. bxa3 Bxc4 25. Qxc4 Na6 26. Kc2 Nc7 27. g3 Ke7 28. Rhf1 Ne8 29. a4 h5 30. Rb1 Rc8 31. Rb7 h4 32. Qb5 hxg3 33. hxg3 Rd8 34. Qxa5 Qxg3 35. Qxc5+ Nd6 36. Rb6 Qg2+ 37. Rf2 Qxe4+ 38. Kd2,d4,Nf6,Bg5,Ne4,Bf4,c5,f3,Qa5+,c3,Nf6,d5,Qb6,Bc1,e6,e4,exd5,exd5,Bd6,Na3,a6
"Martirosyan,Haik M.",chess.com INT,1.0,Trompowsky Attack,1. d4 Nf6 2. Bg5 g6 3. Bxf6 exf6 4. c4 Bg7 5. Nc3 O-O 6. g3 d6 7. Bg2 f5 8. e3 Nd7 9. Nge2 Nf6 10. O-O h5 11. b4 h4 12. b5 hxg3 13. hxg3 Re8 14. Nf4 Bh6 15. Bf3 Kg7 16. Kg2 Ne4 17. Qc2 Ng5 18. Bd5 Qd7 19. c5 c6 20. bxc6 bxc6 21. Bb3 dxc5 22. dxc5 Qe7 23. Nce2 Ne4 24. Rac1 Qf6 25. Rh1 Ba6 26. Nd4 Rh8 27. Nfe6+ fxe6 28. Nxe6+ Kf7 29. Nc7+ Kg7 30. Nxa6 Rad8 31. Nc7 Ng5 32. f4 Qe7 33. fxg5 Bxg5 34. Ne6+,d4,Nf6,Bg5,g6,Bxf6,exf6,c4,Bg7,Nc3,O-O,g3,d6,Bg2,f5,e3,Nd7,Nge2,Nf6,O-O,h5
"Aminovs,Maksims",Riga LAT,0.5,Trompowsky Attack,1. d4 Nf6 2. Bg5 g6 3. Bxf6 exf6 4. c4 Bg7 5. g3 O-O 6. Bg2 c6 7. e3 d5 8. cxd5 cxd5 9. Nc3 Be6 10. Nge2 Nc6 11. Nf4 Qb6 12. Qd2 Rae8 13. O-O Ne7 14. Ncxd5 Nxd5 15. Nxd5 Bxd5 16. Bxd5 f5 17. Kg2 Rd8 18. Bf3 g5 19. h3 f4 20. Rac1 fxe3 21. fxe3 f5 22. Rc3 Rd7 23. Rb3 Qa6 24. Qd3 Qxa2 25. Bxb7 Rxb7 26. Rxb7 Qd5+ 27. Kg1 Qxb7 28. Rxf5 Rxf5 29. Qxf5 Qxb2 30. Qd5+ Kf8 31. Qa8+ Kf7 32. Qxa7+ Kg6 33. Qa6+ Bf6 34. Qd3+ Kg7 35. g4 Qc1+ 36. Kg2 Qb2+ 37. Kg3 Qb8+ 38. Kf3 Qh2 39. Qf1 Qd2 40. Qb1 Qc3 41. Qb7+ Kg6 42. Qe4+ Kg7 43. Qb7+ Kg6 44. Qd5 Qe1 45. Qf5+ Kg7 46. Qd7+ Kg6 47. Qe8+ Kg7 48. Ke4 Qh1+ 49. Kd3 Qxh3 50. Qd7+ Kg6 51. Qf5+ Kg7 52. d5 Qh1 53. Qd7+ Kg6 54. Qe6 Qd1+ 55. Kc4 Qc2+ 56. Kb5 Qb3+ 57. Kc6 Qc4+ 58. Kd7 Qa4+ 59. Kc7 Qa7+ 60. Kc8 Qa8+ 61. Kc7 Qa7+ 62. Kc8 Qa8+ 63. Kc7 Qa7+,d4,Nf6,Bg5,g6,Bxf6,exf6,c4,Bg7,g3,O-O,Bg2,c6,e3,d5,cxd5,cxd5,Nc3,Be6,Nge2,Nc6
"Grybkauskas,Pijus",Riga LAT,1.0,Nimzo-Larsen Attack: Classical Variation,1. b3 d5 2. Bb2 Nc6 3. Nf3 Bg4 4. h3 Bh5 5. d3 Nf6 6. Nbd2 e6 7. g3 Bc5 8. Bg2 O-O 9. O-O Qe7 10. a3 Nd7 11. b4 Bb6 12. c4 dxc4 13. dxc4 a5 14. c5 Ba7 15. Qb3 axb4 16. axb4 Rfd8 17. b5 Nxc5 18. Qc3 Nd4 19. Nxd4 Ne4 20. Nxe4 Bxd4 21. Qc2 Ba7 22. Rfc1 f5 23. Qxc7 Rd7 24. Qe5 fxe4 25. b6 Rd5 26. Qxe4 Bg6 27. Qe3 Rdd8 28. Rxa7 Rxa7 29. bxa7 Bf7 30. Qe5 Qf8 31. Bxb7 h6 32. Rc8 Rxc8 33. Bxc8 Qxc8 34. Qxg7#,b3,d5,Bb2,Nc6,Nf3,Bg4,h3,Bh5,d3,Nf6,Nbd2,e6,g3,Bc5,Bg2,O-O,O-O,Qe7,a3,Nd7
"Manukyan,Artyom",chess.com INT,1.0,English Opening: Agincourt Defense,1. c4 e6 2. g3 d5 3. Bg2 Nf6 4. b3 Be7 5. Bb2 O-O 6. Nf3 b6 7. O-O Bb7 8. e3 c5 9. d4 Nbd7 10. Nbd2 Rc8 11. Qe2 dxc4 12. Nxc4 b5 13. Nce5 Nxe5 14. dxe5 Nd7 15. Qxb5 Qc7 16. Rad1 Rfd8 17. Qa4 Nb6 18. Qg4 Rxd1 19. Rxd1 Rd8 20. Rd6 Bf8 21. Ng5 Bxg2 22. Rxd8 Qxd8 23. Qh5 h6 24. Qxf7+ Kh8 25. Nxe6 Qe7 26. Qxe7 Bxe7 27. Kxg2 Kg8 28. f4 c4 29. bxc4 Nxc4 30. Bd4 a5 31. Kf3 Kf7 32. Nc7 a4 33. e6+ Kf8 34. Nd5 Bd6 35. f5 a3 36. Ke2 h5 37. Kd3 Na5 38. Nf4 h4 39. gxh4 Nc6 40. Ng6+ Kg8 41. Bc3 Kh7 42. e4 Bc5 43. Kc4 Bd6 44. Kd5 Nb4+ 45. Kxd6,c4,e6,g3,d5,Bg2,Nf6,b3,Be7,Bb2,O-O,Nf3,b6,O-O,Bb7,e3,c5,d4,Nbd7,Nbd2,Rc8
"Ronka,E",chess.com INT,1.0,Nimzo-Larsen Attack: Modern Variation,1. b3 e5 2. Bb2 Nc6 3. c4 Nf6 4. e3 d5 5. cxd5 Nxd5 6. a3 Bd6 7. d3 O-O 8. Nd2 Kh8 9. Ngf3 f5 10. Qc2 Be6 11. h4 Qe7 12. g3 f4 13. gxf4 exf4 14. e4 Nf6 15. Rg1 Ng4 16. d4 Rg8 17. Ng5 Bd7 18. e5 Ncxe5 19. Qxh7#,b3,e5,Bb2,Nc6,c4,Nf6,e3,d5,cxd5,Nxd5,a3,Bd6,d3,O-O,Nd2,Kh8,Ngf3,f5,Qc2,Be6
"Rychagov,A",chess.com INT,0.0,Nimzo-Larsen Attack: Modern Variation,1. b3 e5 2. Bb2 d6 3. g3 Nf6 4. Bg2 Be7 5. c4 O-O 6. Nc3 c6 7. Nf3 e4 8. Nd4 d5 9. O-O Bc5 10. Na4 Bd6 11. d3 exd3 12. Qxd3 dxc4 13. bxc4 Be7 14. Rfd1 Qa5 15. Qb3 Na6 16. h3 Nc5 17. Nxc5 Bxc5 18. Bc3 Qc7 19. Rab1 Rd8 20. Qa4 Re8 21. Nb3 Qxg3 22. Nxc5 Qxc3 23. Nxb7 Bxb7 24. Rxb7 Rxe2 25. Qxc6 Rae8 26. Qc7 Rf8 27. Rxa7 Re1+ 28. Rxe1 Qxe1+ 29. Bf1 Ne4 30. Qf4 Nd2 31. Rd7 Qxf1+ 32. Kh2 Nxc4 33. Rd4 Ne5 34. Qxe5 Qxf2+ 35. Kh1 Rc8 36. Qc5 Qf3+ 37. Kh2 Qe2+ 38. Kh1 Qf1+ 39. Kh2 Qf2+ 40. Kh1 Re8 41. Qe5 Qf1+ 42. Kh2 Qf2+ 43. Kh1 Qf1+ 44. Kh2 Qe2+ 45. Qxe2 Rxe2+ 46. Kg3 g6 47. a4 Ra2 48. Kf4 Kg7 49. Ke5 g5 50. h4 h6 51. hxg5 hxg5 52. Kf5 Kh6 53. Rd6+ Kh5 54. Rd1 Rf2+ 55. Ke5 g4 56. Ra1 g3 57. a5 g2 58. Rg1 Kg4 59. a6 Kg3 60. a7 Ra2,b3,e5,Bb2,d6,g3,Nf6,Bg2,Be7,c4,O-O,Nc3,c6,Nf3,e4,Nd4,d5,O-O,Bc5,Na4,Bd6
"Vlassov,N",chess.com INT,1.0,Nimzo-Larsen Attack: Modern Variation,1. b3 e5 2. Bb2 Nc6 3. c4 f5 4. e3 Nf6 5. d4 Bb4+ 6. Bc3 Qe7 7. d5 Nb8 8. Nf3 Ne4 9. Bxb4 Qxb4+ 10. Nbd2 Nxd2 11. Qxd2 Qxd2+ 12. Kxd2 d6 13. Kc3 a5 14. a3 Nd7 15. Nd2 Nc5 16. f3 Bd7 17. Bd3 c6 18. e4 cxd5 19. exd5 O-O 20. Bc2 Rfc8 21. Rhc1 b5 22. Kb2 bxc4 23. Nxc4 Ra6 24. b4 Rb8 25. Kc3 Nb7 26. Bd3 Rba8 27. Nxa5 Nxa5 28. Bxa6 Rxa6 29. bxa5 Rxa5 30. Rd1 Kf7 31. Kb4 Ra4+ 32. Kb3 Ke7 33. g3 g5 34. Rd3 h5 35. Rc3 Rd4 36. a4 Rxd5 37. a5 Be6 38. Kc2 Rb5 39. a6 Bd5 40. a7 g4 41. fxg4 hxg4 42. a8=Q Bxa8 43. Rxa8 Ke6 44. Re8+ Kd5 45. Rd3+ Ke4 46. Rxd6 Ra5 47. Rf6 Ra2+ 48. Kc3 Rxh2 49. Rfe6,b3,e5,Bb2,Nc6,c4,f5,e3,Nf6,d4,Bb4+,Bc3,Qe7,d5,Nb8,Nf3,Ne4,Bxb4,Qxb4+,Nbd2,Nxd2
"Tahbaz,Arash",Yerevan ARM,0.0,Trompowsky Attack,1. d4 Nf6 2. Bg5 Ne4 3. Bf4 d5 4. e3 c5 5. Nd2 Nxd2 6. Qxd2 Nc6 7. Nf3 cxd4 8. exd4 Bf5 9. Ne5 Qb6 10. c3 e6 11. Bd3 Nxe5 12. Bxe5 Bxd3 13. Qxd3 f6 14. Bg3 Be7 15. O-O O-O 16. Rae1 Rfe8 17. Re2 Bd6 18. f4 Qa6 19. Qxa6 bxa6 20. Rfe1 Kf7 21. Kf2 f5 22. Ke3 a5 23. Kd3 a4 24. Rc1 Rec8 25. Rce1 Re8 26. Rf1 Rab8 27. Be1 Rb6 28. g3 Reb8 29. Rff2 h6 30. Rc2 g5 31. fxg5 hxg5 32. Bd2 g4 33. Bc1 Rc6 34. Bf4 Bxf4 35. Rxf4 Rcb6 36. Rff2 Kf6 37. Rfe2 R6b7 38. Ke3 Rb6 39. Kf2 Rb5 40. Ke1 R5b6 41. Kd1 R8b7 42. Kc1 Rc7 43. Re3 Rc8 44. Rf2 Rc7 45. Rc2 Rc8 46. Re1 Rc7 47. Rh1 Rh7 48. Rg1 Rhb7 49. Rgg2 Rc7 50. Rge2 Rc8 51. Kd2 Rcb8 52. Ke3 R6b7 53. Kf4 Rb6 54. Rf2 R6b7 55. Ke3 Rb6 56. Rfd2 R6b7 57. Kd3 Rb6 58. Re2 R6b7 59. c4 dxc4+ 60. Kxc4 Rb4+ 61. Kd3 R8b6 62. Red2 Rb8 63. Ke3 R4b7 64. Ke2 Rh8 65. Kd1 Rd8 66. Rc4 Rdb8 67. Kc1 Rb4 68. Rc6 R8b6 69. Rc3 Rd6 70. Rcd3 Rc6+ 71. Kb1 Rbc4 72. a3 Rc1+ 73. Ka2 R6c2 74. d5 exd5 75. Rxd5 Rxd2 76. Rxd2 Rh1 77. b3 Ke5 78. bxa4 Ke4 79. Kb3 Ke3 80. Rd5 f4 81. Re5+ Kf2 82. gxf4 Rxh2 83. f5 Rh5 84. Rb5 a6 85. Rc5 g3 86. Rc2+ Kf3 87. Rc3+ Kg4 88. f6 Rf5 89. Rc6 g2 90. f7 Rxf7 91. Rg6+ Kf3 92. Kb4 Rf4+ 93. Ka5 Rg4,d4,Nf6,Bg5,Ne4,Bf4,d5,e3,c5,Nd2,Nxd2,Qxd2,Nc6,Nf3,cxd4,exd4,Bf5,Ne5,Qb6,c3,e6
"Martirosyan,Haik M.",Riga LAT,1.0,Trompowsky Attack,1. d4 Nf6 2. Bg5 c5 3. d5 d6 4. Nc3 Nbd7 5. e4 a6 6. a4 g6 7. Nf3 Bg7 8. Nd2 O-O 9. Be2 Rb8 10. O-O Ne8 11. a5 h6 12. Be3 Nc7 13. Nc4 Nb5 14. Qd2 Kh7 15. f4 Nd4 16. Bd3 Nf6 17. h3 e6 18. Nb6 exd5 19. Ncxd5 Nxd5 20. Nxd5 f5 21. Rae1 Be6 22. Bxd4 Bxd4+ 23. Kh2 Bg7 24. Nb6 Qf6 25. exf5 gxf5 26. Bc4 d5 27. Bxd5 Rbd8 28. c4 Rd6 29. Qc2 Qg6 30. Rf3 Bd4 31. Rg3 Qf6 32. Rxe6 Rxe6 33. Nd7 Re1 34. Nxf6+ Rxf6 35. Rg8 Bg1+ 36. Kg3 Re3+ 37. Kh4 Bh2 38. g3 Bg1 39. Qd1 Bf2 40. Qd2 Bg1 41. Qg2 Re1 42. Rd8 Bd4 43. Bg8+ Kh8 44. Qxb7,d4,Nf6,Bg5,c5,d5,d6,Nc3,Nbd7,e4,a6,a4,g6,Nf3,Bg7,Nd2,O-O,Be2,Rb8,O-O,Ne8
"Karthikeyan,M2",Kolkata IND,1.0,Trompowsky Attack,1. d4 Nf6 2. Bg5 d5 3. Nd2 c5 4. dxc5 e6 5. e4 Nc6 6. Ngf3 dxe4 7. Bxf6 Qxf6 8. Nxe4 Qxb2 9. Rb1 Qxa2 10. Bb5 Qa5+ 11. c3 Bxc5 12. O-O Be7 13. Nd6+ Kf8 14. c4 Qc7 15. c5 Nd8 16. Qd4 b6 17. Ne8,d4,Nf6,Bg5,d5,Nd2,c5,dxc5,e6,e4,Nc6,Ngf3,dxe4,Bxf6,Qxf6,Nxe4,Qxb2,Rb1,Qxa2,Bb5,Qa5+
"Gukesh,D",Kolkata IND,0.0,Trompowsky Attack,1. d4 Nf6 2. Bg5 Ne4 3. Bf4 d5 4. f3 Nf6 5. Nc3 Bf5 6. g4 Bg6 7. h4 h6 8. h5 Bh7 9. Bg2 c5 10. e3 Nc6 11. Nge2 e6 12. O-O a6 13. Qd2 Bd6 14. Rad1 O-O 15. a3 b5 16. Nb1 Qe7 17. Bxd6 Qxd6 18. Rf2 Rfd8 19. dxc5 Qxc5 20. Nd4 Rac8 21. Qe1 e5 22. Nxc6 Qxc6 23. Nc3 d4 24. Rfd2 Re8 25. Na2 Nd5 26. exd4 exd4 27. Qf2 Ne3 28. Nb4 Nxd1 29. Rxd1 Qc5 30. Rxd4 a5 31. Nd5 Re2 32. b4 axb4 33. axb4 Qxc2 34. Qg3 Qb2 35. Rd1 Bc2 36. Nb6 Bxd1 37. Nxc8 Qxb4 38. Kh2 Qe1,d4,Nf6,Bg5,Ne4,Bf4,d5,f3,Nf6,Nc3,Bf5,g4,Bg6,h4,h6,h5,Bh7,Bg2,c5,e3,Nc6
"Tikhonov,Viacheslav",chess.com INT,0.0,Nimzo-Larsen Attack: Modern Variation,1. b3 e5 2. Bb2 d6 3. g3 c5 4. Bg2 Nc6 5. c4 g6 6. Nc3 Bg7 7. Nf3 Nge7 8. O-O O-O 9. Ne1 Be6 10. Nd5 Qd7 11. Nc2 Rab8 12. a4 Bh3 13. Nce3 Bxg2 14. Kxg2 f5 15. f4 Nxd5 16. Nxd5 Ne7 17. Nxe7+ Qxe7 18. e3 Rfd8 19. Bc3 d5 20. cxd5 Rxd5 21. Qe2 Rbd8 22. Rf2 e4 23. Qc4 Kh8 24. Rc1 b6 25. a5 Bxc3 26. Qxc3+ Qg7 27. axb6 axb6 28. Qc2 Rd3 29. Rb1 Qd7 30. Rb2 Qb5 31. h4 h5 32. Qb1 Qb4 33. Qa2 R8d7 34. Qa8+ Kg7 35. Qa1 Kh7 36. Qa2 Qb5 37. Qa4 Qxa4 38. bxa4 R7d6 39. Ra2 c4 40. Rc2 Rc6 41. a5 bxa5 42. Rf1 a4 43. Rb1 c3 44. dxc3 Rcxc3 45. Rb7+ Kh6 46. Ra2 a3,b3,e5,Bb2,d6,g3,c5,Bg2,Nc6,c4,g6,Nc3,Bg7,Nf3,Nge7,O-O,O-O,Ne1,Be6,Nd5,Qd7
"Parligras,M",Warsaw POL,0.0,English Opening: Agincourt Defense,1. Nf3 d5 2. c4 e6 3. g3 d4 4. Bg2 c5 5. d3 Nc6 6. O-O Nf6 7. e3 Bd6 8. exd4 cxd4 9. Na3 O-O 10. Re1 h6 11. Nb5 Re8 12. Nxd6 Qxd6 13. Bd2 a5 14. Rc1 e5 15. Qb3 a4 16. Qb5 Bf5 17. c5 Qc7 18. Nh4 Bh7 19. Be4 Nxe4 20. dxe4 Qd7 21. Qd3 Qe6 22. Rc4 g5 23. Nf5 Bxf5 24. exf5 e4 25. fxe6 exd3 26. e7 f6 27. f4 Kf7 28. Kf2 Rxe7 29. Rxe7+ Kxe7 30. Kf3 f5 31. Rc1 g4+ 32. Kf2 Ke6 33. Rd1 Kd5 34. Bc1 Ra5 35. h3 h5 36. hxg4 hxg4 37. Rxd3 Rxc5 38. Rd1 Rc2+ 39. Kf1 b5 40. Re1 d3 41. Rd1 Nd4 42. a3 Ke4 43. Bd2 Rxb2 44. Be1 Nc2 45. Bf2 Ne3+ 46. Bxe3 Kxe3 47. Re1+ Kf3 48. Rd1 d2,Nf3,d5,c4,e6,g3,d4,Bg2,c5,d3,Nc6,O-O,Nf6,e3,Bd6,exd4,cxd4,Na3,O-O,Re1,h6
"Socko,B",Warsaw POL,0.5,English Opening: Agincourt Defense,1. c4 e6 2. Nc3 Bb4 3. e4 Ne7 4. d4 c5 5. d5 d6 6. Bd3 Bxc3+ 7. bxc3 e5 8. f4 exf4 9. Bxf4 Ng6 10. Bg3 Nd7 11. Nf3 Nde5 12. Nxe5 Nxe5 13. Bxe5 dxe5 14. O-O O-O 15. Rb1 b6 16. Qb3 Qg5 17. Qc2 Bd7 18. Rf3 h5 19. Rbf1 Bg4 20. R3f2 h4 21. Kh1 h3 22. gxh3 Bxh3 23. Rg1 Qh4 24. Rg3 g6 25. Bf1 Bd7 26. Kg1 Kg7 27. Qe2 Rh8 28. Qf3 Raf8 29. Qg2 Rh6 30. Qf3 Rh7 31. Be2 Rh6 32. Bf1 Rhh8 33. Qg2 Rh6 34. Qf3,c4,e6,Nc3,Bb4,e4,Ne7,d4,c5,d5,d6,Bd3,Bxc3+,bxc3,e5,f4,exf4,Bxf4,Ng6,Bg3,Nd7
"Mhango,Banele",chess.com INT,1.0,Trompowsky Attack,1. d4 Nf6 2. Bg5 d5 3. Nd2 g6 4. Bxf6 exf6 5. e3 Bd6 6. g3 c6 7. Bg2 O-O 8. Ne2 a5 9. O-O a4 10. c4 a3 11. cxd5 axb2 12. Rb1 Rxa2 13. Qb3 Ra1 14. Rxa1 bxa1=Q 15. Rxa1 cxd5 16. Bxd5 Nc6 17. Ra8 Qc7 18. Ne4 Be7 19. N2c3 Nb4 20. Nxf6+ Kg7 21. Bc4 Be6 22. Ne8+ Rxe8 23. Rxe8 Bxc4 24. Rxe7 Qxe7 25. Qxc4 Nc6 26. Qd5 Qb4 27. Ne4 Qe7 28. Nc5 Nd8 29. h4 b6 30. Nd7,d4,Nf6,Bg5,d5,Nd2,g6,Bxf6,exf6,e3,Bd6,g3,c6,Bg2,O-O,Ne2,a5,O-O,a4,c4,a3
"Grandelius,N",chess.com INT,0.5,English Opening: Agincourt Defense,1. Nf3 d5 2. c4 e6 3. g3 dxc4 4. Bg2 a6 5. a4 Nc6 6. O-O e5 7. Nc3 Nf6 8. b3 cxb3 9. Qxb3 Bd6 10. d3 h6 11. Be3 O-O 12. Rfc1 Be6 13. Qb2 Rb8 14. Nd2 Nd4 15. Bxd4 exd4 16. Nce4 Nxe4 17. Nxe4 Be7 18. a5 Bf5 19. Ra4 Bxe4 20. Bxe4 c5 21. Rb1 Bd6 22. Qc2 Qc7 23. Rb6 Rfe8 24. Qb3 Re7 25. Bf3 Qd8 26. Ra2 Bc7 27. Rxb7 Rxb7 28. Bxb7 Qb8 29. Bd5 Qd8 30. Qc4 Bxa5 31. Bf3 Qb6 32. Qa4 Bc3 33. Qxa6 Qxa6 34. Rxa6 g6 35. Rc6 Bb4 36. g4 Kg7 37. Kg2 Re6 38. Rc7 Re5 39. h4 Ba5 40. Ra7 Bd8 41. Kg3 Bf6 42. Rd7 Be7 43. Be4 Re6 44. Kf3 Bxh4 45. Kg2 Re7 46. Rxe7 Bxe7 47. Bd5 Bd6 48. Kf3 f5 49. gxf5 gxf5 50. Be6 Kf6 51. Bd7 Kg5 52. Be8 h5 53. Kg2 h4 54. Kh3 Bf4 55. Bd7 Bd2 56. Bc8 Be1 57. f3 Kf4 58. Bd7 Bg3 59. Bc8 Be1 60. Bd7 Ke3 61. Bxf5 Kxe2 62. Be4 Bg3 63. Kg4 Ke3 64. Bg6 c4 65. dxc4 d3 66. c5 d2 67. Bc2 Kd4 68. c6 Kc5 69. Ba4 Kd6 70. f4 Bxf4 71. Kxf4 h3 72. Kg3 d1=Q 73. Bxd1 Kxc6 74. Kh2 Kc5 75. Kxh3,Nf3,d5,c4,e6,g3,dxc4,Bg2,a6,a4,Nc6,O-O,e5,Nc3,Nf6,b3,cxb3,Qxb3,Bd6,d3,h6
"Paravyan,D",chess.com INT,0.0,Trompowsky Attack,1. d4 Nf6 2. Bg5 d5 3. Nd2 c5 4. e3 cxd4 5. exd4 Nc6 6. c3 h6 7. Bxf6 gxf6 8. Ngf3 e5 9. Bb5 e4 10. Nh4 f5 11. Qh5 Qg5 12. Be2 Be7 13. g3 f4 14. Nf1 Be6 15. Bd1 f3 16. Bxf3 exf3 17. Qxf3 Qg4 18. Qxg4 Bxg4 19. Ne3 Be6 20. Nhg2 Bd6 21. f4 Ne7 22. Nh4 O-O-O 23. Kf2 Ng8 24. f5 Bd7 25. Ng4 h5 26. Ne5 Nh6 27. Nxd7 Kxd7 28. Rae1 Rde8 29. Kf3 Rxe1 30. Rxe1 Ng4 31. h3 Nf6 32. Ng2 Ne4 33. Ne3 Re8 34. Rg1 Kc6 35. h4 Nxg3 36. Rg2 b5 37. a3 a5 38. f6 a4 39. Nc2 Nf5 40. Rg5 Nxh4+ 41. Kf2 Re6 42. Rxh5 Rxf6+ 43. Ke2 Nf5 44. Rh8 Ng3+ 45. Ke3 Rf1 46. Nb4+ Bxb4 47. axb4 f5 48. Rh6+ Kc7 49. Rh7+ Kd6 50. Rh6+ Ke7 51. Rb6 f4+ 52. Kd2 Rf2+,d4,Nf6,Bg5,d5,Nd2,c5,e3,cxd4,exd4,Nc6,c3,h6,Bxf6,gxf6,Ngf3,e5,Bb5,e4,Nh4,f5
"Ayush,Sharma",Kanpur IND,1.0,Trompowsky Attack,1. d4 Nf6 2. Bg5 c5 3. d5 Ne4 4. Bf4 Qb6 5. Bc1 g6 6. f3 Nd6 7. e4 Bg7 8. Nd2 O-O 9. Bd3 f5 10. c4 e5 11. Ne2 f4 12. Nc3 Qd8 13. Qe2 Nf7 14. b3 d6 15. Bb2 Qh4+ 16. Kd1 g5 17. Kc2 g4 18. Rag1 Na6 19. a3 Ng5 20. Nb5 Rf6 21. g3 Qh5 22. gxf4 Rxf4 23. Nxd6 gxf3 24. Qe3 Bh3 25. Nf5 Bf6 26. Rg3 Bg2 27. Rg1 Qxh2 28. Qf2 Kf8 29. Rxg5 Bxg5 30. Bxe5 Re8 31. Bd6+ Kf7 32. Nxf3 Rxf3 33. Qxf3 Qxg1 34. Qh5+ Kf6 35. e5+ Rxe5 36. Bxe5+ Kxe5 37. Qxg5 Qf2+ 38. Kc3 Qe1+ 39. Kb2 Qf2+ 40. Bc2 Bf3 41. Nh4+,d4,Nf6,Bg5,c5,d5,Ne4,Bf4,Qb6,Bc1,g6,f3,Nd6,e4,Bg7,Nd2,O-O,Bd3,f5,c4,e5
"Matlakov,M",chess.com INT,1.0,Nimzo-Larsen Attack: Classical Variation,1. b3 d5 2. Bb2 Bf5 3. Nf3 e6 4. g3 Nf6 5. Bg2 h6 6. O-O Be7 7. c4 O-O 8. d3 c6 9. Nbd2 Bh7 10. a3 a5 11. Qc1 Nbd7 12. Qc3 Qb6 13. Ne5 Nxe5 14. Qxe5 Rfd8 15. Bd4 c5 16. Bb2 d4 17. Qf4 e5 18. Qf3 Rd7 19. Rfb1 Bd6 20. Bc1 Re8 21. Ne4 Nxe4 22. dxe4 Rdd8 23. Qd3 Ra8 24. Bd2 Qc6 25. Rb2 b6 26. Rab1 f5 27. exf5 e4 28. g4 Rad8 29. Qh3 Qc7 30. g5 hxg5 31. Bxg5 Be7 32. Bxe7 Qxe7 33. b4 axb4 34. axb4 Qg5 35. bxc5 bxc5 36. Qg3 Qxg3 37. hxg3 Bxf5 38. Rd1 e3 39. Bd5+ Be6 40. Bxe6+ Rxe6 41. f4 Kf7 42. Kg2 Kf6 43. Rb5 Rc6 44. Kf3 g5 45. Rh1 Kg6 46. Ra1 gxf4 47. gxf4 Kf6 48. Raa5 Rdc8 49. Ke4 R6c7 50. Rb6+ Kg7 51. Raa6 Re7+ 52. Kf3 Rd8 53. Rg6+ Kf7 54. Raf6+ Ke8 55. Rc6 d3 56. Rg8+ Kd7 57. Rxd8+ Kxd8 58. Rd6+ Kc7 59. Rxd3 Rh7 60. Kxe3 Kc6 61. Ke4 Rh1 62. Rc3 Re1 63. e3 Kb6 64. Kd5 Rd1+ 65. Ke6 Ka5 66. Rb3 Rc1 67. Rb5+,b3,d5,Bb2,Bf5,Nf3,e6,g3,Nf6,Bg2,h6,O-O,Be7,c4,O-O,d3,c6,Nbd2,Bh7,a3,a5
"Tabatabaei,M",chess.com INT,1.0,Trompowsky Attack,1. d4 Nf6 2. Bg5 c5 3. d5 Ne4 4. Bf4 e6 5. f3 Bd6 6. Bxd6 Nxd6 7. Nc3 b5 8. e4 b4 9. Nb5 Nxb5 10. Bxb5 Qb6 11. Bc4 Ba6 12. Qd3 exd5 13. Qxd5 Bxc4 14. Qxc4 Nc6 15. Ne2 O-O 16. O-O d5 17. exd5 Ne5 18. Qh4 Rad8 19. Rad1 c4+ 20. Qf2 Qg6 21. Ng3 Rd7 22. Rfe1 f6 23. f4 Ng4 24. Qe2 h5 25. Qxc4 h4 26. Ne4 Kh7 27. Nc5 Rd6 28. Ne6 Rf7 29. Qe4 Qxe4 30. Rxe4 Rfd7 31. Nf8+,d4,Nf6,Bg5,c5,d5,Ne4,Bf4,e6,f3,Bd6,Bxd6,Nxd6,Nc3,b5,e4,b4,Nb5,Nxb5,Bxb5,Qb6
"Lazavik,Denis",chess.com INT,0.0,Trompowsky Attack,1. d4 Nf6 2. Bg5 d5 3. Nd2 c5 4. dxc5 Nc6 5. Bxf6 gxf6 6. a3 a5 7. e4 e6 8. Ngf3 Bxc5 9. exd5 Qxd5 10. Bc4 Qd6 11. Qe2 f5 12. O-O-O Qc7 13. Nb3 Be7 14. Nbd4 Nxd4 15. Rxd4 O-O 16. Ne5 Kh8 17. f4 Bc5 18. Rdd1 f6 19. Nd3 Bd6 20. Ba2 Bd7 21. Kb1 Rae8 22. Qd2 Bc6 23. Rhe1 Be4 24. g3 Bc5 25. Qc3 b6 26. Nxc5 bxc5 27. Bc4 e5 28. Bd3 exf4 29. gxf4 Qxf4 30. Qxa5 Qe5 31. b3 Rd8 32. a4 Rd5 33. Bc4 Rxd1+ 34. Rxd1 Qxh2 35. Rc1 Qe5 36. Qd2 f4 37. a5 f3 38. Qh6 Ra8 39. Rg1 f5 40. Rh1 f4 41. Bd5 Qxd5 42. Qf6+ Kg8 43. Rg1+ Bg6 44. Rxg6+ hxg6 45. Qxg6+ Kf8 46. Qe6 Qxe6,d4,Nf6,Bg5,d5,Nd2,c5,dxc5,Nc6,Bxf6,gxf6,a3,a5,e4,e6,Ngf3,Bxc5,exd5,Qxd5,Bc4,Qd6
"Ponkratov,P",chess.com INT,1.0,Nimzo-Larsen Attack: Modern Variation,1. b3 e5 2. Bb2 Nc6 3. c4 Nf6 4. e3 d5 5. cxd5 Nxd5 6. a3 Bd6 7. Qc2 O-O 8. Nf3 Kh8 9. Nc3 Be6 10. h4 Nxc3 11. Ng5 g6 12. Nxe6 fxe6 13. Bxc3 Qf6 14. f3 Kg8 15. Qe4 Rab8 16. h5 g5 17. h6 Ne7 18. Rh5 Nf5 19. Qg4 Be7 20. f4 Qg6 21. Bxe5 Nxh6 22. Rxh6 Qxh6 23. Bc4 Bf6 24. fxg5 Qxg5 25. Bxe6+ Rf7 26. Qxg5+ Bxg5 27. Bxc7,b3,e5,Bb2,Nc6,c4,Nf6,e3,d5,cxd5,Nxd5,a3,Bd6,Qc2,O-O,Nf3,Kh8,Nc3,Be6,h4,Nxc3
"Adams,Mi",Malmo SWE,0.5,Rapport-Jobava System,1. d4 Nf6 2. Nc3 d5 3. Bf4 e6 4. Nb5 Na6 5. e3 Be7 6. Nf3 O-O 7. Ne5 Bd7 8. Be2 Be8 9. O-O c5 10. a4 Nb4 11. c3 Nc6 12. Nxc6 Bxc6 13. Nc7 Rc8 14. Nb5 Ra8 15. dxc5 Bxc5 16. a5 Qe7 17. Be5 Bxb5 18. Bxb5 Bd6 19. Bxd6 Qxd6 20. Ra4 Rfd8 21. Bd3 Rac8 22. h3 g6 23. Rb4 Rc7 24. Qe2 Qe7 25. Rd1 Rc5 26. Ra1 Kg7 27. Qd1 Qc7 28. Qb3 Rd7 29. Rb5 Rxb5 30. Qxb5 Rd6 31. Qb4 e5 32. Be2 Rc6 33. Rd1 Rc5 34. a6 bxa6 35. Bxa6 Ra5 36. Be2 Qb6 37. Qxb6 axb6 38. c4 Kf8 39. Kf1 dxc4 40. Bxc4 Ke7,d4,Nf6,Nc3,d5,Bf4,e6,Nb5,Na6,e3,Be7,Nf3,O-O,Ne5,Bd7,Be2,Be8,O-O,c5,a4,Nb4
"Vokhidov,Shamsiddin",chess.com INT,1.0,Nimzo-Larsen Attack: Classical Variation,1. b3 d5 2. Bb2 c5 3. g3 Nc6 4. Bg2 e5 5. d3 Be6 6. Nf3 Bd6 7. e4 d4 8. Nbd2 Bc7 9. O-O f6 10. Nh4 Nge7 11. f4 Qd7 12. f5 Bf7 13. a4 O-O-O 14. Nc4 Kb8 15. Qd2 Nb4 16. Ba3 Nec6 17. g4 h5 18. gxh5 Rxh5 19. Nf3 g6 20. fxg6 Bxg6 21. h3 Bf7 22. Nh2 Rg8 23. Ng4 Rhg5 24. Rxf6 Bh5 25. Raf1 Bxg4 26. hxg4 Qxg4 27. Rf8+ Bd8 28. Rxg8 Rxg8 29. Bxb4 cxb4 30. Qf2 Bg5 31. Qf3 Qh4 32. Qf7 Rh8 33. Rf3 Be3+ 34. Kf1 Qh2 35. Qg7 Bf4 36. Nd6 Qh7 37. Qxh7 Rxh7 38. Rh3 Rd7 39. Rh8+ Kc7 40. Ne8+ Kb6 41. Nf6 Rf7 42. Nd5+ Kc5 43. Ke2 Bc1 44. Bh3 Rg7 45. Rc8 Rh7 46. Bg2 a6 47. Re8 Kd6 48. Rg8 Kc5 49. Rg6 Rf7 50. Bh3 Be3 51. Nf6 Kb6 52. Be6 Rxf6 53. Rxf6 Kc5 54. Bd5 a5 55. Bxc6 bxc6 56. Re6 Bf4 57. Kf3,b3,d5,Bb2,c5,g3,Nc6,Bg2,e5,d3,Be6,Nf3,Bd6,e4,d4,Nbd2,Bc7,O-O,f6,Nh4,Nge7
"Sarana,A",chess.com INT,1.0,Rapport-Jobava System,1. d4 Nf6 2. Nc3 d5 3. Bf4 e6 4. Nb5 Na6 5. e3 c6 6. Nc3 Bb4 7. Bxa6 bxa6 8. Nf3 a5 9. O-O Ba6 10. Re1 O-O 11. Bg5 h6 12. Bh4 Be7 13. Ne5 Rc8 14. Na4 Qc7 15. Nd3 Bb5 16. Nac5 Bxd3 17. Nxd3 Ne4 18. Bxe7 Qxe7 19. Rc1 c5 20. f3 c4 21. fxe4 cxd3 22. cxd3 dxe4 23. dxe4 Qb7 24. Rxc8 Rxc8 25. Qb1 a4 26. h3 Qb5 27. Rc1 Rxc1+ 28. Qxc1 Qd3 29. e5 Qe2 30. a3 g5 31. Kh2 Kg7 32. Qc3 Kg6 33. d5 exd5 34. Qc6+ Kg7 35. Qf6+ Kg8 36. e6 fxe6 37. Qg6+ Kf8 38. Qxh6+ Kf7 39. Qxg5 Qxb2 40. Qf4+ Kg6 41. Qg4+ Kf6 42. Qd4+ Qxd4 43. exd4 e5 44. dxe5+ Kxe5 45. h4 Kf4 46. h5 d4 47. Kg1 Ke3 48. Kf1 Kd2 49. h6 d3 50. h7 Kc2 51. h8=Q d2 52. Qc8+ Kb2 53. Ke2,d4,Nf6,Nc3,d5,Bf4,e6,Nb5,Na6,e3,c6,Nc3,Bb4,Bxa6,bxa6,Nf3,a5,O-O,Ba6,Re1,O-O
"Niemann,Hans Moke",chess.com INT,0.0,Trompowsky Attack,1. d4 Nf6 2. Bg5 d5 3. e3 c6 4. c3 Qb6 5. Qb3 Bf5 6. Nd2 Nbd7 7. Ngf3 h6 8. Bxf6 Nxf6 9. Ne5 Nd7 10. Bd3 Bxd3 11. Nxd3 e6 12. c4 Be7 13. Ke2 Qa6 14. Rhc1 O-O 15. Qc2 Rfc8 16. cxd5 exd5 17. Nb3 b6 18. Kf1 c5 19. dxc5 bxc5 20. Qe2 Qd6 21. Nf4 g5 22. Nh5 Qxh2 23. Qf3 Ne5 24. Qh3 Qxh3 25. gxh3 Rab8 26. Rc2 Nd3 27. Rb1 Nb4 28. Rd2 Nxa2 29. Nc1 Nb4 30. Ne2 Rd8 31. Rbd1 c4 32. Ra1 Rb7 33. Nd4 Nd3 34. Nc6 Rd6 35. Rxa7 Rxa7 36. Nxa7 Ra6 37. Nb5 Bb4 38. Rc2 Ra1+ 39. Ke2 Ne1 40. Rc3 Bxc3 41. Nxc3 Nd3 42. Nxd5 Ra2 43. f4 Rxb2+ 44. Kf3 Rb3 45. Ke4 Nf2+ 46. Kd4 Nxh3 47. Kxc4 Rb1 48. f5 g4 49. Ndf6+ Kf8 50. Nxg4 Rg1 51. Ngf6 Nf2 52. Kd5 Ng4 53. e4 Rd1+ 54. Kc5 Nxf6 55. Nxf6 Rh1 56. Kd6 h5 57. Ke5 h4 58. Kf4 Rg1 59. Ng4 h3,d4,Nf6,Bg5,d5,e3,c6,c3,Qb6,Qb3,Bf5,Nd2,Nbd7,Ngf3,h6,Bxf6,Nxf6,Ne5,Nd7,Bd3,Bxd3
"Ganguly,S",Sharjah UAE,0.5,Rapport-Jobava System,1. d4 Nf6 2. Nc3 d5 3. Bf4 c5 4. e3 cxd4 5. exd4 a6 6. Nf3 Nc6 7. Ne5 Bd7 8. g4 h6 9. Nxc6 Bxc6 10. Qf3 e6 11. O-O-O Bb4 12. a3 Bxc3 13. Qxc3 Ne4 14. Qe1 Qh4 15. f3 Qf6 16. Qe3 Nf2 17. Qxf2 Qxf4+ 18. Kb1 h5 19. Qg3 g5 20. Qxf4 gxf4 21. g5 Rg8 22. h4 Bb5 23. Bxb5+ axb5 24. Rd3 Kd7 25. Rb3 Kc6 26. Re1 Ra4 27. c3 Rc4 28. Kc2 Ra4 29. Ra1 Rga8 30. Kd3 R4a5 31. Rb4 Kc7 32. Kc2 Kc6 33. Re1 Re8 34. Kb3 Kd6 35. Ra1 Kc6 36. a4 bxa4+ 37. Rbxa4 Rxa4 38. Rxa4 Kd6 39. Ra7 Kc6 40. Kb4 e5 41. dxe5 Rxe5 42. Ra8 Re2 43. b3 Re3 44. Rf8 Rxf3 45. Rxf7 Kd6 46. Rh7 Rg3 47. Rxh5 f3 48. Rh6+ Ke5 49. Rf6 d4 50. cxd4+ Kxd4 51. g6 Ke3 52. Re6+ Kd2 53. Rd6+ Ke2 54. Re6+ Kd2 55. Rd6+ Ke2 56. Re6+,d4,Nf6,Nc3,d5,Bf4,c5,e3,cxd4,exd4,a6,Nf3,Nc6,Ne5,Bd7,g4,h6,Nxc6,Bxc6,Qf3,e6
"Martirosyan,Haik M.",Sharjah UAE,0.5,Rapport-Jobava System,1. d4 Nf6 2. Nc3 d5 3. Bf4 e6 4. Nb5 Na6 5. e3 Be7 6. h4 O-O 7. Nf3 c6 8. Nc3 Bd7 9. h5 c5 10. h6 g6 11. dxc5 Bxc5 12. Bg5 Nb4 13. a3 Nc6 14. b4 Be7 15. b5 Nb8 16. Rb1 a6 17. a4 axb5 18. axb5 Qa5 19. Qd4 Rc8 20. Bxf6 Bxf6 21. Qxf6 Qxc3+ 22. Qxc3 Rxc3 23. Bd3 Bc8 24. Kd2 Rca3 25. Ne5 Nd7 26. Nxd7 Bxd7 27. e4 b6 28. exd5 exd5 29. Rhe1 Kf8 30. f4 R8a4 31. g3 Be6 32. Re3 Ke7,d4,Nf6,Nc3,d5,Bf4,e6,Nb5,Na6,e3,Be7,h4,O-O,Nf3,c6,Nc3,Bd7,h5,c5,h6,g6
"Harsha,B",chess24.com INT,1.0,Rapport-Jobava System,1. d4 Nf6 2. Nc3 d5 3. Bf4 e6 4. Nb5 Na6 5. e3 Be7 6. h4 c6 7. Nc3 c5 8. Nf3 Bd7 9. Ne5 Nb4 10. g4 O-O 11. dxc5 Bxc5 12. g5 Ne8 13. h5 f6 14. gxf6 Nxf6 15. Rg1 Be8 16. Bh3 Nxh5 17. Bxe6+ Kh8 18. Nxd5 Nxd5 19. Qxd5 Nxf4 20. exf4 Bxf2+ 21. Kxf2 Qh4+ 22. Rg3 Rd8 23. Nf3 Rxf4 24. Rh1 Qxh1 25. Qxd8 Rf8 26. Qe7 Qh2+ 27. Kf1 Rxf3+ 28. Rxf3 Qh1+ 29. Ke2 Qg2+ 30. Rf2 Bh5+ 31. Kd3 Bg6+ 32. Kc3 Qg3+ 33. Kc4 b5+ 34. Kd5,d4,Nf6,Nc3,d5,Bf4,e6,Nb5,Na6,e3,Be7,h4,c6,Nc3,c5,Nf3,Bd7,Ne5,Nb4,g4,O-O
"Preotu,Razvan",chess.com INT,1.0,Rapport-Jobava System,1. d4 Nf6 2. Nc3 d5 3. Bf4 g6 4. e3 Bg7 5. Nb5 Na6 6. h3 O-O 7. Nf3 Ne4 8. Bd3 c6 9. Nc3 Nxc3 10. bxc3 Qa5 11. Qd2 Nc5 12. O-O Ne4 13. Bxe4 dxe4 14. Ne5 Be6 15. Rfb1 g5 16. Bxg5 f6 17. Rxb7 Rae8 18. Nxc6 Qxg5 19. Nxe7+ Kh8 20. h4 Qxh4 21. d5 Bg4 22. d6 f5 23. d7 Rd8 24. Nc6 Bf3 25. Qd6 f4 26. Nxd8 Bxg2 27. Nf7+ Kg8 28. Kxg2 Qg4+ 29. Kf1 Qh3+ 30. Ke2 Qf3+ 31. Kd2 Qxf2+ 32. Kc1 Qe1+ 33. Qd1 Qxc3 34. d8=Q Qxa1+ 35. Rb1 Bb2+ 36. Kd2 Rxd8+ 37. Nxd8 Qxa2 38. Qg4+ Kf8 39. Qxf4+ Ke8 40. Qf7+,d4,Nf6,Nc3,d5,Bf4,g6,e3,Bg7,Nb5,Na6,h3,O-O,Nf3,Ne4,Bd3,c6,Nc3,Nxc3,bxc3,Qa5
"Bluebaum,M",chess.com INT,0.0,Rapport-Jobava System,1. d4 Nf6 2. Nc3 d5 3. Bf4 c5 4. e3 cxd4 5. exd4 a6 6. Nf3 Nc6 7. Ne5 Bd7 8. g4 e6 9. g5 Nxe5 10. Bxe5 Ng8 11. h4 Ne7 12. Qe2 Nc6 13. Nxd5 Nxe5 14. Qxe5 Bc6 15. Nc7+ Kd7 16. d5 Qxc7 17. dxc6+ Kxc6 18. Qe4+ Kb6 19. Rh3 Rd8 20. Rc3 Bc5 21. Bg2 Rd5 22. Kf1 Qd7 23. Re1 Ka7 24. Rb3 Rb8 25. Qxh7 Rf5 26. Rf3 Rxf3 27. Bxf3 g6 28. Kg2 Qd4 29. Re3 Qf4 30. Re4 Qd2 31. Re2 Qf4 32. c3 Rd8 33. Qg7 Rd3 34. Qf6 Rxf3 35. Qxf4 Rxf4 36. Kg3 Bd6 37. Kh3 Kb6 38. b3 Kc6 39. c4 b5 40. cxb5+ axb5 41. Rc2+ Kd5 42. a4 bxa4 43. bxa4 Rxa4 44. f3 Be5 45. Rd2+ Rd4 46. Ra2 Rb4 47. Ra5+ Kd6 48. Ra6+ Ke7 49. Ra5 Bd4 50. Ra2 Kf8 51. Re2 Kg7 52. Re4 Bc3 53. Re3 Bd4 54. Re4 e5 55. f4 Rb3+ 56. Kg2 Re3 57. Rxe3 Bxe3 58. fxe5 Bd4 59. Kf3 Bxe5 60. Kg4 Bb2 61. Kf4 Bc3 62. Kg4 Be1 63. Kh3 Kf8 64. Kg4 Bxh4 65. Kxh4 Ke7 66. Kg3 Ke6 67. Kf4 Kd5,d4,Nf6,Nc3,d5,Bf4,c5,e3,cxd4,exd4,a6,Nf3,Nc6,Ne5,Bd7,g4,e6,g5,Nxe5,Bxe5,Ng8
"Durarbayli,V",chess.com INT,0.5,Rapport-Jobava System,1. d4 Nf6 2. Nc3 d5 3. Bf4 c5 4. e3 Qa5 5. dxc5 Qxc5 6. Nf3 Bg4 7. Bxb8 Rxb8 8. Bb5+ Kd8 9. h3 Bxf3 10. Qxf3 e6 11. g4 h6 12. O-O-O Bd6 13. Bd3 Be5 14. Ne2 Ke7 15. h4 Qb4 16. Nd4 Bxd4 17. exd4 Qxd4 18. g5 hxg5 19. hxg5 Nd7 20. Rxh8 Rxh8 21. Bg6 Qe5 22. Qxf7+ Kd6 23. f4 Qe3+ 24. Kb1 Qf3 25. Re1 Qe3 26. Rc1 Rf8 27. Qxg7 Qxf4 28. Bd3 Qe5 29. Qg6 Rf4 30. Qh6 Rb4 31. b3 a5 32. g6 a4 33. Rg1 axb3 34. axb3 Nc5 35. Qd2 Qd4 36. Qxb4 Qxb4 37. g7 Nxb3 38. g8=Q Nc5+ 39. Ka2 Qa4+ 40. Kb2 Qb4+ 41. Kc1 Nxd3+ 42. Kd1 Nb2+ 43. Kc1 Nd3+ 44. Kd1 Nb2+ 45. Ke2 Qe4+ 46. Kf2 Qxc2+ 47. Kg3 Qc3+ 48. Kh4 Qf6+ 49. Kh5 Qf3+ 50. Rg4 Nc4 51. Kh6 Qf6+ 52. Rg6 Qh4+ 53. Kg7 Qe7+ 54. Kh6 Qh4+ 55. Kg7 Qe7+ 56. Kh6 Qh4+,d4,Nf6,Nc3,d5,Bf4,c5,e3,Qa5,dxc5,Qxc5,Nf3,Bg4,Bxb8,Rxb8,Bb5+,Kd8,h3,Bxf3,Qxf3,e6
"Dubov,Daniil",chess.com INT,0.5,Rapport-Jobava System,1. d4 Nf6 2. Nc3 d5 3. Bf4 e6 4. Nb5 Bb4+ 5. c3 Ba5 6. e3 a6 7. Na3 Nbd7 8. Nf3 O-O 9. Nb1 c5 10. dxc5 Bc7 11. Bxc7 Qxc7 12. b4 b6 13. cxb6 Nxb6 14. Be2 e5 15. O-O Bd7 16. a4 a5 17. b5 Ne4 18. Ra3 Rfd8 19. Nfd2 Nd6 20. Bd3 Rac8 21. Qh5 f5 22. Rc1 Be8 23. Qd1 Bf7 24. Qc2 e4 25. Be2 f4 26. exf4 Bg6 27. Qa2 Kh8 28. Bg4 Bf5 29. Bxf5 Nxf5 30. g3 e3 31. Nf3 Nc4 32. Rb3 Re8 33. Nd4 Qf7 34. Re1 exf2+ 35. Qxf2 Rxe1+ 36. Qxe1 Re8 37. Qf2 Qh5 38. Nf3 Re3 39. b6 Rxf3 40. b7 Rxg3+ 41. hxg3 Qd1+ 42. Kh2 Qh5+ 43. Kg1 Qd1+ 44. Kh2 Qh5+ 45. Kg1,d4,Nf6,Nc3,d5,Bf4,e6,Nb5,Bb4+,c3,Ba5,e3,a6,Na3,Nbd7,Nf3,O-O,Nb1,c5,dxc5,Bc7
"Sjugirov,S",chess.com INT,1.0,Rapport-Jobava System,1. d4 d5 2. Nc3 Nf6 3. Bf4 Bf5 4. e3 e6 5. Bd3 Bg6 6. h4 Bd6 7. h5 Bxd3 8. Qxd3 Bxf4 9. exf4 O-O 10. Nf3 c5 11. dxc5 Na6 12. O-O-O Rc8 13. h6 g6 14. Ne5 Qe7 15. a3 Qxc5 16. f3 Nb8 17. g4 Nc6 18. Qe2 d4 19. Ne4 Nxe4 20. Qxe4 Rfd8 21. Rd2 Rd5 22. Re1 b5 23. Nxf7 e5 24. Nxe5 Nxe5 25. fxe5 d3 26. c3 a5 27. Rxd3 Rxd3 28. Qxd3 b4 29. axb4 axb4 30. Qd7,d4,d5,Nc3,Nf6,Bf4,Bf5,e3,e6,Bd3,Bg6,h4,Bd6,h5,Bxd3,Qxd3,Bxf4,exf4,O-O,Nf3,c5
"Nihal,Sarin",chess.com INT,0.0,Trompowsky Attack,1. d4 Nf6 2. Bg5 d5 3. e3 c5 4. c3 Nc6 5. Nd2 cxd4 6. exd4 Bf5 7. Ngf3 e6 8. Nh4 Bg6 9. Qb3 Qc7 10. Nxg6 hxg6 11. Bxf6 gxf6 12. g3 f5 13. Bg2 Bd6 14. Qb5 f4 15. g4 O-O-O 16. Nf3 Kb8 17. O-O-O Na5 18. h4 a6 19. Qd3 Nc4 20. Bf1 Qa5 21. Kb1 Rc8 22. Nd2 Nxb2 23. Kxb2 Qa3+ 24. Ka1 Rxc3 25. Qb1 Rhc8 26. Nb3 Bb4 27. h5 Rxb3 28. Qxb3 Rc1+,d4,Nf6,Bg5,d5,e3,c5,c3,Nc6,Nd2,cxd4,exd4,Bf5,Ngf3,e6,Nh4,Bg6,Qb3,Qc7,Nxg6,hxg6
"Vocaturo,D",Chartres FRA,1.0,Rapport-Jobava System,1. d4 Nf6 2. Nc3 d5 3. Bf4 a6 4. e3 b5 5. Nf3 e6 6. Bd3 Bb7 7. Ne2 c5 8. c3 Nc6 9. Ng3 Bd6 10. Bg5 h6 11. Bxf6 gxf6 12. dxc5 Bxc5 13. b4 Bd6 14. a4 bxa4 15. Qxa4 Kf8 16. O-O h5 17. Rfc1 h4 18. Nf1 f5 19. Qd1 Rg8 20. Qe2 Ne5 21. Nxe5 Bxe5 22. f3 Qb6 23. h3 f4 24. Kh1 fxe3 25. Nxe3 Bf4 26. Re1 d4 27. Ng4 Bc7 28. Qd2 Qd6 29. Qh6+ Rg7 30. cxd4 Qxd4 31. Qh8+ Ke7 32. Qxh4+ Kf8 33. Rad1 Qxb4 34. Be4 Bxe4 35. Rxe4 Qb3 36. Red4 Qb5 37. Nf6 Bb6 38. Rd7,d4,Nf6,Nc3,d5,Bf4,a6,e3,b5,Nf3,e6,Bd3,Bb7,Ne2,c5,c3,Nc6,Ng3,Bd6,Bg5,h6
"Fressinet,L",Chartres FRA,0.5,Rapport-Jobava System,1. d4 d5 2. Nc3 Nf6 3. Bf4 c5 4. e3 cxd4 5. exd4 a6 6. Nf3 Nc6 7. Ne5 e6 8. Nxc6 bxc6 9. Na4 Bd6 10. Bxd6 Qxd6 11. c3 a5 12. Bd3 Ba6 13. Bxa6 Rxa6 14. Qe2 Ra7 15. O-O O-O 16. Rac1 Re8 17. Rfe1 Rae7 18. Qe5 Qd8 19. Nc5 Nd7 20. Nxd7 Rxd7 21. Re2 Qb8 22. Qe3 Rc8 23. h4 Qd6 24. c4 h6 25. g3 Rb8 26. c5 Qe7 27. Qc3 Rdb7 28. Rd1 Rb4 29. Kg2 a4 30. Rdd2 Qf6,d4,d5,Nc3,Nf6,Bf4,c5,e3,cxd4,exd4,a6,Nf3,Nc6,Ne5,e6,Nxc6,bxc6,Na4,Bd6,Bxd6,Qxd6
"Ju,Wenjun",chess24.com INT,1.0,Rapport-Jobava System,1. d4 Nf6 2. Nc3 d5 3. Bf4 c5 4. e3 a6 5. dxc5 Qa5 6. Nf3 Nbd7 7. Nd2 Qxc5 8. Nb3 Qc6 9. Qd4 e6 10. O-O-O Be7 11. g4 O-O 12. Be2 Nc5 13. Kb1 b5 14. g5 Nfd7 15. h4 Re8 16. Bf3 Nxb3 17. cxb3 Qb6 18. Qd2 a5 19. h5 a4 20. b4 Bb7 21. g6 Nf6 22. Be5 fxg6 23. hxg6 h6 24. a3 Nd7 25. Bd4 Qd8 26. Nxb5 Ba6 27. Nc3 Bc4 28. Rc1 Bb3 29. Bd1 e5 30. Bc5 Bxc5 31. Bxb3 axb3 32. Qxd5+ Kh8 33. Rxh6+ gxh6 34. Qf7,d4,Nf6,Nc3,d5,Bf4,c5,e3,a6,dxc5,Qa5,Nf3,Nbd7,Nd2,Qxc5,Nb3,Qc6,Qd4,e6,O-O-O,Be7
"Paravyan,D",chess.com INT,1.0,Rapport-Jobava System,1. d4 Nf6 2. Bf4 g6 3. Nc3 d5 4. e3 Bg7 5. h4 h5 6. Nf3 O-O 7. Ne5 c5 8. Qd2 cxd4 9. exd4 Nc6 10. f3 Bf5 11. Bb5 Nxe5 12. dxe5 Nd7 13. O-O-O Nxe5 14. Rhe1 Nc6 15. Bh6 Bxh6 16. Qxh6 e6 17. g4 hxg4 18. h5 Qf6 19. fxg4 Bxg4 20. Rg1 Ne5 21. Rde1 Bf5 22. Qf4 Nc6 23. Bd3 Qd4 24. Qg3 Bxd3 25. cxd3 Nb4 26. Kd2 Kg7 27. hxg6 f5 28. Rxe6 Rac8 29. Re7+ Kf6 30. Qg5#,d4,Nf6,Bf4,g6,Nc3,d5,e3,Bg7,h4,h5,Nf3,O-O,Ne5,c5,Qd2,cxd4,exd4,Nc6,f3,Bf5
"Ivanchuk,V",chess24.com INT,1.0,Trompowsky Attack,1. d4 Nf6 2. Bg5 d6 3. Nc3 Nbd7 4. e4 e5 5. Nf3 Be7 6. Bc4 c6 7. a4 O-O 8. O-O h6 9. Be3 Re8 10. Re1 Ng4 11. Bc1 exd4 12. Nxd4 Bf6 13. Nf5 Nb6 14. Bxf7+ Kxf7 15. Qxg4 Bxc3 16. bxc3 Qf6 17. Qh5+ Kf8 18. Nxd6 Re5 19. Qd1 Kg8 20. a5 Nd5 21. Nxc8 Nxc3 22. Qd7 Nxe4 23. Be3 Qf7 24. Qxf7+ Kxf7 25. Bd4,d4,Nf6,Bg5,d6,Nc3,Nbd7,e4,e5,Nf3,Be7,Bc4,c6,a4,O-O,O-O,h6,Be3,Re8,Re1,Ng4
"Gelfand,B",chess24.com INT,0.5,Rapport-Jobava System,1. d4 Nf6 2. Nc3 d5 3. Bf4 e6 4. Nb5 Bb4+ 5. c3 Ba5 6. e3 a6 7. Na3 O-O 8. Nf3 c6 9. Bd3 Bc7 10. Nb1 Nbd7 11. Nbd2 b6 12. Bg3 c5 13. Ne5 Bb7 14. Qb1 g6 15. f4 Nh5 16. Ndf3 f5 17. Bh4 Qe8 18. Rg1 Nxe5 19. Nxe5 Bxe5 20. fxe5 Bc6 21. Be2 Bb5 22. Bxh5 gxh5 23. Bf6 a5 24. h3 Qg6 25. g4 fxg4 26. Qxg6+ hxg6 27. hxg4 h4 28. Bxh4 Rf3 29. Bg5 Raf8 30. O-O-O Be2 31. Rde1 Bd3 32. Bf6 g5 33. Kd2 Rf2+ 34. Kc1 a4 35. a3 Rf7 36. Rd1 Be4 37. Rd2 Rxd2 38. Kxd2 Rh7 39. Re1 Bf3 40. c4 Rh2+ 41. Kc3 Be4 42. Rc1 cxd4+ 43. exd4 Rh3+ 44. Kd2 Rh2+ 45. Ke3 Rh3+ 46. Kf2 dxc4 47. Rxc4 Rh2+ 48. Ke3 Bd5 49. Rb4 Rg2 50. Bxg5 Rg3+ 51. Kd2 Rxg4 52. Be3 Rg2+ 53. Ke1 Bb3 54. Bf2 Kf7 55. Rxb6 Kg6 56. Ra6 Kf5 57. d5 exd5 58. e6 Rg6 59. e7 Rxa6 60. e8=Q Re6+ 61. Qxe6+ Kxe6 62. Kd2 Kd7 63. Kc3 Kc6 64. Bd4 Kb5 65. Be3 Kc6 66. Bd4 Kb5 67. Be3 Kc6 68. Bd4,d4,Nf6,Nc3,d5,Bf4,e6,Nb5,Bb4+,c3,Ba5,e3,a6,Na3,O-O,Nf3,c6,Bd3,Bc7,Nb1,Nbd7
"Wojtaszek,R",chess24.com INT,0.5,Trompowsky Attack,1. d4 Nf6 2. Bg5 d5 3. e3 c5 4. Bxf6 gxf6 5. dxc5 e6 6. Nf3 Bxc5 7. Be2 Nc6 8. O-O f5 9. c4 d4 10. b4 Bxb4 11. exd4 O-O 12. Qb3 Bd6 13. Rd1 Qf6 14. Nc3 b6 15. Nb5 Rd8 16. Nxd6 Rxd6 17. d5 Na5 18. Qe3 exd5 19. Qf4 Bd7 20. Rac1 Re8 21. c5 bxc5 22. Rxc5 Rxe2 23. Rxa5 d4 24. Rxa7 d3 25. h3 Bc6 26. Ra6 Re4 27. Qg3+ Qg6 28. Qxg6+ hxg6 29. Ne1 d2 30. Nf3 Re2 31. Rxd2 Rexd2 32. Nxd2 Rxd2 33. Rxc6 Rxa2 34. Rc8+ Kg7 35. h4 Ra1+ 36. Kh2 Ra2 37. Kg1 Ra1+ 38. Kh2 Ra2 39. Kg1,d4,Nf6,Bg5,d5,e3,c5,Bxf6,gxf6,dxc5,e6,Nf3,Bxc5,Be2,Nc6,O-O,f5,c4,d4,b4,Bxb4
"Vidit,S",chess24.com INT,0.0,Nimzo-Larsen Attack: Classical Variation,1. b3 d5 2. Bb2 Nf6 3. Nf3 Bf5 4. e3 h6 5. Bxf6 exf6 6. d4 Bd6 7. Bd3 Be6 8. c4 c6 9. Nc3 O-O 10. O-O Nd7 11. Qc2 a6 12. Bh7+ Kh8 13. Bf5 Qe7 14. Nd2 Bb4 15. Bxe6 Qxe6 16. a3 Bxc3 17. Qxc3 f5 18. cxd5 Qxd5 19. Nc4 Rfe8 20. Rfd1 Kg8 21. Rac1 Re6 22. Qa5 b5 23. Nd2 Rg6 24. g3 h5 25. h4 Re8 26. Qc7 Rge6 27. Qf4 g6 28. b4 Nf6 29. Rc2 Ne4 30. Nxe4 Rxe4 31. Qc7 f4 32. gxf4 Qf5 33. Rdd2 Qg4+ 34. Kf1 Qf3 35. Qxc6 R8e6 36. Qa8+ Re8 37. Rc8 Qh3+,b3,d5,Bb2,Nf6,Nf3,Bf5,e3,h6,Bxf6,exf6,d4,Bd6,Bd3,Be6,c4,c6,Nc3,O-O,O-O,Nd7
"Grandelius,N",chess24.com INT,1.0,Nimzo-Larsen Attack: Classical Variation,1. b3 d5 2. Bb2 c5 3. e3 Nf6 4. Nf3 g6 5. Bb5+ Bd7 6. Bxf6 exf6 7. Bxd7+ Qxd7 8. O-O Nc6 9. d4 O-O-O 10. Nc3 h5 11. dxc5 Bxc5 12. Qe2 Qe6 13. Qb5 Bd6 14. Rad1 a6 15. Qd3 Ne7 16. Nd4 Qd7 17. Nce2 Qc7 18. h3 Kb8 19. b4 Qc4 20. b5 Qxd3 21. Rxd3 Rd7 22. Rb1 Ka7 23. Kf1 Rc8 24. Ke1 Rc4 25. Rdb3 a5 26. Kd2 Kb6 27. a3 Rdc7 28. Rd3 Bc5 29. Rb2 f5 30. Nf3 Bd6 31. Kd1 Ng8 32. Nd2 R4c5 33. a4 Nf6 34. f3 Be5 35. Ra2 Re7 36. c3 Rc8 37. Kc2 Bd6 38. Ra1 Rce8 39. Nc4+ Kc7 40. b6+ Kd7 41. Nxa5 Rxe3 42. Nd4 Rxd3 43. Kxd3 Bc5 44. Nxb7 Bxb6 45. a5 Ba7 46. Nb5 Bf2 47. a6 Kc6 48. N5d6 Ra8 49. Nxf7 Nd7 50. c4 Bb6 51. Na5+ Bxa5 52. Rxa5 Nc5+ 53. Kc3 d4+ 54. Kc2 Rxa6 55. Ne5+ Kd6 56. Rxa6+ Nxa6 57. Nxg6 Nc5 58. Nf4 h4 59. Ng6 Ke6 60. Nxh4 Kf6 61. f4 Ne6 62. Kd3 Nxf4+ 63. Kxd4 Kg5 64. Ke3 Ne6 65. Nf3+ Kh5 66. Nd4,b3,d5,Bb2,c5,e3,Nf6,Nf3,g6,Bb5+,Bd7,Bxf6,exf6,Bxd7+,Qxd7,O-O,Nc6,d4,O-O-O,Nc3,h5
"Keymer,Vincent",chess24.com INT,1.0,Nimzo-Larsen Attack: Classical Variation,1. b3 d5 2. Bb2 Bg4 3. f3 Bf5 4. e4 dxe4 5. Nc3 Nf6 6. fxe4 Nxe4 7. Nxe4 Bxe4 8. Qe2 Bc6 9. O-O-O e6 10. Nf3 Qd5 11. Ne5 Nd7 12. c4 Qe4 13. Nxc6 Qxc6 14. Qf2 Nf6 15. Be2 Qb6 16. Qf3 O-O-O 17. g4 Qa5 18. a4 Bb4 19. d4 h5 20. h3 hxg4 21. hxg4 Rxh1 22. Rxh1 Qg5+ 23. Kb1 c5 24. d5 exd5 25. Bd3 Ne4 26. Qxf7 Qxg4 27. cxd5 Bc3 28. Rc1 Bxb2 29. Kxb2 Kb8 30. Qe7 Rd7 31. Qe8+ Kc7 32. Bxe4 b6 33. Qe5+ Rd6 34. Rc2,b3,d5,Bb2,Bg4,f3,Bf5,e4,dxe4,Nc3,Nf6,fxe4,Nxe4,Nxe4,Bxe4,Qe2,Bc6,O-O-O,e6,Nf3,Qd5
"Leitao,R",chess.com INT,1.0,Nimzo-Larsen Attack: Classical Variation,1. b3 d5 2. Bb2 Bf5 3. d3 e6 4. Nf3 Nf6 5. g3 h6 6. Bg2 Be7 7. O-O O-O 8. Nbd2 Bh7 9. Qe1 c5 10. e4 Nc6 11. Qe2 a5 12. a4 Nb4 13. Rac1 Re8 14. Rfe1 Bf8 15. Ne5 Nd7 16. Nxd7 Qxd7 17. Nb1 Nc6 18. Qe3 Rad8 19. h4 dxe4 20. Bxe4 Bxe4 21. Qxe4 Nd4 22. Nd2 f5 23. Qg2 e5 24. Nc4 Qc7 25. Bxd4 cxd4 26. Qf3 Bb4 27. Re2 f4 28. g4 Qe7 29. g5 hxg5 30. Rxe5 Qf6 31. Rxg5 Re7 32. Kh2 Qh6 33. Rh5 Qf6 34. Rg1 Kf7 35. Rgg5 Kg8 36. Ne5,b3,d5,Bb2,Bf5,d3,e6,Nf3,Nf6,g3,h6,Bg2,Be7,O-O,O-O,Nbd2,Bh7,Qe1,c5,e4,Nc6
"Giri,A",chess24.com INT,1.0,Rapport-Jobava System,1. d4 Nf6 2. Bf4 g6 3. Nc3 d5 4. e3 Bg7 5. h4 h5 6. Nf3 O-O 7. Qd2 c5 8. Ne5 Nc6 9. f3 cxd4 10. exd4 Bf5 11. Bb5 Nxe5 12. dxe5 Nd7 13. O-O-O Nxe5 14. Rhe1 d4 15. Bxe5 Bxe5 16. Rxe5 dxc3 17. Qxc3 Qb6 18. Qd4 Rac8 19. c3 Qxd4 20. Rxd4 Rc7 21. g4 hxg4 22. fxg4 Be6 23. a4 Kg7 24. h5 Rh8 25. Bd3 gxh5 26. gxh5 b6 27. Be2 Rc5 28. Re3 Rg5 29. b4 Kf6 30. Kd2 Rd5 31. Rxd5 Bxd5 32. c4 Bb7 33. a5 e5 34. Ra3 Rd8+ 35. Kc3 Kg5 36. Ra1 Be4 37. axb6 axb6 38. Ra6 Rb8 39. Ra7 Rf8 40. Rd7 Kf4 41. h6 Bg6 42. c5 bxc5 43. bxc5 Bf5 44. Re7 Kg5 45. Rxe5 Kf6 46. Rd5 Rh8 47. Bd3 Bxd3 48. Kxd3 Kg6 49. Rd6+ f6 50. c6 Rf8 51. Kd4 Kxh6 52. c7 Rc8 53. Rxf6+ Kg7 54. Rc6 Kf7 55. Kc5 Ke7 56. Kb6,d4,Nf6,Bf4,g6,Nc3,d5,e3,Bg7,h4,h5,Nf3,O-O,Qd2,c5,Ne5,Nc6,f3,cxd4,exd4,Bf5
"Caruana,F",chess.com INT,0.0,Rapport-Jobava System,1. d4 Nf6 2. Nc3 d5 3. Bf4 e6 4. Nb5 Na6 5. e3 Be7 6. Nf3 O-O 7. h4 c5 8. c3 Bd7 9. a4 Ne4 10. h5 h6 11. Ne5 Nb8 12. Bd3 a6 13. Na3 Nc6 14. Bxe4 dxe4 15. Nxd7 Qxd7 16. dxc5 Rfd8 17. Qxd7 Rxd7 18. Ke2 e5 19. Bg3 Bxc5 20. Nc4 Re8 21. b4 Bf8 22. b5 Na7 23. Nxe5 Rd5 24. Rhd1 Rxd1 25. Kxd1 axb5 26. Kc2 Bd6 27. Ng4 Bxg3 28. fxg3 Rc8 29. Nf2 f5 30. g4 bxa4 31. gxf5 Rc4 32. Rb1 b5 33. Rb4 Rxb4 34. cxb4 Nc6 35. Kc3 Ne7 36. Nxe4 Nxf5 37. Kd3 Kf7 38. g4 Ne7 39. Nd6+ Kf6 40. Nxb5 Nd5 41. Nc3 Nxb4+ 42. Kc4 Nc2 43. Kd3 Nb4+ 44. Kc4 Nc6 45. Kd5 Ne7+ 46. Kc4 Kg5 47. Nxa4 Kxg4 48. e4 Kxh5 49. Kc5 Kg4 50. Kd6 Ng6 51. Nc5 h5 52. e5 h4 53. e6 h3 54. Nd3 h2 55. Ne5+ Nxe5 56. e7 h1=Q 57. e8=Q Qc6+ 58. Qxc6 Nxc6 59. Kxc6 g5,d4,Nf6,Nc3,d5,Bf4,e6,Nb5,Na6,e3,Be7,Nf3,O-O,h4,c5,c3,Bd7,a4,Ne4,h5,h6
"Caruana,F",chess.com INT,0.0,Rapport-Jobava System,1. d4 Nf6 2. Nc3 d5 3. Bf4 e6 4. Nb5 Na6 5. e3 Be7 6. h4 O-O 7. Nf3 c5 8. a4 Bd7 9. Ne5 Nb4 10. g4 a6 11. Nc3 cxd4 12. exd4 Rc8 13. f3 Be8 14. Bd3 Nd7 15. g5 Nxe5 16. Bxe5 Bd6 17. f4 Bxe5 18. fxe5 Qb6 19. Rb1 Qxd4 20. Qe2 Nc6 21. h5 Qxe5 22. g6 fxg6 23. hxg6 Bxg6 24. Bxg6 hxg6 25. Qxe5 Nxe5 26. Ke2 d4,d4,Nf6,Nc3,d5,Bf4,e6,Nb5,Na6,e3,Be7,h4,O-O,Nf3,c5,a4,Bd7,Ne5,Nb4,g4,a6
"Vidit,S",Kolkata IND,0.5,Nimzo-Larsen Attack: Classical Variation,1. b3 d5 2. Bb2 c5 3. Nf3 f6 4. e4 dxe4 5. Nh4 g6 6. Qe2 Bg7 7. Qxe4 f5 8. Qa4+ Bd7 9. Bxg7 Bxa4 10. bxa4 Nf6 11. Bxh8 Qd4 12. Nc3 Qxh4 13. Rb1 Nbd7 14. Rxb7 Kf7 15. Bxf6 Nxf6 16. Be2 Qd4 17. a5 Ne4 18. O-O Nxd2 19. Nb5 Qa4 20. Rd1 Qxc2 21. a6 Rd8 22. h3 Nf3+ 23. gxf3 Rxd1+ 24. Bxd1 Qxd1+ 25. Kg2 Qa4 26. Nc7 c4 27. Rxa7 c3 28. Nd5 Qc6 29. Rxe7+ Kf8 30. Nb4 c2 31. Nxc6 c1=Q 32. a7 Qg5+ 33. Kf1 Qc1+ 34. Kg2 Qg5+ 35. Kh1 Qc1+ 36. Kg2,b3,d5,Bb2,c5,Nf3,f6,e4,dxe4,Nh4,g6,Qe2,Bg7,Qxe4,f5,Qa4+,Bd7,Bxg7,Bxa4,bxa4,Nf6
"Sethuraman,S",Kolkata IND,0.0,Rapport-Jobava System,1. d4 Nf6 2. Nc3 d5 3. Bf4 g6 4. e3 Bg7 5. Nb5 Na6 6. h3 c6 7. Nc3 Nc7 8. Nf3 O-O 9. Bd3 c5 10. O-O b6 11. a4 Bb7 12. Be5 Ne4 13. Ne2 Ne6 14. c3 a6 15. Bxg7 Kxg7 16. Qb1 Nd6 17. Nd2 b5 18. b3 Bc6 19. Qa2 Qb6 20. Rfc1 Rfc8 21. Rab1 Qa7 22. Qa1 Kg8 23. h4 Qd7 24. Bc2 cxd4 25. cxd4 b4 26. Nf3 Bb7 27. h5 Qe8 28. a5 Bc6 29. Bd3 Bb5 30. Bxb5 Qxb5 31. Qa2 Nb7 32. Ne5 f6 33. Ng4 Qxa5 34. Qd2 Qb5 35. Nf4 Nxf4 36. exf4 Nd6 37. Qe3 Qd7 38. Qh3 Nf5 39. Re1 Rc3 40. g3 Kg7 41. Kg2 Rh8 42. Ra1 Qc8 43. Rh1 h6 44. Rae1 Rxb3 45. hxg6 h5 46. Nh2 Rc3 47. Nf3 Rc7 48. Ra1 b3 49. Nh4 Nxh4+ 50. Qxh4 b2 51. Rab1 Rb7 52. Rhe1 Qf5 53. f3 Qc2+ 54. Kg1 a5 55. Qh3 a4 56. Qe6 Qxg6 57. Qxd5 Rhb8 58. Kf2 a3 59. f5 Qf7 60. Re6 Ra7 61. Qa2 Qe8 62. Rbe1 Qd8 63. Kg2 Kf8 64. d5 Rb6 65. R6e4 Qb8 66. Rb1 Rb4 67. Re3 h4 68. f4 Rba4 69. Rh1 Rb7 70. d6 Qxd6 71. Rxh4 Qc6+ 72. Kf2 Qc2+ 73. Kf3 Qc4 74. Qb1 Qd5+ 75. Kf2 a2 76. Qc2 Rc4 77. Qe2 b1=Q 78. Rh8+ Qg8 79. Rxg8+ Kxg8 80. Qxc4+ Kg7 81. Qc5 Rb2+ 82. Kf3 Qd1+ 83. Ke4 Rb7,d4,Nf6,Nc3,d5,Bf4,g6,e3,Bg7,Nb5,Na6,h3,c6,Nc3,Nc7,Nf3,O-O,Bd3,c5,O-O,b6
"Vidit,S",Kolkata IND,0.5,Trompowsky Attack,1. d4 Nf6 2. Bg5 d5 3. e3 c5 4. Bxf6 gxf6 5. dxc5 e6 6. Nf3 Bxc5 7. Be2 Nc6 8. O-O e5 9. a3 a6 10. Nbd2 Rg8 11. Kh1 Be6 12. Rc1 Ba7 13. b4 e4 14. Ne1 f5 15. c3 h5 16. b5 axb5 17. Bxb5 h4 18. Nb3 Bb8 19. f4 Rxa3 20. Nd4 Bd7 21. Ne2 Qb6 22. Rb1 Qc5 23. Nc2 Ra2 24. Ncd4 Bd6 25. Qb3 Rd2 26. Qa4 Ke7 27. Bxc6 bxc6 28. Rb7 Rxe2 29. Nxe2 Qxe3 30. Qxc6 Rd8 31. Nd4 Qd3 32. Nxf5+ Ke8 33. Ng7+ Ke7 34. Rg1 h3 35. Nf5+ Ke8 36. Ng7+ Ke7 37. Rxd7+ Rxd7 38. Nf5+ Kf6 39. Qxd7 hxg2+ 40. Rxg2 Qf1+ 41. Rg1,d4,Nf6,Bg5,d5,e3,c5,Bxf6,gxf6,dxc5,e6,Nf3,Bxc5,Be2,Nc6,O-O,e5,a3,a6,Nbd2,Rg8
"So,W",Kolkata IND,1.0,Rapport-Jobava System,1. d4 Nf6 2. Nc3 d5 3. Bf4 e6 4. Nb5 Na6 5. e3 Be7 6. Nf3 O-O 7. h4 c6 8. Nc3 Qb6 9. Rb1 c5 10. a3 Bd7 11. Ne5 Nb8 12. g4 Bc6 13. g5 Ne4 14. Nxe4 dxe4 15. Rh3 Nd7 16. Nxc6 Qxc6 17. h5 cxd4 18. exd4 Qd5 19. Rg3 Rad8 20. c4 Qf5 21. Qg4 Qxg4 22. Rxg4 f5 23. Rg3 Nb8 24. Rd1 Bd6 25. Bxd6 Rxd6 26. c5 Rd5 27. Bc4 Rfd8 28. Rb3 R8d7 29. Bxd5 exd5 30. f4 Nc6 31. Ke2 Kf7 32. Rg3 Ke6 33. b4 a6 34. Rb3 b5 35. cxb6 Rb7 36. Ke3 Rxb6 37. Rc3 Kd6 38. Rdc1 Kd7 39. Rc5 Kd6 40. R1c3 h6 41. gxh6 gxh6 42. Rc1 Ne7 43. Rg1,d4,Nf6,Nc3,d5,Bf4,e6,Nb5,Na6,e3,Be7,Nf3,O-O,h4,c6,Nc3,Qb6,Rb1,c5,a3,Bd7
"Ju,Wenjun",Danzhou CHN,1.0,Trompowsky Attack,1. d4 Nf6 2. Bg5 d5 3. e3 c5 4. Bxf6 gxf6 5. dxc5 e6 6. Nf3 Bxc5 7. Be2 Nc6 8. O-O O-O 9. c4 d4 10. b4 Bxb4 11. exd4 Re8 12. Qb3 Bf8 13. Rd1 f5 14. Nc3 Bg7 15. Rac1 b6 16. c5 Bb7 17. Nb5 Na5 18. Qa3 Re7 19. Ne5 Bd5 20. Qg3 bxc5 21. dxc5 Qb8 22. f4 f6 23. Nf3 Nc6 24. Nc3 Be4 25. Bb5 Qc7 26. Rd6 Nb4 27. Nxe4 fxe4 28. Nd4 Nxa2 29. Nxe6 Qa5 30. Rcd1 Nc3 31. Rd8+ Rxd8 32. Rxd8+ Qxd8 33. Nxd8 e3 34. Bc4+ Kf8 35. Qe1 f5 36. Ne6+ Rxe6 37. Bxe6 Bd4 38. c6 e2+ 39. Kh1 Ne4 40. c7 Nf2+ 41. Qxf2 Bxf2 42. c8=Q+ Kg7 43. Qg8+,d4,Nf6,Bg5,d5,e3,c5,Bxf6,gxf6,dxc5,e6,Nf3,Bxc5,Be2,Nc6,O-O,O-O,c4,d4,b4,Bxb4
"Sadhwani,Raunak",Almaty KAZ,1.0,Nimzo-Larsen Attack: Modern Variation,1. b3 e5 2. Bb2 Nc6 3. e3 Nf6 4. Nf3 e4 5. Nd4 Bc5 6. Nf5 g6 7. Ng3 d5 8. Bb5 h5 9. Nc3 O-O 10. h3 Nb8 11. d4 Bd6 12. Qd2 c6 13. Be2 Qe7 14. O-O-O b5 15. Rdg1 Nbd7 16. Nf1 Nb6 17. f4 a5 18. g4 h4 19. Qe1 Ne8 20. g5 a4 21. Bd1 Ba3 22. Nb1 axb3 23. cxb3 Bb4 24. Qxh4 Rxa2 25. Rg2 Ng7 26. Rc2 Bd7 27. Qf2 Rc8 28. h4 c5 29. dxc5 Rxc5 30. h5 d4 31. Bxd4 Rcxc2+ 32. Bxc2 Ba3+ 33. Nxa3 Qxa3+ 34. Kb1 Na4 35. h6 Rb2+ 36. Kc1 Qa1+ 37. Kd2 Rxc2+ 38. Kxc2 Qa2+ 39. Kc1 Qxf2 40. h7+,b3,e5,Bb2,Nc6,e3,Nf6,Nf3,e4,Nd4,Bc5,Nf5,g6,Ng3,d5,Bb5,h5,Nc3,O-O,h3,Nb8
"Carlsen,M",Almaty KAZ,0.5,Rapport-Jobava System,1. d4 Nf6 2. Nc3 d5 3. Bf4 a6 4. e3 b5 5. h4 h5 6. Nf3 e6 7. Bd3 Bb7 8. Ne2 c5 9. c3 Nbd7 10. Ng5 Qb6 11. a4 c4 12. Bc2 Bd6 13. O-O Ne4 14. Bxe4 dxe4 15. Ng3 Be7 16. Qc2 Qc6 17. Qxe4 Nb6 18. axb5 axb5 19. Qxc6+ Bxc6 20. e4 O-O 21. Nxh5 Bxg5 22. hxg5 Bxe4 23. Be5 Rxa1 24. Rxa1 Ra8 25. Rxa8+ Bxa8 26. Bd6 Kh7 27. Nf4 Be4 28. f3 Bc2 29. Kf2 Nd5 30. Nh5 Kg6 31. g4 f5 32. Kg3 fxg4 33. fxg4 Kf7 34. Nf4 Nxf4 35. Kxf4 g6 36. Ke5 Bd1 37. Bc5 Bxg4 38. Kd6 Bd1 39. Kc6 Ba4 40. Bb4 Ke8 41. Kd6 Kf7 42. d5 exd5 43. Kxd5 Bb3 44. Kc6,d4,Nf6,Nc3,d5,Bf4,a6,e3,b5,h4,h5,Nf3,e6,Bd3,Bb7,Ne2,c5,c3,Nbd7,Ng5,Qb6
"Vachier Lagrave,M",Almaty KAZ,1.0,Rapport-Jobava System,1. d4 Nf6 2. Bf4 g6 3. Nc3 d5 4. e3 Bg7 5. h4 h5 6. Nf3 Bg4 7. Qd2 Bxf3 8. gxf3 c6 9. O-O-O Nbd7 10. e4 e6 11. Rg1 Nb6 12. Kb1 O-O 13. Bg5 Qc7 14. Bd3 Nc4 15. Bxc4 dxc4 16. f4 Kh7 17. f3 b5 18. Qg2 Qd7 19. Qh3 b4 20. Na4 Ng8 21. Nc5 Qc8 22. e5 a5 23. Qf1 c3 24. bxc3 Nh6 25. Bxh6 Bxh6 26. c4 Bxf4 27. Ne4 c5 28. Qd3 Qc7 29. Nf6+ Kh8 30. Qe4 Bh6 31. dxc5 Rad8 32. c6 Bg7 33. Nd7 Rfe8 34. Rd6 Rc8 35. c5 Qa7 36. f4 a4 37. Nb6 b3 38. Qxa4 bxa2+ 39. Qxa2 Qe7 40. Rg5 Rc7 41. Qc4 Rb8 42. c3 Qe8 43. Qe4 Bf8 44. Kc2 Ra7 45. Rg1 Be7 46. Rh1 Bd8 47. Qd4 Rc7 48. Qa4 Qe7 49. Nd7 Rbc8 50. Nf6 Qf8 51. Rb1 Be7 52. Rb6 Ra8 53. Ra6 Rac8 54. Kd3 Kg7 55. Ke2 Rb8 56. Kf3 Qc8 57. Nd7 Bxh4 58. Nxb8 Qxb8 59. Rb6 Qh8 60. Rb7 Bd8 61. Qa8 h4 62. Rxd8,d4,Nf6,Bf4,g6,Nc3,d5,e3,Bg7,h4,h5,Nf3,Bg4,Qd2,Bxf3,gxf3,c6,O-O-O,Nbd7,e4,e6
"Petrov,N",Almaty KAZ,0.5,Nimzo-Larsen Attack: Classical Variation,1. b3 d5 2. Bb2 Bg4 3. f3 Bd7 4. d4 Nf6 5. Nc3 e6 6. e4 c5 7. exd5 exd5 8. Nge2 Nc6 9. Qd2 cxd4 10. Nxd4 Bc5 11. Nxc6 bxc6 12. O-O-O O-O 13. Bd3 Re8 14. Rhe1 Qa5 15. Na4 Qxd2+ 16. Kxd2 Bb4+ 17. Bc3 Bd6 18. Bd4 Bxh2 19. Nc5 Be6 20. Rh1 Bd6 21. Kc3 h6 22. Ba6 Rab8 23. a4 Bc8 24. Bd3 a5 25. Rde1 Rxe1 26. Rxe1 Kf8 27. g4 Nd7 28. Nxd7+ Bxd7 29. Kd2 Bb4+ 30. Bc3 c5 31. Bxb4 Rxb4 32. Re5 Bc6 33. c4 Rxb3 34. cxd5 Bxa4 35. d6 Rb2+ 36. Kc3 Rb3+ 37. Kd2 Rb2+ 38. Ke3 Rb6 39. Rd5 Bd7 40. Rxc5 Rxd6 41. Rxa5 g6 42. Ra7 Be6 43. Be4 Kg7 44. Kf4 Rb6 45. Kg3 g5 46. Rc7 Rb4 47. Ra7 Kf6 48. Ra8 Kg7 49. Ra7 Rb8 50. Rc7 Rh8 51. Rc5 Kf6 52. Rc7 h5 53. gxh5 Rxh5 54. Rc5 Rh8 55. Ra5 Rh3+ 56. Kg2 Rh8 57. Kg3 Rc8 58. Rb5 Rc1 59. Ra5 Rc8 60. Rb5 Rd8 61. Ra5,b3,d5,Bb2,Bg4,f3,Bd7,d4,Nf6,Nc3,e6,e4,c5,exd5,exd5,Nge2,Nc6,Qd2,cxd4,Nxd4,Bc5
"Shankland,S",Almaty KAZ,0.0,Nimzo-Larsen Attack: Modern Variation,1. b3 e5 2. Bb2 Nc6 3. e3 Nf6 4. Nf3 e4 5. Nd4 Nxd4 6. Bxd4 Be7 7. c4 b6 8. Be2 Bb7 9. Qc2 O-O 10. O-O Re8 11. f3 c5 12. Bb2 exf3 13. Bxf3 Bxf3 14. Rxf3 d5 15. d3 d4 16. exd4 cxd4 17. Nd2 Bc5 18. Nf1 Ng4 19. h3 Ne3 20. Qf2 Qd7 21. Ng3 Re6 22. a3 a5 23. Nh5 Rae8 24. Rf4 Rg6 25. Ng3 Bd6 26. Rxd4 Bxg3 27. Qxe3 Rxe3 28. Rxd7 h5 29. Rf1 f6 30. Rd8+ Kh7 31. Rd5 Re2 32. Rxh5+ Kg8 33. Bd4 Bh2+ 34. Kh1 Rgxg2 35. Bxb6 Bd6 36. Bg1 Rg3 37. c5 Bc7 38. Bf2 Rxd3 39. b4 axb4 40. axb4 g6 41. Rh4 g5 42. Rc4 Rxh3+ 43. Kg2 Rg3+ 44. Kh1 Rh3+ 45. Kg2 Rg3+ 46. Kh1 Rb3 47. c6 Kf7 48. Rd4 Be5 49. Rd7+ Kg6 50. b5 Rxb5 51. c7 Rc2 52. Bg1 Rb3 53. Bf2 Rxc7 54. Rd8 Rc2 55. Rg8+ Kf7 56. Ra8 Rf3 57. Kg2 g4 58. Ra4 f5 59. Ra5 Bd4,b3,e5,Bb2,Nc6,e3,Nf6,Nf3,e4,Nd4,Nxd4,Bxd4,Be7,c4,b6,Be2,Bb7,Qc2,O-O,O-O,Re8
"Yilmaz,M",Almaty KAZ,1.0,Rapport-Jobava System,1. d4 Nf6 2. Nc3 d5 3. Bf4 e6 4. Nb5 Na6 5. e3 Be7 6. Nf3 O-O 7. h4 c5 8. c3 Bd7 9. a4 c4 10. b3 cxb3 11. Bd3 b2 12. Rb1 Ne4 13. Rxb2 Rc8 14. Ng5 f5 15. Bxe4 fxe4 16. Qh5 h6 17. Qg6 Bxg5 18. hxg5 Qe8 19. Qxe8 Bxe8 20. gxh6 Bxb5 21. axb5 Nc7 22. hxg7 Rfe8 23. Bxc7,d4,Nf6,Nc3,d5,Bf4,e6,Nb5,Na6,e3,Be7,Nf3,O-O,h4,c5,c3,Bd7,a4,c4,b3,cxb3
"Hovhannisyan,R",Almaty KAZ,1.0,Rapport-Jobava System,1. d4 d5 2. Nc3 Nf6 3. Bf4 c5 4. e3 cxd4 5. exd4 a6 6. Nf3 Nc6 7. Ne5 e6 8. Nxc6 bxc6 9. Na4 Bd6 10. Bg3 a5 11. Bd3 Ba6 12. O-O Bxd3 13. Qxd3 O-O 14. Rac1 Bxg3 15. hxg3 h5 16. c4 g6 17. b3 Ne4 18. Nc3 Nxc3 19. Rxc3 Qd7 20. Rfc1 dxc4 21. Rxc4 Rfd8 22. Qe3 Ra6 23. Ra4 Rb6 24. Rcc4 Rb5 25. Qc3 Qd5 26. Rxc6 Qe4 27. f3 Qe2 28. Kh2 Rbd5 29. Qc2 Qe1 30. Qc1 Qf2 31. Rc2 Qxd4 32. Rxd4 Rxd4 33. Rc8,d4,d5,Nc3,Nf6,Bf4,c5,e3,cxd4,exd4,a6,Nf3,Nc6,Ne5,e6,Nxc6,bxc6,Na4,Bd6,Bg3,a5
"Pichot,A",chess.com INT,1.0,Rapport-Jobava System,1. d4 d5 2. Nc3 Nf6 3. Bf4 e6 4. Nb5 Na6 5. e3 Be7 6. Nf3 O-O 7. h4 c6 8. Nc3 Qa5 9. Be2 Ne4 10. O-O Nxc3 11. bxc3 Qxc3 12. Rb1 Nb4 13. a3 Na6 14. Bxa6 bxa6 15. Ne5 Bd6 16. Qg4 Bxe5 17. Bxe5 f6 18. Bd6 Rf7 19. Qe2 e5 20. Rb3 Qc4 21. Qd2 Bf5 22. Rfb1 h6 23. Rc3 Qa4 24. Rb4 Qa5 25. dxe5 fxe5 26. Rxc6 Re8 27. Bxe5 Qxa3 28. Bb2 Qa5 29. Qc3 Kh7 30. Rc5 Qd8 31. Rf4 Qd7 32. Qa5 Be4 33. f3 Bxf3 34. Rxf3 Rxf3 35. gxf3 Qh3 36. Qc7,d4,d5,Nc3,Nf6,Bf4,e6,Nb5,Na6,e3,Be7,Nf3,O-O,h4,c6,Nc3,Qa5,Be2,Ne4,O-O,Nxc3
"Yoo,Christopher Woojin",chess.com INT,1.0,Trompowsky Attack,1. d4 Nf6 2. Bg5 d5 3. e3 c5 4. Bxf6 gxf6 5. dxc5 e6 6. Nf3 Bxc5 7. Be2 Nc6 8. O-O e5 9. c4 dxc4 10. Qc2 Be6 11. Bxc4 Qe7 12. Nbd2 O-O-O 13. Rfc1 Bb6 14. Bb5 Kb8 15. Bxc6 Rc8 16. Qe4 bxc6 17. Rxc6 Rxc6 18. Qxc6 Qb4 19. Qc2 Rc8 20. Qxh7 Qxb2 21. Rf1 Qc2 22. Qh4 f5 23. Qb4 Qc5 24. Qxc5 Rxc5 25. Nb3 Rb5 26. h4 f6 27. Rd1 Kc7 28. h5 Bf7 29. h6 Bg6 30. Nbd2 Rd5 31. Rc1+ Kd7 32. Nf1 Rc5 33. Rd1+ Ke6 34. Ng3 Bh7 35. Nh5 f4 36. exf4 e4 37. Ng7+ Ke7 38. Nd4 Rh5 39. Nxh5,d4,Nf6,Bg5,d5,e3,c5,Bxf6,gxf6,dxc5,e6,Nf3,Bxc5,Be2,Nc6,O-O,e5,c4,dxc4,Qc2,Be6
"Tan,Jun Ying",chess.com INT,1.0,Nimzo-Larsen Attack: Classical Variation,1. b3 d5 2. Bb2 c6 3. Nf3 Bf5 4. d3 e6 5. Nbd2 Nf6 6. Nh4 Bg6 7. g3 Nbd7 8. Bg2 Be7 9. O-O O-O 10. Nxg6 hxg6 11. e4 Qc7 12. Qe2 a5 13. e5 Ne8 14. a3 a4 15. b4 c5 16. b5 Qa5 17. c4 Nb6 18. h4 Qa7 19. f4 dxc4 20. dxc4 Rd8 21. Ne4 Nc7 22. Rac1 Qa5 23. h5 gxh5 24. Qxh5 Nxc4 25. Rxc4 Qxb5 26. Rc2 Nd5 27. Nf6+ Nxf6 28. exf6 Bxf6 29. Bxf6 gxf6 30. Be4 Rfe8 31. Qh6 f5 32. Rh2 f6 33. Qxf6 Qxf1+ 34. Kxf1 Rd1+ 35. Ke2 fxe4 36. Rh8#,b3,d5,Bb2,c6,Nf3,Bf5,d3,e6,Nbd2,Nf6,Nh4,Bg6,g3,Nbd7,Bg2,Be7,O-O,O-O,Nxg6,hxg6
"Sjugirov,S",chess.com INT,1.0,Nimzo-Larsen Attack: Classical Variation,1. b3 d5 2. Bb2 Bf5 3. Nf3 e6 4. c4 Nf6 5. Nh4 Bg4 6. h3 Bh5 7. g4 Bg6 8. Nxg6 hxg6 9. Bg2 c6 10. e3 Nbd7 11. Nc3 Bd6 12. Qe2 Qe7 13. O-O-O Ba3 14. d4 Bxb2+ 15. Kxb2 dxc4 16. bxc4 Qb4+ 17. Kc2 Rb8 18. Rb1 Qa5 19. Rb3 O-O 20. Rhb1 Qc7 21. g5 Ne8 22. h4 Nd6 23. h5 c5 24. d5 Ne5 25. dxe6 fxe6 26. hxg6 Nxg6 27. f4 Qf7 28. Rh1 Rfd8 29. Kb2 a6 30. a4 b5 31. axb5 axb5 32. Nxb5 Nxc4+ 33. Qxc4 Rd2+ 34. Kc1 Rxg2 35. Nd6 Rxb3 36. Nxf7 Ra3 37. Kb1 Kxf7 38. f5 Nf8 39. g6+ Kf6 40. Qh4+ Ke5 41. Qf4+ Kf6 42. fxe6+,b3,d5,Bb2,Bf5,Nf3,e6,c4,Nf6,Nh4,Bg4,h3,Bh5,g4,Bg6,Nxg6,hxg6,Bg2,c6,e3,Nbd7
"Bluebaum,M",chess.com INT,0.5,Nimzo-Larsen Attack: Classical Variation,1. b3 d5 2. Bb2 c5 3. e3 a6 4. Nf3 Nc6 5. d4 cxd4 6. Nxd4 Nf6 7. Nd2 e6 8. c4 Bd6 9. Be2 e5 10. cxd5 exd4 11. dxc6 dxe3 12. fxe3 bxc6 13. O-O Be7 14. Nc4 Be6 15. Qxd8+ Rxd8 16. Rad1 O-O 17. Ne5 Bc5 18. Bd4 Bxd4 19. exd4 Rd6 20. Rc1 Rxd4 21. Nxc6 Rd2 22. Bxa6 Rxa2 23. Bc4 Bxc4 24. Rxc4 Rb2 25. b4 Re8 26. Rd1 h6 27. Rd8 Rxd8 28. Nxd8 Nd5 29. Rc8 Nxb4 30. Ne6+ Kh7 31. Nf8+ Kg8 32. Ne6+ Kh7 33. Nf8+ Kg8 34. Nd7+ Kh7 35. Nf8+,b3,d5,Bb2,c5,e3,a6,Nf3,Nc6,d4,cxd4,Nxd4,Nf6,Nd2,e6,c4,Bd6,Be2,e5,cxd5,exd4
"Pranav,V",chess.com INT,0.0,Trompowsky Attack,1. d4 Nf6 2. Bg5 Ne4 3. Bf4 c5 4. f3 Qa5+ 5. c3 Nf6 6. d5 Qb6 7. Bc1 e6 8. e4 exd5 9. exd5 Bd6 10. Na3 O-O 11. Ne2 Re8 12. g4 Bf8 13. Nc4 Qa6 14. Ne3 b5 15. Ng3 Bb7 16. Kf2 Rxe3 17. Bxe3 Nxd5 18. Bc1 c4 19. Ne4 Qb6+ 20. Kg2 Na6 21. a4 Nc5 22. Nxc5 Bxc5 23. axb5 Qxb5 24. Qe2 Qc6 25. Qe4 Qf6 26. g5 Qd6 27. Kh3 Bc6 28. Qxc4 Be3 29. Bxe3 Nxe3 30. Qd3 Qf4 31. Be2 Bxf3 32. Rhg1 Be4 33. Qd4 Re8 34. Bg4 Nxg4 35. Rxg4 Qf3+ 36. Kh4 Qe2 37. h3 Bf5 38. Rf4 g6 39. Rxa7 Qh5+ 40. Kg3 Qxh3+ 41. Kf2 Qh2+ 42. Kf3 Qe2+ 43. Kg3 Re3+,d4,Nf6,Bg5,Ne4,Bf4,c5,f3,Qa5+,c3,Nf6,d5,Qb6,Bc1,e6,e4,exd5,exd5,Bd6,Na3,O-O
"Eljanov,P",chess.com INT,0.5,Rapport-Jobava System,1. d4 Nf6 2. Nc3 d5 3. Bf4 e6 4. Nb5 Na6 5. e3 c6 6. Nc3 Bb4 7. Bxa6 bxa6 8. Nf3 Ne4 9. O-O Bxc3 10. bxc3 O-O 11. Ne5 f6 12. Nxc6 Qe8 13. Na5 Qb5 14. Bc7 Rf7 15. a4 Qe8 16. Bg3 Nxc3 17. Qe1 Nxa4 18. c4 Bd7 19. Qb4 Nb6 20. c5 Nc8 21. Rfc1 Ne7 22. Nb7 Rf8 23. Rxa6 Qg6 24. Na5 Bc8 25. Rd6 Nf5 26. Rc6 h5 27. Bd6 Rf7 28. Qe1 Nh4 29. Bg3 Nf5 30. f3 Bd7 31. Rc7 Bb5 32. Rxf7 Qxf7 33. c6 Rc8 34. Qb4 a6 35. Bf2 Qf8 36. Qxf8+ Kxf8 37. e4 Ne7 38. c7 Nc6 39. Nb3 Rxc7 40. Nc5 Kf7 41. Rb1 Ne7 42. Be3 Rc6 43. Kf2 Nc8 44. Bd2 Nd6 45. Bb4 Nc4 46. h4 Rb6 47. Ra1 Nb2 48. Ke3 Nc4+ 49. Kf2 Nb2 50. Ke3 Nc4+ 51. Kf2,d4,Nf6,Nc3,d5,Bf4,e6,Nb5,Na6,e3,c6,Nc3,Bb4,Bxa6,bxa6,Nf3,Ne4,O-O,Bxc3,bxc3,O-O
"Fier,A",chess.com INT,0.0,Rapport-Jobava System,1. d4 d5 2. Nc3 Nf6 3. Bf4 e6 4. Nb5 Bb4+ 5. c3 Ba5 6. e3 a6 7. Na3 O-O 8. Bd3 Nbd7 9. Nf3 c5 10. Bd6 Re8 11. dxc5 Bc7 12. Bxc7 Qxc7 13. b4 b6 14. c6 Qxc6 15. Rc1 b5 16. O-O e5 17. Be2 Nb6 18. Nb1 Bg4 19. Nxe5 Rxe5 20. Bxg4 Ne4 21. Qd4 Ree8 22. Rfd1 Rad8 23. h3 Nc4 24. Bf3 g6 25. Re1 h5 26. Qd1 Qf6 27. Qe2 Re5 28. Red1 Ng5 29. h4 Nxf3+ 30. Qxf3 Qxh4 31. Rd4 Qe7 32. Rcd1 Rf5 33. Qh3 Re5 34. Nd2 Nb2 35. Rc1 Na4 36. Nf3 Re4 37. Rxe4 Qxe4 38. Nd4 Qg4 39. Qxg4 hxg4 40. Kh2 f5 41. Kg3 Kf7 42. f3 gxf3 43. gxf3 Rc8 44. Ne2 Kf6 45. Nf4 g5 46. Ne2 Re8 47. Kf2 Rh8 48. Kg2 Re8 49. Kf2 Nb2 50. Rh1 Nd3+ 51. Kg2 Rxe3 52. Nd4 Nf4+ 53. Kg3 Rxc3 54. Rh6+ Ng6 55. Nb3 f4+ 56. Kf2 Rc2+ 57. Ke1 Rxa2 58. Nc5 a5 59. bxa5 Rxa5 60. Rh7 Ne5 61. Rh6+ Kg7 62. Rd6 Nxf3+ 63. Kf2 Nh4 64. Rxd5 Ra2+ 65. Kf1 Kh6 66. Ne6 b4 67. Rb5 f3 68. Nxg5 b3 69. Ne4 b2 70. Nd2 Kg6 71. Kf2 b1=Q 72. Rxb1 Rxd2+ 73. Kg3 Rd4 74. Rb5 Re4 75. Ra5 Kf6 76. Rh5 Ra4 77. Rb5 Nf5+ 78. Kf2 Ra2+,d4,d5,Nc3,Nf6,Bf4,e6,Nb5,Bb4+,c3,Ba5,e3,a6,Na3,O-O,Bd3,Nbd7,Nf3,c5,Bd6,Re8
"Papasimakopoulos,Alexandros",chess.com INT,1.0,Nimzo-Larsen Attack: Classical Variation,1. b3 d5 2. Bb2 Bf5 3. d3 e6 4. Nd2 Nf6 5. g3 c6 6. Bg2 h6 7. e4 Bh7 8. Nh3 Be7 9. O-O O-O 10. Nf4 a5 11. a3 Qc7 12. Re1 e5 13. Nh5 d4 14. Nxf6+ Bxf6 15. a4 Nd7 16. Ba3 Rfe8 17. Bh3 Be7 18. Bxe7 Rxe7 19. Bxd7 Qxd7 20. Kg2 f6 21. f4 exf4 22. gxf4 b5 23. Qf3 Ree8 24. h4 Bg6 25. Kh2 Qf7 26. Qf2 Bh5 27. Qxd4 Bg4 28. Qf2 Qe7 29. Nf1 Qc7 30. Ne3 Be6 31. Qg3 Qe7 32. Rg1 Kh8 33. f5 Bg8 34. Qf4 Qe5 35. Qxe5 Rxe5 36. Ng2 Bf7 37. Nf4 Rc5 38. Rg2 Re5 39. Rag1 Rg8 40. Ra1 Ra8 41. Kg3 Rc5 42. Kf3 Re5 43. Ke3 Re7 44. Kd4 Re5 45. Kc3 Rc5+ 46. Kb2 Re5 47. h5 Re7 48. axb5 cxb5 49. Rgg1 a4 50. bxa4 bxa4 51. c4 Rb7+ 52. Kc2 a3 53. Rgb1 Rba7 54. Ra2 Kg8 55. Kc3 Ra6 56. d4 Ra4 57. d5 Rc8 58. Rb4 Ra7 59. Kb3 Rca8 60. c5 Ra6 61. Ne6 Ra5 62. c6 Bxe6 63. fxe6 Kf8 64. c7 Ke7 65. Rb8 Rxb8+ 66. cxb8=Q Ra7,b3,d5,Bb2,Bf5,d3,e6,Nd2,Nf6,g3,c6,Bg2,h6,e4,Bh7,Nh3,Be7,O-O,O-O,Nf4,a5
"Makhnev,Denis",chess.com INT,1.0,Nimzo-Larsen Attack: Modern Variation,1. b3 e5 2. Bb2 Nc6 3. e3 Nf6 4. c4 d5 5. cxd5 Nxd5 6. a3 Bd6 7. Qc2 O-O 8. Nf3 Be6 9. h4 f6 10. Bc4 Qe8 11. h5 Nb6 12. h6 g6 13. Bxe6+ Qxe6 14. Nc3 Rae8 15. Ne4 Qg4 16. Rh4 Qe6 17. O-O-O a5 18. Kb1 Qe7 19. Ka2 f5 20. Nxd6 cxd6 21. Rhh1 Rc8 22. Qd3 a4 23. Qb5 axb3+ 24. Kb1 Nd7 25. d4 exd4 26. Nxd4 Qe4+ 27. Ka1 Nxd4 28. Rxd4 Qxg2 29. Qxb3+ Rf7 30. Rhd1 Nc5 31. Qd5 Qxd5 32. Rxd5 Ne4 33. f3 Ng5 34. Rxd6 Nxf3 35. Rd7 Nh2 36. Rxf7 Kxf7 37. Rd7+ Ke6 38. Rxh7 Ng4 39. Rg7 Ne5 40. h7 Rh8 41. Rxb7 g5 42. Rb5 Rxh7 43. Rxe5+ Kf6 44. Rb5+ Kg6 45. a4 Rh3 46. a5 Rxe3 47. a6 Re8 48. a7 Ra8 49. Bd4 f4 50. Rb8 Rxb8 51. axb8=Q,b3,e5,Bb2,Nc6,e3,Nf6,c4,d5,cxd5,Nxd5,a3,Bd6,Qc2,O-O,Nf3,Be6,h4,f6,Bc4,Qe8
"Lenderman,A",chess.com INT,1.0,Rapport-Jobava System,1. d4 d5 2. Nc3 Nf6 3. Bf4 c5 4. e3 cxd4 5. exd4 a6 6. Nf3 Nc6 7. Ne5 Bd7 8. g4 e6 9. g5 Ng8 10. Nxc6 Bxc6 11. Qf3 Bd6 12. O-O-O Ne7 13. Bd3 Qc7 14. Bxd6 Qxd6 15. h4 g6 16. Rde1 Rf8 17. h5 O-O-O 18. Kb1 Nf5 19. Bxf5 exf5 20. hxg6 hxg6 21. a3 Rde8 22. Rxe8+ Rxe8 23. Rh7 Re7 24. Kc1 Kb8 25. Kd2 Ka7 26. Qg3 Qd8 27. Qf4 Qe8 28. Rh3 Re6 29. Re3 Rxe3 30. Qxe3 Qh8 31. b3 Qf8 32. a4 Qd8 33. Ne2 Qa5+ 34. Kd1 Qd8 35. Kc1 Qa5 36. Nf4 Qd8 37. Nd3 Bd7 38. f4 Be6 39. Nc5 Bc8 40. Qe5 b6 41. Nd3 Be6 42. a5 bxa5 43. Nc5 Qb6 44. Kb2 Qc6 45. Nxe6 fxe6 46. Qg7+ Kb6 47. Qxg6 a4 48. Qg8 a3+ 49. Kxa3 Qxc2 50. Qb8+ Ka5 51. b4#,d4,d5,Nc3,Nf6,Bf4,c5,e3,cxd4,exd4,a6,Nf3,Nc6,Ne5,Bd7,g4,e6,g5,Ng8,Nxc6,Bxc6
"Girsh,Daniel",chess.com INT,1.0,Nimzo-Larsen Attack: Classical Variation,1. b3 d5 2. Bb2 Bf5 3. d3 e6 4. Nd2 Nf6 5. g3 Be7 6. Bg2 O-O 7. e4 Bg6 8. a3 c5 9. e5 Nfd7 10. h4 h6 11. f4 f6 12. h5 Bf7 13. Ngf3 Nc6 14. Qe2 Qc7 15. O-O-O a5 16. g4 fxe5 17. g5 Nd4 18. Nxd4 exd4 19. g6 Qxf4 20. gxf7+ Qxf7 21. Rde1 e5 22. a4 Bg5 23. Kb1 Rae8 24. Nf3 Be3 25. Nh4 Qe6 26. Ref1 Nf6 27. Bh3 Qb6 28. Nf5 c4 29. dxc4 Ne4 30. Nxe3 dxe3 31. Rxf8+ Rxf8 32. cxd5 Ng3 33. Qg2 Nxh1 34. Bxe5 g5 35. Be6+ Rf7 36. Qxh1 e2 37. Bxf7+ Kf8 38. Bc3 Qf2 39. Qe4 Qxf7 40. Qxe2 Qxd5 41. Qf2+ Ke8 42. Qf6 Qh1+ 43. Kb2 Qxh5 44. Qe6+ Kf8 45. Bxa5 Qf7 46. Qxh6+ Qg7+ 47. Qxg7+ Kxg7 48. b4 g4 49. Bc7 Kf6 50. a5 Ke6 51. Kb3 Kd5 52. c4+ Kc6 53. Bg3 Kd7 54. b5 Kc8 55. Kb4 Kd7 56. Kc5 Kc8 57. Kb6 Kd7 58. Kxb7 Ke6 59. a6 Kf5 60. a7 Ke4 61. a8=Q Kf3 62. Qb8 Kg2 63. Qf4 Kh3 64. c5 Kg2 65. c6 Kh3 66. c7 Kg2 67. c8=Q Kh3 68. Qcxg4+ Kg2 69. Qf2+ Kh1 70. Qd1#,b3,d5,Bb2,Bf5,d3,e6,Nd2,Nf6,g3,Be7,Bg2,O-O,e4,Bg6,a3,c5,e5,Nfd7,h4,h6
"Urazayev,Arystanbek",chess.com INT,0.0,Nimzo-Larsen Attack: Classical Variation,1. b3 d5 2. Bb2 Nf6 3. Nf3 e6 4. g3 Be7 5. Bg2 O-O 6. O-O b6 7. c4 Bb7 8. e3 dxc4 9. bxc4 c5 10. Qe2 Be4 11. Ne5 Bxg2 12. Kxg2 Qc7 13. d3 Nc6 14. f4 Nxe5 15. fxe5 Nd7 16. d4 b5 17. cxb5 cxd4 18. exd4 Nb6 19. Nc3 Rac8 20. Rac1 Qc4 21. Rf2 Qxd4 22. Ne4 Qd5 23. Rxc8 Rxc8 24. Qf3 Rf8 25. Bc3 Qxb5 26. Nf6+ Bxf6 27. exf6 g6 28. Qe3 Qd5+ 29. Rf3 Qh5 30. Qd4 Nd5 31. Bd2 g5 32. Qxa7 Rd8 33. Rf2 Qg6 34. Kg1 Qb1+ 35. Rf1 Qe4 36. Bxg5 Rc8 37. Qf2 h6 38. Rc1 Ra8 39. Bxh6 Kh7 40. Bg5 Ra3 41. h4 Rf3 42. Qe1 Qg4 43. Kh2 Ra3 44. Rc2 Nb4 45. Re2 Nd3 46. Qd2 Ne5 47. Rxe5 Qxg3+ 48. Kh1 Qh3+ 49. Kg1 Rg3+ 50. Kf2 Rg2+ 51. Ke1 Qh1#,b3,d5,Bb2,Nf6,Nf3,e6,g3,Be7,Bg2,O-O,O-O,b6,c4,Bb7,e3,dxc4,bxc4,c5,Qe2,Be4
"Rustemov,A",chess.com INT,1.0,Nimzo-Larsen Attack: Classical Variation,1. b3 d5 2. Bb2 Nf6 3. e3 Bf5 4. Nf3 h6 5. Bxf6 gxf6 6. d4 c6 7. Bd3 Bxd3 8. Qxd3 e6 9. c4 Nd7 10. Nc3 f5 11. O-O Bd6 12. c5 Bc7 13. b4 a6 14. a4 Nf6 15. b5 O-O 16. b6 Bb8 17. Nd2 h5 18. f4 Kg7 19. Nb3 Rg8 20. Na5 Qd7 21. Rf3 Kf8 22. Raf1 Ke7 23. Rh3 Rg4 24. Nd1 Kd8 25. Nf2 Rg6 26. Qe2 Kc8 27. Rxh5 Nxh5 28. Qxh5 Qe8 29. Qh7 Rg8 30. Nd3 Rh8 31. Qg7 Rg8 32. Qf6 Rg6 33. Qh4 Qf8 34. Rf3 Rh6 35. Qf2 Qg7 36. Rg3 Qh7 37. h3 f6 38. Nb4 Rg6 39. Nbxc6,b3,d5,Bb2,Nf6,e3,Bf5,Nf3,h6,Bxf6,gxf6,d4,c6,Bd3,Bxd3,Qxd3,e6,c4,Nd7,Nc3,f5
"Santos Flores,A",chess.com INT,1.0,Nimzo-Larsen Attack: Classical Variation,1. b3 d5 2. Bb2 Bf5 3. e3 e6 4. Nf3 h6 5. c4 c6 6. a3 a5 7. d4 Nd7 8. Bd3 Bxd3 9. Qxd3 Ngf6 10. O-O Be7 11. Nbd2 O-O 12. h3 Re8 13. Rfe1 Rb8 14. e4 dxe4 15. Nxe4 b5 16. Nxf6+ Bxf6 17. a4 bxc4 18. Qxc4 Qb6 19. Re3 Qb7 20. Qc3 Qa6 21. Ne5 Nxe5 22. dxe5 Be7 23. Rg3 Red8 24. Qc2 Bf8 25. Re1 Rd5 26. Bc1 Kh8 27. Kh2 Rbd8 28. Rf3 Qb7 29. Re4 Qc7 30. Bf4 Rd4 31. Bg3 Rxe4 32. Qxe4 Kg8 33. Rd3 Rd5 34. Rc3 Qb6 35. Qc2 c5 36. f4 Qb4 37. f5 exf5 38. Rc4 Qd2 39. Qxf5 Qd3 40. Qc8 Qxb3 41. e6 Qxc4 42. e7,b3,d5,Bb2,Bf5,e3,e6,Nf3,h6,c4,c6,a3,a5,d4,Nd7,Bd3,Bxd3,Qxd3,Ngf6,O-O,Be7
"Albornoz Cabrera,Carlos Daniel",chess.com INT,1.0,Nimzo-Larsen Attack: Modern Variation,1. b3 e5 2. Bb2 Nc6 3. e3 Nf6 4. c4 d5 5. cxd5 Nxd5 6. a3 Bd6 7. Qc2 O-O 8. Nf3 f5 9. d3 Be6 10. Nbd2 a5 11. Be2 Qf6 12. h4 Kh8 13. h5 Qh6 14. Nc4 Qf6 15. h6 gxh6 16. O-O-O b5 17. d4 bxc4 18. dxe5 Nxe5 19. bxc4 Rab8 20. cxd5 Bd7 21. Rxh6 Qxh6 22. Nxe5 Bxe5 23. Bxe5+ Kg8 24. d6 c6 25. Bc4+ Rf7 26. Qa2 Rf8 27. Ba1 Rb8 28. Bxf7+ Kf8 29. Bb3 f4 30. Qb2,b3,e5,Bb2,Nc6,e3,Nf6,c4,d5,cxd5,Nxd5,a3,Bd6,Qc2,O-O,Nf3,f5,d3,Be6,Nbd2,a5
"Deac,Bogdan-Daniel",chess.com INT,1.0,Nimzo-Larsen Attack: Modern Variation,1. b3 e5 2. Bb2 Nc6 3. e3 g6 4. c4 Bg7 5. Nf3 Nge7 6. d4 d6 7. dxe5 O-O 8. Nc3 Nxe5 9. Be2 b6 10. Nxe5 Bxe5 11. Bf3 Rb8 12. Qd2 Nf5 13. O-O-O a6 14. Bd5 b5 15. Ne4 Qe7 16. f4 Bxb2+ 17. Qxb2 Ng7 18. h4 h5 19. Nf6+ Kh8 20. e4 c6 21. Bxc6 bxc4 22. Bd5 cxb3 23. axb3 Be6 24. f5 gxf5 25. Nxh5 f6 26. Nf4 Qc7+ 27. Kb1 Bxd5 28. exd5 Rfe8 29. Rh3 Re4 30. Qxf6 Kg8 31. Ne6 Nxe6 32. dxe6 Rg4 33. e7 Qd7 34. Rxd6,b3,e5,Bb2,Nc6,e3,g6,c4,Bg7,Nf3,Nge7,d4,d6,dxe5,O-O,Nc3,Nxe5,Be2,b6,Nxe5,Bxe5
"Rustemov,A",chess.com INT,1.0,Nimzo-Larsen Attack: Classical Variation,1. b3 d5 2. Bb2 Nf6 3. Nf3 Bf5 4. Nh4 Bd7 5. c4 e6 6. Nf3 c5 7. e3 Nc6 8. Nc3 d4 9. Ne2 e5 10. exd4 exd4 11. Ng3 Bd6 12. Bd3 O-O 13. O-O Re8 14. Re1 g6 15. Ne4 Nxe4 16. Bxe4 Qc7 17. h3 Re7 18. d3 Rae8 19. Bc1 Bf4 20. Bxf4 Qxf4 21. Qc1 Qxc1 22. Raxc1 b6 23. a3 Ne5 24. Nxe5 Rxe5 25. f4 R5e7 26. Kf2 f5 27. Bd5+ Kg7 28. Rxe7+ Rxe7 29. b4 Re3 30. bxc5 bxc5 31. Rb1 Kf6 32. Rb7 Be8 33. Rxh7 Rxd3 34. Rxa7 Rd2+ 35. Ke1 Rc2 36. g4 fxg4 37. hxg4 d3 38. a4 Ra2 39. Ra6+ Ke7 40. Bc6 Bxc6 41. Rxc6 Rxa4 42. Rxc5 Ra2 43. Re5+ Kf6 44. g5+ Kf7 45. c5 Rc2 46. Kd1 Kf8 47. Rd5 Kf7 48. Rd7+ Ke6 49. Rd6+ Kf7 50. c6 Kg7 51. Rd7+ Kf8 52. c7,b3,d5,Bb2,Nf6,Nf3,Bf5,Nh4,Bd7,c4,e6,Nf3,c5,e3,Nc6,Nc3,d4,Ne2,e5,exd4,exd4
"Anton Guijarro,D",chess.com INT,1.0,Nimzo-Larsen Attack: Classical Variation,1. b3 d5 2. Bb2 Bf5 3. d3 e6 4. Nd2 Nf6 5. g3 h6 6. Bg2 a5 7. e4 Bh7 8. a3 Bc5 9. exd5 exd5 10. Qe2+ Kf8 11. Nh3 c6 12. O-O Nbd7 13. Rae1 Bf5 14. Nf4 Kg8 15. c4 d4 16. Nf3 Qb6 17. Qc2 Rd8 18. h3 Kh7 19. Nh4 Bg6 20. Nhxg6 fxg6 21. Ne6 Rde8 22. f4 Re7 23. Nxc5 Qxc5 24. Qf2 Rhe8 25. Rxe7 Rxe7 26. Qxd4 Re2 27. Rf2 Re1+ 28. Kh2 Qe7 29. Bf3 Nc5 30. b4 axb4 31. axb4 Na4 32. c5 Nxb2 33. Qxb2 Re3 34. Qd4 h5 35. Kg2 Re1 36. g4 hxg4 37. hxg4 Qe6 38. Kh3 Nxg4 39. Bxg4 Rh1+ 40. Kg2 Qe1 41. Kf3 Qd1+ 42. Re2 Rf1+ 43. Ke4 Rg1 44. Rh2+ Kg8 45. Bxd1,b3,d5,Bb2,Bf5,d3,e6,Nd2,Nf6,g3,h6,Bg2,a5,e4,Bh7,a3,Bc5,exd5,exd5,Qe2+,Kf8
Yu Yangyi,chess.com INT,1.0,Rapport-Jobava System,1. d4 d5 2. Nc3 Nf6 3. Bf4 Bf5 4. e3 e6 5. Bd3 Bg6 6. h4 Bd6 7. h5 Bxd3 8. Qxd3 h6 9. O-O-O Nc6 10. Nf3 Qe7 11. Bxd6 Qxd6 12. Kb1 a6 13. e4 Nb4 14. Qe2 dxe4 15. Ne5 O-O 16. a3 Nbd5 17. Nxe4 Nxe4 18. Qxe4 b5 19. Rd3 Rad8 20. Rhd1 c5 21. dxc5 Qxc5 22. Ng4 Kh8 23. Qd4 Rc8 24. c3 Qxd4 25. Rxd4 Kg8 26. Ne5 Rc7 27. g4 Rfc8 28. f4 Rc5 29. Ka1 Re8 30. Re1 Rcc8 31. g5 hxg5 32. fxg5 f6 33. Nf3 Rcd8 34. h6 gxh6 35. gxf6 Kf7 36. Rh4 Rh8 37. Rf1 Kxf6 38. Nd4+ Kg6 39. Rg4+ Kh5 40. Rg2,d4,d5,Nc3,Nf6,Bf4,Bf5,e3,e6,Bd3,Bg6,h4,Bd6,h5,Bxd3,Qxd3,h6,O-O-O,Nc6,Nf3,Qe7
"Indjic,A",chess.com INT,1.0,Nimzo-Larsen Attack: Classical Variation,1. b3 d5 2. Bb2 Bg4 3. f3 Bc8 4. d4 Nf6 5. Nc3 c5 6. e4 cxd4 7. Qxd4 Nc6 8. Bb5 a6 9. Bxc6+ bxc6 10. O-O-O e6 11. Nh3 Be7 12. Na4 Rb8 13. a3 O-O 14. g4 Qc7 15. g5 Ne8 16. Qd2 e5 17. Nf2 d4 18. f4 c5 19. fxe5 Bd7 20. Nxc5 Bxc5 21. Kb1 Be6 22. Nd3 Bb6 23. Qf2 Qe7 24. a4 Qxg5 25. Ba3 Qe3 26. Qg2 Bh3 27. Qg3 Qxg3 28. hxg3 Bg4 29. Rdf1 Nc7 30. Bxf8 Rxf8 31. Rf4 h5 32. Rf2 Ne6 33. Kb2 Ng5 34. Re1 Re8 35. b4 Nf3 36. Ref1 Ng5 37. a5 Ba7 38. Ka3 Nxe4 39. Rxf7 Bb8 40. Rb7 Nxg3 41. Rff7 Nf5 42. e6 Bd6 43. Nf2 Ne7 44. Ne4 Bxe6 45. Nxd6 Bxf7 46. Nxe8 Nf5 47. Rb8 Kh7 48. b5 h4 49. bxa6 h3 50. a7 Bd5 51. Nc7 Bg2 52. a8=Q Bxa8 53. Nxa8 h2 54. Rb1 Ng3 55. a6 g5 56. a7 Nf1 57. Rxf1 g4 58. Nc7 g3 59. a8=Q g2 60. Qxg2,b3,d5,Bb2,Bg4,f3,Bc8,d4,Nf6,Nc3,c5,e4,cxd4,Qxd4,Nc6,Bb5,a6,Bxc6+,bxc6,O-O-O,e6
"Kramnik,V",chess.com INT,0.0,Nimzo-Larsen Attack: Modern Variation,1. b3 e5 2. Bb2 Nc6 3. e3 Nf6 4. c4 d5 5. cxd5 Nxd5 6. a3 Be6 7. Qc2 Qd7 8. Nf3 f6 9. d3 O-O-O 10. Nbd2 g5 11. Ne4 g4 12. Nfd2 Kb8 13. b4 a6 14. Rc1 f5 15. Nc5 Bxc5 16. Qxc5 f4 17. Ne4 Bf5 18. Be2 Bxe4 19. dxe4 Nxe3 20. fxe3 Qd2+ 21. Kf1 f3,b3,e5,Bb2,Nc6,e3,Nf6,c4,d5,cxd5,Nxd5,a3,Be6,Qc2,Qd7,Nf3,f6,d3,O-O-O,Nbd2,g5
"Holt,C",chess.com INT,0.0,Nimzo-Larsen Attack: Classical Variation,1. b3 d5 2. Bb2 Bg4 3. f3 Bd7 4. e4 e6 5. Qe2 Qe7 6. d4 Nc6 7. Nd2 Nb4 8. Kd1 O-O-O 9. e5 c5 10. a3 Nc6 11. dxc5 Qxc5 12. b4 Qb6 13. f4 Nh6 14. Nb3 Nf5 15. Nf3 Ne3+ 16. Kc1 Nc4 17. Bd4 Nxd4 18. Nbxd4 Kb8 19. Qf2 Rc8 20. Bxc4 Rxc4 21. Rd1 Be7 22. Rd3 Rhc8 23. Qe3 h6 24. Kd1 Ba4 25. Ra2 a5 26. Nd2 axb4 27. Nxc4 dxc4 28. Rd2 b3 29. cxb3 cxb3 30. Rab2 Bxa3 31. Rxb3 Qa6 32. Qd3 Rc4 33. Ke2 Bc5 34. Rdb2 Bxb3 35. Nxb3 Re4+ 36. Kd2 Bb4+ 37. Kc2 Re2+,b3,d5,Bb2,Bg4,f3,Bd7,e4,e6,Qe2,Qe7,d4,Nc6,Nd2,Nb4,Kd1,O-O-O,e5,c5,a3,Nc6
Hou Yifan,Astana KAZ,1.0,Rapport-Jobava System,1. d4 Nf6 2. Nc3 d5 3. Bf4 c5 4. e3 e6 5. Nb5 Na6 6. c3 Be7 7. a4 O-O 8. Nf3 Nh5 9. Be5 f6 10. Bg3 Bd7 11. Bd3 g6 12. Qe2 Qa5 13. O-O Nxg3 14. hxg3 c4 15. Bc2 Bxb5 16. axb5 Qxb5 17. e4 Rf7 18. b3 Nc7 19. bxc4 Qxc4 20. Bd3 Qc6 21. c4 a6 22. Rfc1 Qd7 23. g4 Re8 24. Rab1 b5 25. cxb5 axb5 26. e5 Rb8 27. exf6 Bxf6 28. g5 Bg7 29. Ne5 Bxe5 30. Qxe5 Rb6 31. g3 Qd6 32. Qe2 b4 33. Kg2 b3 34. Rh1 Qe7 35. Qe5 Rg7 36. Rhc1 b2 37. Rc5 Rf7 38. Rh1 Rg7 39. Ra5 Qd6 40. Qxd6 Rxd6 41. Rb1 Rb6 42. Ra2 Re7 43. f4 Kg7 44. Rbxb2 Rxb2+ 45. Rxb2 h6 46. gxh6+ Kxh6 47. Kf3 Kg7 48. Rb7 Rf7 49. Kg4 Kf6 50. Rb8 Rg7 51. Rh8 g5 52. Rh6+ Ke7 53. fxg5 Ne8 54. Kf4 Nd6 55. g6 Ne8 56. g4 Nf6 57. g5 Nd7 58. Rh8 Nb6 59. Rh7 Kf8 60. Ke5 Nc4+,d4,Nf6,Nc3,d5,Bf4,c5,e3,e6,Nb5,Na6,c3,Be7,a4,O-O,Nf3,Nh5,Be5,f6,Bg3,Bd7
"Assaubayeva,Bibisara",Astana KAZ,1.0,Rapport-Jobava System,1. d4 Nf6 2. Nc3 d5 3. Bf4 e6 4. Nb5 Na6 5. e3 c6 6. Nc3 Nc7 7. h4 Bd6 8. Nf3 Bxf4 9. exf4 Qd6 10. Ne5 O-O 11. Bd3 c5 12. dxc5 Qxc5 13. Qf3 b5 14. h5 b4 15. Ne2 Ba6 16. g4 Bxd3 17. cxd3 Qd6 18. O-O Nd7 19. d4 f6 20. Nxd7 Qxd7 21. Rac1 Nb5 22. Rc5 Nd6 23. Rfc1 Rac8 24. f5 Ne4 25. fxe6 Qxe6 26. Nf4 Rxc5 27. Rxc5 Qe8 28. Rxd5 Ng5 29. Qe3 Qc6 30. Kh2 Re8 31. Rc5 Qd7 32. Rc7 Qd8 33. Qb3+ Kh8 34. Qc4 Qd6 35. Qc1 Qxd4 36. Rc2 Qe4 37. Re2 Qa8 38. Qc7 Rxe2 39. Nxe2 h6 40. Nd4 Qe4 41. Nf5 Qe5+ 42. Qxe5 fxe5 43. Kg3 Kh7 44. Ne7 Ne4+ 45. Kf3 Nd2+ 46. Ke2 Ne4 47. Nc6 Nf6 48. Nxe5 Kg8 49. f3 Kf8 50. Nc6 Nd5 51. Nxa7 Ke7 52. Kd3 Kd6 53. Kd4 Nc7 54. Kc4 Ne6 55. Nb5+ Ke5 56. Kxb4 Kf4 57. a4,d4,Nf6,Nc3,d5,Bf4,e6,Nb5,Na6,e3,c6,Nc3,Nc7,h4,Bd6,Nf3,Bxf4,exf4,Qd6,Ne5,O-O
"Keymer,Vincent",Astana KAZ,0.0,Trompowsky Attack,1. d4 Nf6 2. Bg5 d5 3. e3 c5 4. Bxf6 gxf6 5. dxc5 Nc6 6. Bb5 e6 7. b4 a5 8. c3 Bg7 9. Nd2 f5 10. Ne2 O-O 11. Bxc6 bxc6 12. a3 e5 13. O-O Re8 14. Nb3 axb4 15. cxb4 Ba6 16. Qd2 Qd7 17. Rfd1 f4 18. exf4 Bxe2 19. Qxe2 exf4 20. Qd2 Bxa1 21. Rxa1 Qf5 22. h3 Re4 23. Qc3 Rc4 24. Qf3 Qf6 25. Re1 Rc3 26. Qg4+ Kh8 27. Na5 Rg8 28. Qh5 Rxa3 29. Qe5 Qxe5 30. Rxe5 f3 31. g4 Rg6 32. Kh2 Ra4 33. Re8+ Kg7 34. Rb8 Re6 35. Kg3 Ra2 36. h4 Ree2 37. Nxc6 Rxf2 38. Nd4 Rf1 39. c6 f2 40. Nf5+ Kf6 41. Ne3 Re1 42. Nxd5+ Kg7,d4,Nf6,Bg5,d5,e3,c5,Bxf6,gxf6,dxc5,Nc6,Bb5,e6,b4,a5,c3,Bg7,Nd2,f5,Ne2,O-O
"Tang,Andrew",chess.com INT,0.0,Rapport-Jobava System,1. d4 d5 2. Nc3 Nf6 3. Bf4 e6 4. Nb5 Na6 5. e3 Be7 6. Nf3 O-O 7. h4 c5 8. c3 Bd7 9. a4 Qb6 10. Ne5 Be8 11. Bd3 c4 12. Bc2 Bxb5 13. axb5 Qxb5 14. Qb1 h5 15. f3 Nb8 16. g4 Nc6 17. g5 Ne8 18. Nd7 g6 19. Ba4 Qa6 20. Rg1 b5 21. Bc2 Qb7 22. Nxf8 Bxf8 23. e4 e5 24. Bg3 exd4 25. exd5 Ne7 26. cxd4 Qxd5 27. Bf2 Nd6 28. Be4 Qe6 29. Ra6 Nd5 30. Kd1 Rd8 31. Bg3 c3 32. Bxd6 Bxd6 33. Re1 Nb4 34. Ra3 c2+ 35. Bxc2 Qc4 36. Bb3 Qxd4+ 37. Ke2 Kg7 38. Kf1 Qxh4 39. Qe4 Qh1+ 40. Kf2 Bc5+ 41. Kg3 h4+,d4,d5,Nc3,Nf6,Bf4,e6,Nb5,Na6,e3,Be7,Nf3,O-O,h4,c5,c3,Bd7,a4,Qb6,Ne5,Be8
"De Silva,L M S T",chess.com INT,1.0,Rapport-Jobava System,1. d4 Nf6 2. Nc3 d5 3. Bf4 a6 4. e3 e6 5. g4 Bd6 6. Qf3 Bxf4 7. exf4 c5 8. dxc5 Qa5 9. O-O-O Qxc5 10. g5 Nfd7 11. Bd3 Nc6 12. Nge2 b5 13. Ng3 Bb7 14. Rhe1 O-O-O 15. Kb1 Kb8 16. Qh5 g6 17. Qh6 Qxf2 18. Nce2 Qc5 19. a3 Qf8 20. Qh3 h6 21. Qg2 Nc5 22. h4 hxg5 23. hxg5 Qd6 24. Qf2 Nxd3 25. Rxd3 e5 26. fxe5 Nxe5 27. Rdd1 Ng4 28. Qd4 f5 29. gxf6 Nxf6 30. Rf1 Rhf8 31. Nf4 Ng4 32. Nge2 Qe5 33. Nxg6 Qxd4 34. Nxd4 Rg8 35. Ne7 Ne3 36. Nxg8 Nxf1 37. Ne7 Rd7 38. Nef5 Nh2 39. Rg1 Rf7 40. Rg3 Nf1 41. Rg2 Ka7 42. b3 Kb6 43. Kb2 Bc8 44. Rg6+ Kc7 45. Rc6+ Kd7 46. Rd6+ Kc7 47. Rc6+ Kd7 48. Rxc8 Rxf5 49. Ra8 Rf6 50. Ra7+ Kc8 51. Kc3 Kb8 52. Re7 Ng3 53. Kb4 Ne4 54. Ne6 Nd6 55. Kc5 Nc8 56. Re8 Rf2 57. Nd4 Kb7 58. Rh8 Rf7 59. Ne6 Rd7 60. Kd4 Nb6 61. Nc5+ Kc6 62. Nxd7,d4,Nf6,Nc3,d5,Bf4,a6,e3,e6,g4,Bd6,Qf3,Bxf4,exf4,c5,dxc5,Qa5,O-O-O,Qxc5,g5,Nfd7
"Gadimbayli,Abdulla",chess.com INT,0.5,Rapport-Jobava System,1. d4 d5 2. Nc3 Nf6 3. Bf4 a6 4. e3 Bf5 5. Bd3 Bxd3 6. cxd3 e6 7. Nf3 Bd6 8. Qb3 b6 9. Bg5 O-O 10. e4 Be7 11. O-O Nc6 12. Rfd1 h6 13. Bf4 Na5 14. Qc2 Rc8 15. h3 c5 16. Qe2 c4 17. e5 Nd7 18. dxc4 Nxc4 19. Rd3 b5 20. Rf1 Re8 21. Nh2 Bg5 22. Bxg5 Qxg5 23. f4 Qh4 24. Nd1 b4 25. g4 f6 26. Kg2 fxe5 27. dxe5 Nc5 28. Nf3 Qe7 29. Rd4 Rf8 30. Nf2 Rf7 31. h4 Rcf8 32. Kg3 Na5 33. Nh3 Nc6 34. Rdd1 Ne4+ 35. Kg2 Rxf4 36. Nxf4 Rxf4 37. Kh3 h5 38. g5 Qf7 39. Kh2 Qf5 40. Rc1 Nd4 41. Rc8+ Kh7 42. Qg2 Nxf3+ 43. Rxf3 Kg6 44. Rxf4 Qxf4+ 45. Kg1 Qe3+ 46. Kh2 Qf4+ 47. Kg1 Qe3+ 48. Kh2 Qf4+,d4,d5,Nc3,Nf6,Bf4,a6,e3,Bf5,Bd3,Bxd3,cxd3,e6,Nf3,Bd6,Qb3,b6,Bg5,O-O,e4,Be7
"Lenaerts,L",chess.com INT,0.0,Nimzo-Larsen Attack: Modern Variation,1. b3 e5 2. Bb2 Nc6 3. e3 Nf6 4. Bb5 Bd6 5. Nf3 e4 6. Nd4 a6 7. Be2 Nxd4 8. Bxd4 Qe7 9. Nc3 Be5 10. Bxe5 Qxe5 11. f4 exf3 12. Bxf3 d5 13. O-O O-O 14. Ne2 c5 15. Qe1 Bf5 16. Rc1 Bg6 17. Qg3 Qb2 18. Nf4 Rad8 19. Nxg6 hxg6 20. Qc7 Qxa2 21. Qxb7 Qa5 22. Rf2 Rd6 23. Rcf1 Re8 24. h4 d4 25. exd4 cxd4 26. Bd5 Qxd5 27. Qxd5 Rxd5 28. Ra1 Re6 29. Ra4 Rc6 30. d3 Rdc5 31. Rc4 Rxc4 32. dxc4 Re6 33. Rd2 Re4 34. Kf2 Ng4+ 35. Kf3 f5 36. Rd1 Ne5+ 37. Kf2 Nc6 38. Ra1 a5 39. g3 Re3 40. Rd1 Rc3 41. Rd2 Kf7 42. Kg2 Ke6 43. Re2+ Kd6 44. Rf2 Nb4 45. h5 Rxc2 46. hxg6 Rxf2+ 47. Kxf2 Nd3+ 48. Ke2 Nc5 49. Kd2 Nxb3+,b3,e5,Bb2,Nc6,e3,Nf6,Bb5,Bd6,Nf3,e4,Nd4,a6,Be2,Nxd4,Bxd4,Qe7,Nc3,Be5,Bxe5,Qxe5
"Mishra,Abhimanyu",Malmo SWE,0.5,Rapport-Jobava System,1. d4 d5 2. Nc3 Nf6 3. Bf4 e6 4. Nb5 Na6 5. e3 Be7 6. Nf3 O-O 7. h4 c6 8. Nc3 Qb6 9. a3 c5 10. Rb1 Bd7 11. Bd3 c4 12. Be2 Nc7 13. Ne5 Nb5 14. g4 Nxc3 15. bxc3 Qa6 16. Bf3 Bc6 17. g5 Nd7 18. Nxd7 Bxd7 19. Ra1 Bd6 20. h5 Bxf4 21. exf4 Qd6 22. Qd2 f6 23. g6 h6 24. O-O f5 25. Rfb1 b6 26. Re1 Rfe8 27. Re5 Re7 28. Kg2 Rae8 29. Kg3 Kf8 30. Kg2 Kg8 31. Kg3 Kf8 32. Kg2 Kg8 33. Kg3 Kf8,d4,d5,Nc3,Nf6,Bf4,e6,Nb5,Na6,e3,Be7,Nf3,O-O,h4,c6,Nc3,Qb6,a3,c5,Rb1,Bd7
"Sarana,A",chess.com INT,1.0,Trompowsky Attack,1. d4 Nf6 2. Bg5 Ne4 3. Bf4 d5 4. e3 Bf5 5. Bd3 e6 6. Nd2 Nxd2 7. Qxd2 Bxd3 8. Qxd3 Nc6 9. Nf3 Bd6 10. O-O-O Bxf4 11. exf4 Qd6 12. g3 O-O-O 13. Rhe1 f6 14. Kb1 g6 15. h4 a6 16. a3 Rhg8 17. h5 Rdf8 18. Rh1 Rg7 19. Rde1 Kb8 20. hxg6 hxg6 21. Rh6 Rfg8 22. Qe3 Nd8 23. Nh2 Qe7 24. Ng4 Qf8 25. Reh1 Qe7 26. Qe1 Rf8 27. Rh8 Rgg8 28. R1h7 Rg7 29. Qh1 Nc6 30. c3 Rxh8 31. Rxh8+ Ka7 32. Qh6 Na5 33. Rc8 Nc4 34. Qh8 Rh7 35. Qxf6 Rh1+ 36. Ka2 Qd7 37. Qf8 Nd6 38. Ra8+ Kb6 39. Qb8 Qb5 40. Qa7+ Ka5 41. Ne5 Nc4 42. Qc5 Qxc5 43. dxc5 Nd2 44. Rb8 b6 45. cxb6 cxb6 46. Nc6+ Kb5 47. Nd4+ Kc4 48. Rxb6 Kd3 49. Rxe6 Ne4 50. Rxg6 a5 51. Ra6 Rh2 52. Rxa5 Rxf2 53. Kb3 Nd2+ 54. Ka4 Nc4 55. Rb5 Nxb2+ 56. Kb4 Nc4 57. Rxd5 Rb2+ 58. Kc5 Ne3 59. Rd8 Rb7 60. Nf5+,d4,Nf6,Bg5,Ne4,Bf4,d5,e3,Bf5,Bd3,e6,Nd2,Nxd2,Qxd2,Bxd3,Qxd3,Nc6,Nf3,Bd6,O-O-O,Bxf4
"Loiacono,Leonardo",chess.com INT,1.0,Nimzo-Larsen Attack: Modern Variation,1. b3 e5 2. Bb2 Nc6 3. c4 g6 4. e3 Bg7 5. Nf3 Nge7 6. d3 O-O 7. Nc3 d6 8. Be2 f5 9. h4 h6 10. Qc2 Be6 11. a3 a5 12. Nb5 Qd7 13. d4 exd4 14. Nbxd4 Nxd4 15. Nxd4 Bf7 16. h5 g5 17. Bd3 Be6 18. O-O-O Kh8 19. f4 g4 20. Rhe1 d5 21. Nxe6 Qxe6 22. cxd5 Nxd5 23. Bc4 c6 24. e4 fxe4 25. Rxe4 Qf5 26. g3 Rad8 27. Rde1 Bxb2+ 28. Qxb2+ Qf6 29. Re6 Qxb2+ 30. Kxb2 b5 31. Rxh6+ Kg7 32. Rg6+ Kh7 33. Bd3 Nxf4 34. Re7+ Kh8 35. Rh6+ Kg8 36. Bh7+ Kh8 37. gxf4 Rxf4 38. Bc2+ Kg8 39. Rxc6 Rf2 40. h6 b4 41. axb4 axb4 42. Rg7+ Kh8 43. Rxg4 Rh2 44. Rxb4 Rf8 45. Rbc4,b3,e5,Bb2,Nc6,c4,g6,e3,Bg7,Nf3,Nge7,d3,O-O,Nc3,d6,Be2,f5,h4,h6,Qc2,Be6
"Kamsky,G",chess.com INT,1.0,Rapport-Jobava System,1. d4 Nf6 2. Nc3 d5 3. Bf4 c6 4. e3 Bf5 5. Bd3 Bg6 6. h4 Bxd3 7. cxd3 e6 8. Nf3 Nbd7 9. e4 h6 10. Qe2 Qb6 11. O-O-O Bb4 12. Rhe1 a5 13. Qc2 a4 14. a3 Bxc3 15. Qxc3 O-O 16. Kb1 Rfc8 17. g4 Nxg4 18. Rg1 h5 19. Nh2 Nxf2 20. Rdf1 Nh3 21. Rg3 Nxf4 22. Rxf4 Nf8 23. Rf1 Ng6 24. Nf3 c5 25. Ng5 cxd4 26. Qd2 Ne5 27. Qg2 Ng4 28. exd5 Rc7 29. Qe4 f5 30. Qxe6+ Qxe6 31. Nxe6 Rf7 32. Nxd4 Rd8 33. Rxf5 g6 34. Rg5 Kh7 35. Ka2,d4,Nf6,Nc3,d5,Bf4,c6,e3,Bf5,Bd3,Bg6,h4,Bxd3,cxd3,e6,Nf3,Nbd7,e4,h6,Qe2,Qb6
"Perez Ponsa,F",chess.com INT,0.0,Rapport-Jobava System,1. d4 Nf6 2. Nc3 d5 3. Bf4 c5 4. e3 cxd4 5. exd4 a6 6. Nf3 Nc6 7. Ne5 Bd7 8. g4 g6 9. h4 Bg7 10. f3 Qb6 11. Nxd7 Nxd7 12. Qd2 Nxd4 13. O-O-O e6 14. Be3 Nxf3 15. Qe2 d4 16. Bf2 Qc6 17. Ne4 f5 18. gxf5 gxf5 19. Ng3 Nfe5 20. Bxd4 O-O-O 21. Bg2 Qb5 22. c4 Qa5 23. Nh5 Bh6+ 24. Kb1 Rhg8 25. Rh3 Qc7 26. Bg1 Nc5 27. Bd4 Nc6 28. Bxc5 Rxd1+ 29. Qxd1 Rxg2 30. Rb3 Qe5,d4,Nf6,Nc3,d5,Bf4,c5,e3,cxd4,exd4,a6,Nf3,Nc6,Ne5,Bd7,g4,g6,h4,Bg7,f3,Qb6
"Lorenzo de la Riva,L",chess.com INT,1.0,English Opening: Agincourt Defense,1. b3 Nf6 2. Bb2 d5 3. c4 e6 4. Nf3 Be7 5. e3 O-O 6. Be2 c5 7. O-O Nc6 8. d4 b6 9. cxd5 Nxd5 10. dxc5 Bxc5 11. a3 Be7 12. b4 Bf6 13. Qb3 Bb7 14. Nbd2 Rc8 15. Ne4 Bxb2 16. Qxb2 Nce7 17. Rfd1 Qc7 18. Rac1 Qb8 19. Ng3 Rxc1 20. Rxc1 Rc8 21. Bd3 Rxc1+ 22. Qxc1 Qc8 23. Qxc8+ Nxc8 24. Kf1 Kf8 25. Ne5 g6 26. Ne4 Ke7 27. h4 h5 28. Ke2 a5 29. bxa5 bxa5 30. Nc5 Nd6 31. g3 Nc3+ 32. Ke1 Be4 33. Nxe4 Ncxe4 34. Nc6+ Kf6 35. Nxa5 Nc3 36. Nc4 Ndb5 37. Bc2 Nd5 38. Kd2 Na7 39. e4 Nc7 40. Ba4 Nc8 41. Bd7 Na7 42. Kd3 e5 43. f3 Ne6 44. Bxe6 Kxe6 45. a4 Nc6 46. a5 f5 47. Kc3 Nd4 48. a6 fxe4 49. fxe4 Kf6 50. Nd6 Nc6 51. Kc4 g5 52. Kc5 Na7 53. Kb6,b3,Nf6,Bb2,d5,c4,e6,Nf3,Be7,e3,O-O,Be2,c5,O-O,Nc6,d4,b6,cxd5,Nxd5,dxc5,Bxc5
"Ibrahimli,Murad",chess.com INT,1.0,English Opening: Agincourt Defense,1. c4 e6 2. g3 Nf6 3. Bg2 d5 4. Nf3 d4 5. O-O Nc6 6. d3 Bc5 7. Bg5 a5 8. Nbd2 Be7 9. Qc2 O-O 10. a3 a4 11. b4 axb3 12. Nxb3 Rxa3 13. Rxa3 Bxa3 14. Ra1 Bb4 15. Ra8 Bc3 16. Nc5 Qd6 17. Na4 Bb4 18. Bxf6 gxf6 19. c5 Qe7 20. Qc4 e5 21. Qb5 e4 22. Nh4 exd3 23. Qxd3 Bxc5 24. Rxc8 Rxc8 25. Qf5 Ra8 26. Be4 Qe5 27. Qxh7+ Kf8 28. Qh8+ Ke7 29. Qxa8 Qxe4 30. Nxc5 Qxe2 31. Nf5#,c4,e6,g3,Nf6,Bg2,d5,Nf3,d4,O-O,Nc6,d3,Bc5,Bg5,a5,Nbd2,Be7,Qc2,O-O,a3,a4
"Pinheiro,I",chess.com INT,1.0,Nimzo-Larsen Attack: Classical Variation,1. b3 d5 2. Bb2 Bg4 3. c4 e6 4. h3 Bf5 5. Nf3 h6 6. e3 Nf6 7. a3 a5 8. Nc3 Be7 9. d4 Nbd7 10. Bd3 Bxd3 11. Qxd3 c6 12. O-O Qb6 13. c5 Qc7 14. b4 O-O 15. b5 b6 16. cxb6 Qxb6 17. a4 c5 18. e4 dxe4 19. Nxe4 Rfd8 20. Rfd1 Rac8 21. Rac1 Nd5 22. Ne5 Nxe5 23. dxe5 Nb4 24. Qg3 Rxd1+ 25. Rxd1 Rd8 26. Rd6 Qb8 27. Nxc5 Nd5 28. Ne4 Kh8 29. Qf3 Kg8 30. Rxd8+ Qxd8 31. Bd4 Nb4 32. Qc3 Qd5 33. Nd6 Bxd6 34. exd6 f6 35. Qc5 Qe4 36. d7,b3,d5,Bb2,Bg4,c4,e6,h3,Bf5,Nf3,h6,e3,Nf6,a3,a5,Nc3,Be7,d4,Nbd7,Bd3,Bxd3
"Amin,B",Biel SUI,0.0,Rapport-Jobava System,1. d4 Nf6 2. Bf4 g6 3. Nc3 d5 4. e3 Bg7 5. h4 c6 6. h5 Nxh5 7. Rxh5 gxh5 8. Qxh5 Nd7 9. Bd3 Nf6 10. Qh4 Qd7 11. f3 h5 12. Nge2 Bh6 13. Bxh6 Rxh6 14. g4 Rh8 15. O-O-O Qe6 16. Kd2 Qd6 17. g5 Nd7 18. e4 dxe4 19. Nxe4 Qb4+ 20. Kc1 Nf8 21. Qh2 Qa5 22. Nc5 Nd7 23. Kb1 Nxc5 24. Qe5 Rg8 25. dxc5 Be6 26. b3 O-O-O 27. Nf4 Qc7 28. Qe3 Kb8 29. g6 Bc8 30. gxf7 Rgf8 31. Nxh5 Rxf7 32. Rg1 Bf5 33. Bxf5 Rxf5 34. Ng7 Re5 35. Qc3 Re2 36. Nf5 Qe5 37. Qxe5+ Rxe5 38. Ng7 Rg8 39. b4 a5 40. a3 Re3 41. f4 Rxa3 42. bxa5 Rxa5 43. Rg5 Ra4 44. f5 Rh4 45. Kb2 Rh7 46. Ne6 Rxg5 47. Nxg5 Rh5,d4,Nf6,Bf4,g6,Nc3,d5,e3,Bg7,h4,c6,h5,Nxh5,Rxh5,gxh5,Qxh5,Nd7,Bd3,Nf6,Qh4,Qd7
"Anton Guijarro,D",chess.com INT,1.0,English Opening: Agincourt Defense,1. c4 e6 2. g3 d5 3. Bg2 c6 4. b3 d4 5. Nf3 c5 6. O-O Nc6 7. e3 Nf6 8. Re1 Bd6 9. exd4 cxd4 10. d3 O-O 11. Bg5 h6 12. Bxf6 Qxf6 13. Nbd2 Qe7 14. h4 Re8 15. h5 a5 16. Nh4 Bb4 17. Re4 Bc3 18. Rb1 Nb4 19. Nf5 Qc5 20. Qg4 Qf8 21. Nxh6+ Kh8 22. Nxf7+ Qxf7 23. Rf4 e5 24. Rxf7 Bxg4 25. Ne4 Bxh5 26. Rxb7 Nxd3 27. Nd6 Rf8 28. f4 exf4 29. Rb5 Bg6 30. Bxa8 Rxa8 31. Rg5 Bh7 32. Rf1 Bd2 33. Nf7+ Kg8 34. Nh6+ Kf8 35. Nf5 Ra7 36. gxf4 Bxf4 37. Nxd4 Kg8 38. Ne6 Be3+ 39. Kh2 Nf2 40. Rd5 Be4 41. Rd8+ Kf7 42. Ng5+ Bxg5 43. Rxf2+ Bf6 44. Kg3 Bc6 45. Rd6 Bd7 46. c5 Rc7 47. a3 Be6 48. b4 axb4 49. axb4 Rb7 50. Rf4 Ke7 51. Re4 Kf7 52. Rdxe6 Rxb4 53. Rxf6+,c4,e6,g3,d5,Bg2,c6,b3,d4,Nf3,c5,O-O,Nc6,e3,Nf6,Re1,Bd6,exd4,cxd4,d3,O-O
"Azarov,S",Baku AZE,1.0,Trompowsky Attack,1. d4 Nf6 2. Bg5 Ne4 3. Bf4 d5 4. f3 Nf6 5. Nc3 a6 6. e4 e6 7. Qd2 b5 8. e5 Nfd7 9. Bg5 f6 10. exf6 gxf6 11. Bh6 Be7 12. O-O-O c5 13. Re1 b4 14. Nb1 Nc6 15. Rxe6 Nxd4 16. Re1 Ne5 17. Ne2 Bf5 18. Nxd4 cxd4 19. Qxd4 Qc7 20. c3 Kf7 21. f4 Ng4 22. Qxd5+ Kg6 23. Qxf5+,d4,Nf6,Bg5,Ne4,Bf4,d5,f3,Nf6,Nc3,a6,e4,e6,Qd2,b5,e5,Nfd7,Bg5,f6,exf6,gxf6
"Azarov,S",Baku AZE,0.5,Trompowsky Attack,1. d4 Nf6 2. Bg5 Ne4 3. Bf4 d5 4. f3 Nf6 5. Nc3 a6 6. e4 e6 7. Nge2 c5 8. Qd2 Nc6 9. O-O-O dxe4 10. fxe4 cxd4 11. Nxd4 Qxd4 12. Qxd4 Nxd4 13. Rxd4 Bc5 14. Rd2 Bd7 15. Be2 Bc6 16. Bf3 Bb4 17. Rd3 O-O 18. e5 Bxc3 19. Rxc3 Nd5 20. Rc4 Nxf4 21. Bxc6 Rac8 22. Rxf4 Rxc6 23. Rd1 Rc5 24. Re4 Rfc8 25. c3 g5 26. Rd7 b5 27. Kd2 Kg7 28. Ke3 h5 29. h3 Kg6 30. Kf3 h4 31. Ra7 R8c6 32. g4 hxg3 33. Kxg3 Rd5 34. Re3 Rcc5 35. Rf3 Rxe5 36. Raxf7 Rf5 37. Ra7 Rc6 38. Rd3 Kf6 39. Rd8 b4 40. cxb4 Rc2 41. Rxa6 Rxb2 42. Rf8+ Ke5 43. Re8 Rf6 44. Ra5+ Ke4 45. Rxg5 Rxa2 46. Rg4+ Ke5 47. Rg5+ Ke4 48. Rg4+ Ke5 49. Rg5+ Ke4,d4,Nf6,Bg5,Ne4,Bf4,d5,f3,Nf6,Nc3,a6,e4,e6,Nge2,c5,Qd2,Nc6,O-O-O,dxe4,fxe4,cxd4
"Lorparizangeneh,S",chess.com INT,1.0,Nimzo-Larsen Attack: Modern Variation,1. c4 e5 2. b3 Nf6 3. Bb2 Nc6 4. g3 Bc5 5. Bg2 d6 6. a3 a5 7. e3 O-O 8. Nc3 Re8 9. d3 Bg4 10. Nge2 Qd7 11. h3 Bf5 12. g4 Bg6 13. Ng3 Nd8 14. h4 h6 15. g5 hxg5 16. hxg5 Nh7 17. Nce4 Ne6 18. Qg4 Rad8 19. O-O-O Nexg5 20. Qh4 Qe7 21. Nc3 c6 22. Rh2 d5 23. cxd5 Bxa3 24. dxc6 Qc5 25. Qc4 Bxb2+ 26. Kxb2 Qxc4 27. bxc4 bxc6 28. Bxc6 Re6 29. Nd5 Kf8 30. Bb5 Nf3 31. Rhh1 Red6 32. Ne4 Bxe4 33. dxe4 Kg8 34. c5,c4,e5,b3,Nf6,Bb2,Nc6,g3,Bc5,Bg2,d6,a3,a5,e3,O-O,Nc3,Re8,d3,Bg4,Nge2,Qd7
"Jones,G",chess.com INT,1.0,Nimzo-Larsen Attack: Modern Variation,1. b3 e5 2. e3 d5 3. g3 Nc6 4. Bb2 Be6 5. Bg2 Bd6 6. d3 Qd7 7. Nd2 Nf6 8. a3 a5 9. h3 h5 10. Ngf3 Bf5 11. Ng5 Ne7 12. Qe2 h4 13. g4 Bg6 14. O-O O-O-O 15. c4 Kb8 16. b4 axb4 17. axb4 Bxb4 18. Bxe5 Nc6 19. Ndf3 dxc4 20. Qa2 Ba5 21. Nd4 Nxd4 22. Qxa5 Ne2+ 23. Kh1,b3,e5,e3,d5,g3,Nc6,Bb2,Be6,Bg2,Bd6,d3,Qd7,Nd2,Nf6,a3,a5,h3,h5,Ngf3,Bf5
"Martinez Alcantara,Jose Eduardo",chess.com INT,0.0,Nimzo-Larsen Attack: Classical Variation,1. b3 d5 2. e3 Nf6 3. g3 g6 4. Bb2 Bg7 5. Bg2 O-O 6. Ne2 c5 7. c4 dxc4 8. bxc4 Nc6 9. O-O Bf5 10. Nf4 e5 11. Ne2 Bd3 12. Na3 Qe7 13. Re1 Rfd8 14. Qb3 Rd7 15. Nc3 e4 16. Ne2 g5 17. Nc1 Rad8 18. Bc3 Ng4 19. h3 Bxc3 20. Qxc3 Nge5 21. g4 Qe6 22. Rd1 f5 23. gxf5 Qxf5 24. Nc2 Rf8 25. Kh1 g4 26. Rg1 Rd6 27. Ne1 Rh6 28. Ncxd3 exd3 29. f4 gxf3 30. Nxf3 Kh8 31. Raf1 Rff6 32. Nh2 Qe6 33. Bd5 Rxf1 34. Bxe6 Rxg1+ 35. Kxg1 Rxe6 36. Nf3 Kg7 37. Kh1 b6 38. Ne1 Rd6 39. Ng2 Kf7 40. Nf4 Rd8 41. a3 Rg8 42. Qa1 Nf3 43. Nxd3 Ke7 44. Nf4 Nce5 45. Ne2 Nd3 46. Qf1 Nde1 47. d4 b5 48. cxb5 c4 49. Qf2 h5 50. e4 h4 51. d5 Kd6 52. b6 a6 53. b7 Kc7 54. b8=Q+ Kxb8 55. Qb6+ Ka8 56. Qxa6+ Kb8 57. Qb6+ Ka8 58. Qc6+ Kb8 59. d6 Rg3 60. Qc7+ Ka8 61. Qc8+ Ka7 62. Qc7+ Ka8 63. Nxg3 hxg3 64. Qc6+ Ka7 65. Qc5+ Ka8 66. Qd5+ Ka7 67. Qf7+ Kb6 68. Qc7+ Kb5 69. a4+ Kb4 70. Qb6+ Kxa4 71. Qa6+ Kb4 72. Qb6+ Ka4 73. Qa6+ Kb3 74. Qb6+ Kc2 75. Qg1 Nxg1 76. Kxg1 Nf3+ 77. Kg2 Ne5 78. Kxg3 Kd3 79. Kf4 Kd4,b3,d5,e3,Nf6,g3,g6,Bb2,Bg7,Bg2,O-O,Ne2,c5,c4,dxc4,bxc4,Nc6,O-O,Bf5,Nf4,e5
"Isanzhulov,Arystan",chess.com INT,1.0,Nimzo-Larsen Attack: Classical Variation,1. b3 d5 2. e3 Bg4 3. Qxg4,b3,d5,e3,Bg4,Qxg4,,,,,,,,,,,,,,,
"Bodnaruk,A",chess.com INT,1.0,Nimzo-Larsen Attack: Modern Variation,1. b3 e5 2. Bb2 d6 3. c4 Nc6 4. e3 g6 5. a3 Bg7 6. Nf3 Nf6 7. d4 e4 8. Nfd2 O-O 9. Nc3 Re8 10. Be2 h5 11. h3 h4 12. b4 Bf5 13. Nb3 g5 14. g4 hxg3 15. fxg3 Bg6 16. Qd2 d5 17. O-O-O a5 18. b5 a4 19. bxc6 axb3 20. cxb7 Rb8 21. h4 g4 22. h5 Bh7 23. h6 Bh8 24. Rdf1 Rxb7 25. cxd5 Nxd5 26. Bxg4 Nxc3 27. Qxc3 c5 28. Kb1 cxd4 29. exd4 e3+ 30. Bf5 Bxf5+ 31. Rxf5 e2 32. h7+ Kf8 33. a4 Qd6 34. Bc1 Rc7 35. Qd2 Re4 36. Re5 Rxe5 37. dxe5 Qg6+ 38. Ka1 Bxe5+ 39. Bb2 Bxb2+ 40. Qxb2 Rc2 41. h8=Q+ Ke7 42. Qhe5+ Kd7 43. Qbd4+,b3,e5,Bb2,d6,c4,Nc6,e3,g6,a3,Bg7,Nf3,Nf6,d4,e4,Nfd2,O-O,Nc3,Re8,Be2,h5
"Svane,R",chess.com INT,0.0,Nimzo-Larsen Attack: Classical Variation,1. b3 d5 2. Bb2 Bg4 3. f3 Bf5 4. e4 Bg6 5. exd5 Nf6 6. Bb5+ Nbd7 7. c4 a6 8. Bxd7+ Qxd7 9. Ne2 e6 10. Nf4 exd5 11. Qe2+ Kd8 12. Be5 dxc4 13. bxc4 Bc5 14. Nc3 Re8 15. Nxg6 hxg6 16. O-O-O Bd4 17. f4 Ng4 18. Nd5 Nxe5 19. fxe5 c6 20. Qe4 Bxe5 21. Nb6 Qd6 22. Kc2 Bd4 23. Qd3 Rb8 24. Rhf1 Kc7 25. Rb1 f5 26. Nd5+ cxd5 27. Qxd4 dxc4 28. Qxc4+ Qc6 29. Qxc6+ Kxc6 30. g4 Re5 31. gxf5 Rc5+ 32. Kd1 Rxf5 33. Rg1 g5 34. Rb3 Rh8 35. h3 Rd8 36. Rg2 b5 37. Rbg3 Rdd5 38. Kc2 a5 39. Re3 Kd7 40. a3 Rc5+ 41. Kb2 Rcd5 42. Kc2 Rfe5 43. Rf3 Ke7 44. Rgf2 Kd6 45. Rf7 Re7 46. Rf8 Rc7+ 47. Kb2 Rd7 48. Kc3 Rc5+ 49. Kb2 Rd5 50. Kc3 Kc6 51. Rc8+ Kb7 52. Rcf8 Rd3+ 53. Kb2 Rxd2+ 54. Rxd2 Rxd2+ 55. Kc3 Rh2 56. Rf3 Rg2 57. Rf7+ Kc6 58. Rxg7 Rg3+ 59. Kb2 Kd5 60. Rg8 Ke4 61. Rb8 Rg2+ 62. Kc3 Rg3+ 63. Kb2 b4 64. axb4 axb4 65. Rxb4+ Kf3 66. h4 g4 67. Kc2 Rh3 68. Kd2 Rxh4 69. Rb3+ Kg2 70. Ke2 g3 71. Rb8 Re4+ 72. Kd3 Re7 73. Rh8 Kg1 74. Kd2 g2 75. Rh6 Re5 76. Rh7 Kf2 77. Rf7+ Kg3 78. Rg7+ Kf3 79. Rg8 Re4 80. Kd3 Rg4 81. Rf8+ Kg3,b3,d5,Bb2,Bg4,f3,Bf5,e4,Bg6,exd5,Nf6,Bb5+,Nbd7,c4,a6,Bxd7+,Qxd7,Ne2,e6,Nf4,exd5
"Esipenko,Andrey",chess.com INT,0.0,Nimzo-Larsen Attack: Classical Variation,1. b3 d5 2. Bb2 Bf5 3. Nf3 e6 4. g3 h6 5. Bg2 Nf6 6. O-O Be7 7. d3 O-O 8. Nbd2 Bh7 9. Ne5 a5 10. a3 Nbd7 11. Nxd7 Nxd7 12. e4 Bf6 13. d4 c6 14. c4 dxe4 15. Nxe4 Bxe4 16. Bxe4 Qc7 17. Qf3 Rfd8 18. Rad1 Rac8 19. Bc1 Qb6 20. c5 Qc7 21. b4 axb4 22. axb4 Bg5 23. Bb2 Nf8 24. b5 cxb5 25. Bxb7 Rb8 26. c6 Bf6 27. Qe4 Ng6 28. Bc1 Rd5 29. Be3 b4 30. Rb1 Rxb7 31. cxb7 Qxb7 32. Rfc1 Be7 33. h4 Bd6 34. Rc4 Qa6 35. Qc2 Ne7 36. Bd2 Rb5 37. Bxb4 Qb7 38. Qd2 Nd5 39. Bxd6 Rxb1+ 40. Rc1 Rxc1+ 41. Qxc1 Qb3 42. Bf4 Qd3 43. Qd2 Qe4 44. Be3 h5 45. Qc1 Kh7 46. Qd2 Kg6 47. Kh2 f6 48. Qe2 Ne7 49. Qb5 Nc6 50. Qb7 Qd5 51. Qa8 Kf7 52. Qb7+ Ne7 53. Qxd5 Nxd5 54. Bd2 Kg6 55. Kg2 Kf5 56. Kf3 g5 57. Bc1 g4+ 58. Ke2 Ke4 59. Bb2 f5 60. Bc1 Kxd4 61. Bg5 Ke4 62. Bd2 e5 63. Bc1 f4 64. Bd2 Ne7 65. Kf1 Kf3 66. gxf4 exf4 67. Bb4 Nf5 68. Be7 Nxe7,b3,d5,Bb2,Bf5,Nf3,e6,g3,h6,Bg2,Nf6,O-O,Be7,d3,O-O,Nbd2,Bh7,Ne5,a5,a3,Nbd7
"Colbow,Collin",Dusseldorf GER,1.0,Nimzo-Larsen Attack: Classical Variation,1. b3 d5 2. Bb2 Bf5 3. Nf3 Nf6 4. e3 e6 5. Nh4 Bg4 6. Be2 Bxe2 7. Qxe2 c6 8. f4 Nbd7 9. O-O Bd6 10. d3 O-O 11. Nd2 e5 12. Nf5 Bc7 13. fxe5 Bxe5 14. d4 Bc7 15. e4 dxe4 16. Nxe4 Re8 17. Nxf6+ Nxf6 18. Qd3 Nd5 19. Qf3 Qg5 20. Bc1 Qg6 21. c4 Ne7 22. Nh4 Qe6 23. Bg5 Ng6 24. Nf5 Bb6 25. c5 Bc7 26. h4 f6 27. Nxg7 Kxg7 28. Rae1 Qf7 29. Rxe8 Rxe8 30. h5 Ne7 31. Bxf6+ Kg8 32. Qg4+ Ng6 33. Be5 Qe6 34. Qxe6+ Rxe6 35. Bxc7 Ne7 36. Bd6 Kg7 37. Be5+ Kh6 38. g4 Kg5 39. Rf7 Kxg4 40. Rxh7 b6 41. b4 bxc5 42. bxc5 a5 43. Kf2 Nd5 44. Ra7 Nb4 45. Rxa5 Nd3+ 46. Ke3 Nxe5 47. dxe5 Rxe5+ 48. Kd4 Rxh5 49. Ra6 Rh6 50. Ke5 Kf3 51. Ra3+ Kg4 52. Re3 Rg6 53. a4 Rh6 54. a5 Rh8 55. Kd6 Ra8 56. Ra3 Ra6 57. Kc7 Kf5 58. Kb7,b3,d5,Bb2,Bf5,Nf3,Nf6,e3,e6,Nh4,Bg4,Be2,Bxe2,Qxe2,c6,f4,Nbd7,O-O,Bd6,d3,O-O
"Keymer,Vincent",Kolkata IND,0.0,Rapport-Jobava System,1. d4 Nf6 2. Nc3 d5 3. Bf4 c5 4. e3 cxd4 5. exd4 Bg4 6. Be2 Bxe2 7. Qxe2 a6 8. g4 h6 9. O-O-O e6 10. h4 Nc6 11. Qf3 g6 12. Nge2 Be7 13. Qg3 b5 14. Kb1 Rc8 15. Nc1 b4 16. N3e2 h5 17. g5 Ne4 18. Qe3 Nd6 19. Bxd6 Bxd6 20. Nd3 a5 21. f4 Ne7 22. Rc1 O-O 23. Ne5 a4 24. c3 Nf5 25. Qd3 Bxe5 26. fxe5 Qb6 27. cxb4 Qxb4 28. a3 Qb7 29. Rc5 Rb8 30. b4 axb3 31. Ng3 Nxg3 32. Qxg3 Qa6 33. Qf2 Ra8 34. Qb2 Qd3+ 35. Ka1 Rxa3+ 36. Qxa3 Qxd4+ 37. Kb1 Qe4+ 38. Kb2 Qg2+ 39. Kc3 Qxh1 40. Qb4 Qb1 41. Qxb3 Qc1+ 42. Qc2 Qe3+ 43. Kb4 Qd4+ 44. Ka5 Qa1+ 45. Kb6 Rb8+ 46. Kc6 Qa8+ 47. Kd6 Rd8+ 48. Ke7 Re8+ 49. Kd7 Qd8+ 50. Kc6 Qc8+ 51. Kb6 Qb8+ 52. Kc6 Rc8+ 53. Kd7 Qb7+ 54. Rc7 Rxc7+ 55. Qxc7 Qxc7+ 56. Ke8 Qxe5,d4,Nf6,Nc3,d5,Bf4,c5,e3,cxd4,exd4,Bg4,Be2,Bxe2,Qxe2,a6,g4,h6,O-O-O,e6,h4,Nc6
"Grischuk,A",Kolkata IND,1.0,Rapport-Jobava System,1. d4 Nf6 2. Bf4 g6 3. Nc3 d5 4. e3 Bg7 5. h4 h5 6. Nf3 O-O 7. Ne5 c5 8. Qd2 cxd4 9. exd4 Bf5 10. f3 Nc6 11. Bb5 Nxe5 12. dxe5 Nd7 13. Qxd5 Nb6 14. Qxd8 Rfxd8 15. Rc1 Rac8 16. O-O Nc4 17. Bxc4 Rxc4 18. g3 a6 19. Rfd1 Rxd1+ 20. Rxd1 b5 21. Rd2 f6 22. Nd5 fxe5 23. Nxe7+ Kf7 24. Nxf5 gxf5 25. Bg5 Ke6 26. Kf2 e4 27. c3 a5 28. Bf4 Be5 29. Bxe5 Kxe5 30. Ke3 b4 31. Rd4 Rc7 32. cxb4 exf3 33. bxa5 Rc2 34. Rd2 Rc5 35. Kxf3 Rxa5 36. Re2+ Kf6 37. a3 Ra4 38. Re3 Rg4 39. b4 f4 40. gxf4 Rxh4 41. b5 Rh1 42. Re5 Rh3+ 43. Kg2 Rxa3 44. Rxh5 Rb3 45. Kf2 Kg6 46. Re5 Kf6 47. Ke2 Kg6 48. Rc5 Kf6 49. Rd5 Ke6 50. Re5+ Kd6 51. Kf2 Ra3 52. Re3 Ra4 53. Kf3 Rb4 54. Re5 Rb1 55. Kg4,d4,Nf6,Bf4,g6,Nc3,d5,e3,Bg7,h4,h5,Nf3,O-O,Ne5,c5,Qd2,cxd4,exd4,Bf5,f3,Nc6
"Nepomniachtchi,I",chess.com INT,1.0,English Opening: Agincourt Defense,1. Nf3 e6 2. c4 d5 3. g3 dxc4 4. Bg2 Bd7 5. Ne5 Nc6 6. Nxd7 Qxd7 7. Qa4 Nf6 8. Qxc4 Be7 9. Bxc6 bxc6 10. d3 O-O 11. O-O a5 12. a3 Nd5 13. Nc3 Nxc3 14. Qxc3 Rfb8 15. Qc2 Bf6 16. Rb1 a4 17. Bd2 Rb3 18. Rfc1 Ra6 19. Qc4 Qc8 20. Bc3 Bxc3 21. Rxc3 Rb5 22. Rc2 Qb7 23. d4 h5 24. h4 g6 25. Qd3 Raa5 26. Qf3 Rb6 27. Rbc1 Rd5 28. e3 Rd6 29. Qe2 Rb3 30. Rd2 Rd5 31. Rc4 Rdb5 32. Rxa4 Rxb2 33. Rxb2 Rxb2 34. Qf3 Kg7 35. Rc4 Rb1+ 36. Kh2 Qb3 37. Rxc6 Qxa3 38. Rxc7 Qf8 39. Qe4 Kg8 40. Qxb1,Nf3,e6,c4,d5,g3,dxc4,Bg2,Bd7,Ne5,Nc6,Nxd7,Qxd7,Qa4,Nf6,Qxc4,Be7,Bxc6,bxc6,d3,O-O
"Nepomniachtchi,I",chess.com INT,0.0,English Opening: Agincourt Defense,1. Nf3 d5 2. c4 e6 3. e3 Nf6 4. Nc3 Be7 5. d4 O-O 6. Qc2 b6 7. b3 Bb7 8. Bb2 Nbd7 9. Be2 Rc8 10. cxd5 Nxd5 11. Nxd5 Bxd5 12. e4 Bb7 13. Rd1 c5 14. d5 exd5 15. exd5 Bf6 16. O-O Bxb2 17. Qxb2 Qf6 18. Qa3 a6 19. Qa4 b5 20. Qg4 Rcd8 21. a4 Nb6 22. axb5 axb5 23. Bxb5 Nxd5 24. Bc4 Nf4 25. Rxd8 Rxd8 26. Ng5 h5 27. Qg3 Bd5 28. Nh3 Bxc4 29. Nxf4 Bxf1 30. Nxh5 Qa1 31. h4 Be2+ 32. Kh2 Bxh5 33. Qg5 Qf6 34. Qxh5 Qxf2 35. Qg5 Qf6 36. Qg3 Qd6,Nf3,d5,c4,e6,e3,Nf6,Nc3,Be7,d4,O-O,Qc2,b6,b3,Bb7,Bb2,Nbd7,Be2,Rc8,cxd5,Nxd5
"Zhalmakhanov,Ramazan",Hangzhou CHN,0.5,Trompowsky Attack,1. d4 Nf6 2. Bg5 Ne4 3. Bf4 d5 4. e3 c5 5. Bd3 g6 6. Be5 f6 7. Bxb8 Rxb8 8. Nf3 Bg7 9. O-O cxd4 10. exd4 O-O 11. c4 Bg4 12. cxd5 f5 13. Be2 Qb6 14. Qb3 Qxb3 15. axb3 Bxf3 16. gxf3 Ng5 17. Rd1 Nh3+ 18. Kf1 a6 19. b4 Nf4 20. Nc3 Rfd8 21. Ra5 Kf8 22. Bc4 b5 23. Bb3 Rb6 24. Raa1 Bf6 25. Ke1 Ng2+ 26. Ke2 Nf4+ 27. Ke1 Ng2+ 28. Kf1 Nf4 29. Ke1 Ng2+,d4,Nf6,Bg5,Ne4,Bf4,d5,e3,c5,Bd3,g6,Be5,f6,Bxb8,Rxb8,Nf3,Bg7,O-O,cxd4,exd4,O-O
"Gedajlovic,Max",chess.com INT,1.0,English Opening: Agincourt Defense,1. Nf3 d5 2. c4 e6 3. b3 Nf6 4. Bb2 Be7 5. g3 O-O 6. Bg2 a5 7. Nc3 c6 8. O-O Nbd7 9. d4 Ne4 10. Nxe4 dxe4 11. Ne1 f5 12. f3 exf3 13. Nxf3 Bf6 14. Qc2 c5 15. Rad1 cxd4 16. Nxd4 Qb6 17. Kh1 Nc5 18. Nb5 Be7 19. Bd4 Rd8 20. e4 Bd7 21. exf5 Bxb5 22. cxb5 Qxb5 23. fxe6 Nxe6 24. Bb2 Rac8 25. Qe4 Qb6 26. Bh3 Rxd1 27. Qxe6+,Nf3,d5,c4,e6,b3,Nf6,Bb2,Be7,g3,O-O,Bg2,a5,Nc3,c6,O-O,Nbd7,d4,Ne4,Nxe4,dxe4
"Kravtsiv,M",chess.com INT,0.0,English Opening: Agincourt Defense,1. c4 e6 2. Nf3 d5 3. e3 Nf6 4. b3 Be7 5. Bb2 O-O 6. d4 c5 7. Nbd2 Nc6 8. cxd5 Nxd5 9. dxc5 Bxc5 10. Bc4 a6 11. O-O b5 12. Be2 Bb7 13. Ne4 Bb6 14. Rc1 Qe7 15. Qc2 h6 16. Rfd1 Rac8 17. Qb1 Rfd8 18. Qa1 f5 19. Ng3 f4 20. exf4 Nxf4 21. Bf1 Nb4 22. Ne5 Nc2 23. Rxd8+ Qxd8 24. Qb1 Bxf2+ 25. Kh1 Ne3 26. Rxc8 Qxc8 27. Ne4 Nxf1 28. Ng4 Nd2 29. Nxh6+ Kf8 30. Ba3+ Ke8 31. Nd6+ Kd7,c4,e6,Nf3,d5,e3,Nf6,b3,Be7,Bb2,O-O,d4,c5,Nbd2,Nc6,cxd5,Nxd5,dxc5,Bxc5,Bc4,a6
"Zakhartsov,Vl",chess.com INT,1.0,English Opening: Agincourt Defense,1. c4 e6 2. Nf3 d5 3. e3 Nf6 4. b3 b6 5. Bb2 Bb7 6. Nc3 Nbd7 7. Rc1 a6 8. cxd5 exd5 9. Ne2 g6 10. h4 h5 11. Ng5 Bg7 12. Nf4 O-O 13. Bd3 Nc5 14. Bb1 Nce4 15. Qc2 c5 16. d3 Nxg5 17. hxg5 Ng4 18. Bxg7 Kxg7 19. d4 Qxg5 20. Nxh5+ gxh5 21. Qh7+ Kf6 22. Rxh5 Qg8 23. Qf5+ Ke7 24. Rg5 Qh8 25. Qxg4 Rg8 26. Qf4 Rxg5 27. Qxg5+ f6 28. Qf4 Rc8 29. Bf5 Rc6 30. dxc5 bxc5 31. Kd2 Qd8 32. Rh1 Qa5+ 33. Kd1 Qxa2 34. Rh7+ Kd8 35. Rxb7 Qa1+ 36. Ke2 Qb2+ 37. Kf3,c4,e6,Nf3,d5,e3,Nf6,b3,b6,Bb2,Bb7,Nc3,Nbd7,Rc1,a6,cxd5,exd5,Ne2,g6,h4,h5
"Khismatullin,D",chess.com INT,0.5,English Opening: Agincourt Defense,1. c4 e6 2. Nf3 Nf6 3. Nc3 d5 4. e3 Be7 5. b3 O-O 6. Bb2 b6 7. cxd5 Nxd5 8. a3 c5 9. Qc2 Ba6 10. Bxa6 Nxa6 11. h4 Qd7 12. h5 h6 13. Ne5 Qb7 14. O-O-O Rac8 15. Qe4 b5 16. Nxd5 exd5 17. Qg4 d4 18. Rh3 Qd5 19. f4 Rfd8 20. exd4 cxd4+ 21. Kb1 Nc5 22. Qf3 Qe6 23. Re1 Qf5+ 24. Ka2 Qc2 25. Nc6 Rxc6 26. Qxc6 d3 27. Rxe7 Qxb3+ 28. Ka1 Qd1+ 29. Ka2 Qb3+ 30. Ka1 Qd1+ 31. Ka2 Qb3+,c4,e6,Nf3,Nf6,Nc3,d5,e3,Be7,b3,O-O,Bb2,b6,cxd5,Nxd5,a3,c5,Qc2,Ba6,Bxa6,Nxa6
"Nitin,S",chess.com INT,1.0,Nimzo-Larsen Attack: Modern Variation,1. b3 e5 2. Bb2 d6 3. g3 h5 4. Nf3 e4 5. Nh4 Nd7 6. d3 Ngf6 7. Nd2 d5 8. e3 Bd6 9. Nf5 Be5 10. d4 Bd6 11. Nxg7+ Kf8 12. Nf5 Nb6 13. Nxd6 cxd6 14. h3 Bf5 15. c4 dxc4 16. bxc4 d5 17. c5 Nc8 18. Qb3 Rb8 19. a4 Ne7 20. a5 Nc6 21. Bc3 Qd7 22. Qa4 Kg7 23. Rb1 a6 24. Rb6 Rhc8 25. Kd1 Qe8 26. Kc1 Nd7 27. Rb2 Nf6 28. Kb1 Bd7 29. Qa3 Na7 30. Rb6 Bc6 31. g4 h4 32. Ka1 Nd7 33. Rb1 Nb5 34. Qc1 Qd8 35. Bb4 Nf8 36. f4 Bd7 37. Qe1 Na7 38. Bc3 Nc6 39. Rb6 Be8 40. g5 Nd7 41. Qxh4 Nxb6 42. axb6 Qd7 43. Be2 Ne7 44. Nxe4 Qa4+ 45. Kb2 Ng8 46. Nf6,b3,e5,Bb2,d6,g3,h5,Nf3,e4,Nh4,Nd7,d3,Ngf6,Nd2,d5,e3,Bd6,Nf5,Be5,d4,Bd6
"Djokic,Mihailo",chess.com INT,1.0,Nimzo-Larsen Attack: Classical Variation,1. b3 d5 2. Bb2 Nf6 3. e3 Bf5 4. Nf3 h6 5. c4 e6 6. Nc3 Be7 7. d4 O-O 8. Bd3 Bxd3 9. Qxd3 Nbd7 10. g4 Bb4 11. O-O-O Nxg4 12. Qe2 Qf6 13. h3 Bxc3 14. Bxc3 Nxf2 15. Qxf2 c5 16. Kb2 dxc4 17. dxc5 Qe7 18. Rhg1 f6 19. Nh4 Rf7 20. b4 a5 21. a3 Qe8 22. Ra1 b6 23. c6 Ne5 24. Bxe5 fxe5 25. Qg2 e4 26. Qxe4 Rf2+ 27. Kc3 Qe7 28. b5 Rd8 29. Rg6 Rd3+ 30. Kxc4 Qc5+ 31. Kxd3 Qc2+ 32. Kd4 Qb2+ 33. Kc4 Rc2+ 34. Qxc2 Qxc2+ 35. Kd4 Qb2+ 36. Ke4 Qxa1 37. Rxe6 Qb1+ 38. Ke5 Qxb5+ 39. Kd6 Kf7 40. Ng6 Qc5+ 41. Kd7 Qd5+ 42. Rd6 Qf5+ 43. Kd8 Qg5+ 44. Kd7 Qf5+ 45. Kc7 Qb5 46. e4 Qa6 47. Kd7 b5 48. c7 Qb7 49. e5 b4 50. e6+ Kg8 51. e7 Qb5+ 52. Kd8 Qa6 53. e8=Q+,b3,d5,Bb2,Nf6,e3,Bf5,Nf3,h6,c4,e6,Nc3,Be7,d4,O-O,Bd3,Bxd3,Qxd3,Nbd7,g4,Bb4
"Sjugirov,S",chess.com INT,1.0,English Opening: Agincourt Defense,1. Nf3 d5 2. c4 e6 3. g3 dxc4 4. Bg2 a6 5. O-O Nf6 6. Na3 Bxa3 7. bxa3 Nc6 8. Qc2 e5 9. Bb2 Qe7 10. Qxc4 O-O 11. d3 Re8 12. a4 Be6 13. Qc2 Qd6 14. Rfc1 Bd5 15. Qc5 e4 16. Qxd6 cxd6 17. dxe4 Nxe4 18. e3 Nb4 19. Rd1 Bc6 20. a5 Rac8 21. a3 Nc2 22. Rac1 Ba4 23. Bf1 Bb5 24. Bxb5 axb5 25. Rd5 b4 26. axb4 Nxb4 27. Rxc8 Rxc8 28. Rd4,Nf3,d5,c4,e6,g3,dxc4,Bg2,a6,O-O,Nf6,Na3,Bxa3,bxa3,Nc6,Qc2,e5,Bb2,Qe7,Qxc4,O-O
"Olenik Campa,Rudi",chess.com INT,0.0,Nimzo-Larsen Attack: Modern Variation,1. b3 e5 2. Bb2 Nc6 3. e3 d5 4. Bb5 Bd6 5. Nf3 Qe7 6. d4 e4 7. Ne5 Bd7 8. Nxd7 Qxd7 9. c4 Nf6 10. Nc3 a6 11. Ba4 Qf5 12. Qe2 O-O 13. g4 Nxg4 14. Nxd5 Nb4 15. Rg1 Nd3+ 16. Kd2 Ngxf2 17. Bc3 b5 18. cxb5 axb5 19. Bxb5 Qxd5 20. Bc4 Qf5 21. a4 c5 22. Raf1 cxd4 23. exd4 e3+ 24. Kc2 Nf4+ 25. Bd3 N4xd3 26. Qxe3 Nb4+,b3,e5,Bb2,Nc6,e3,d5,Bb5,Bd6,Nf3,Qe7,d4,e4,Ne5,Bd7,Nxd7,Qxd7,c4,Nf6,Nc3,a6
"Bluebaum,M",chess.com INT,1.0,Nimzo-Larsen Attack: Classical Variation,1. b3 d5 2. e3 c5 3. Bb2 a6 4. f4 Nc6 5. Nf3 Nf6 6. Be2 Bf5 7. O-O e6 8. Nh4 Bg6 9. d3 Be7 10. Nd2 O-O 11. e4 dxe4 12. Nxg6 hxg6 13. dxe4 b5 14. c4 Nd4 15. e5 Ne8 16. Nf3 Nxe2+ 17. Qxe2 Qb6 18. Ng5 Rd8 19. Rf3 bxc4 20. bxc4 Nc7 21. Raf1 f6 22. exf6 Bxf6 23. Bxf6 gxf6 24. Ne4 f5 25. Rb3 Qc6 26. Ng5 Qd6 27. Qe1 Kg7 28. Qa1+ Kg8 29. Qe1 Kg7 30. Qc3+ Kg8 31. Rb7 Rd7 32. Qe3 Re8 33. Re1 Qd4 34. Qxd4 cxd4 35. Nf3 Rde7 36. Nxd4 Kf7 37. Nc6 Nd5 38. Nxe7 Nxe7 39. Rb6 Ng8 40. Rxa6 Nf6 41. Ra7+ Kf8 42. Rb1 Ne4 43. Rbb7 Rd8 44. Rf7+ Kg8 45. Rg7+ Kf8 46. Raf7+ Ke8 47. Rg8+ Kxf7 48. Rxd8 Ke7 49. Ra8 Nc3 50. g3 g5 51. fxg5,b3,d5,e3,c5,Bb2,a6,f4,Nc6,Nf3,Nf6,Be2,Bf5,O-O,e6,Nh4,Bg6,d3,Be7,Nd2,O-O
"Vasquez Schroeder,R",chess.com INT,1.0,Nimzo-Larsen Attack: Classical Variation,1. b3 d5 2. e3 Nf6 3. Bb2 Bf5 4. Nf3 e6 5. Nh4 Bg4 6. Be2 Bxe2 7. Qxe2 c6 8. O-O Nbd7 9. d3 Bd6 10. f4 O-O 11. Nd2 Qc7 12. g4 g6 13. Kh1 e5 14. f5 g5 15. Nhf3 h6 16. e4 d4 17. h4 Nh7 18. Kg2 f6 19. Rh1 Kg7 20. Nf1 Rh8 21. Ng3 Rag8 22. Rh3 gxh4 23. Nxh4 Ng5 24. Rh2 Nf8 25. Rah1 Kf7 26. Bc1 Ke8 27. Nf3 Nf7 28. Rh4 Be7 29. a4 Kd8 30. Ng1 Qa5 31. Bxh6 Nxh6 32. Rxh6 Rxh6 33. Rxh6 Qc3 34. Nh3 Qa1 35. g5 Qc1 36. Qf2 Nd7 37. Rg6 Rh8 38. gxf6 Bxf6 39. Ng1 Ke7 40. Nf3 Nf8 41. Rg4 Nd7 42. Ng1 b5 43. Nf1 bxa4 44. bxa4 Nc5 45. a5 Na4 46. Rg3 Nc3 47. Rh3 Rxh3 48. Kxh3 Qa3 49. Nf3 Qxa5 50. Qg3 Ne2 51. Qg8 Nf4+ 52. Kg4 Qc5 53. Ng5 Bxg5 54. Qxg5+ Kd7 55. f6 Ke6 56. Qg7 Qd6 57. f7 Qe7 58. f8=Q,b3,d5,e3,Nf6,Bb2,Bf5,Nf3,e6,Nh4,Bg4,Be2,Bxe2,Qxe2,c6,O-O,Nbd7,d3,Bd6,f4,O-O
"Miranda,Rafael",chess.com INT,1.0,Nimzo-Larsen Attack: Classical Variation,1. b3 d5 2. Bb2 Nf6 3. e3 e6 4. f4 Bd6 5. Nf3 c5 6. Bb5+ Nc6 7. O-O O-O 8. Bxc6 bxc6 9. Ne5 Bb7 10. d3 a5 11. a4 Ne8 12. Qg4 Qe7 13. Nd2 f6 14. Nef3 Bc8 15. Qg3 Rb8 16. e4 f5 17. Ne5 Bb7 18. Rae1 Qd8 19. exf5 Rxf5 20. Ng4 Kh8 21. Rxe6 Bc8 22. Re2 Rf7 23. Rfe1 Bd7 24. Nh6,b3,d5,Bb2,Nf6,e3,e6,f4,Bd6,Nf3,c5,Bb5+,Nc6,O-O,O-O,Bxc6,bxc6,Ne5,Bb7,d3,a5
"Zhigalko,S",chess.com INT,0.5,Nimzo-Larsen Attack: Modern Variation,1. b3 e5 2. Bb2 Nc6 3. c4 Nf6 4. e3 g6 5. Nc3 Bg7 6. h3 O-O 7. d3 d5 8. cxd5 Nxd5 9. a3 e4 10. d4 Nxc3 11. Bxc3 Ne7 12. Qc2 Nd5 13. Bb2 c6 14. Bc4 Re8 15. Ne2 Qg5 16. Ng3 Nxe3 17. fxe3 Qxg3+ 18. Qf2 Qxf2+ 19. Kxf2 Be6 20. a4 f5 21. a5 Kf7 22. a6 b6 23. h4 Rad8 24. h5 g5 25. Rad1 Bxc4 26. bxc4 c5 27. Ke2 cxd4 28. Bxd4 Bxd4 29. Rxd4 Rxd4 30. exd4 f4 31. Rb1 Rc8 32. c5 bxc5 33. d5 c4 34. Rb7+ Kf6 35. d6 Ke6 36. d7 Rd8 37. Rxa7 c3 38. Rb7 c2 39. Kd2 f3 40. gxf3 exf3 41. Kxc2 f2 42. Rb1 g4 43. Kd3 Rxd7+ 44. Ke2 g3 45. Kf3 Rf7+ 46. Kg2 Kd5 47. Ra1 Ra7 48. Kxg3 Rxa6 49. Rf1 Ra3+ 50. Kg4 Ra4+ 51. Kg3 Ra2 52. Rxf2 Rxf2 53. Kxf2 Ke4 54. Kg3 Kf5 55. Kh4 h6 56. Kg3 Kg5 57. Kh3 Kxh5 58. Kh2 Kg5 59. Kh1 h5 60. Kh2 h4 61. Kh1 Kh5 62. Kh2 Kg4 63. Kh1 h3 64. Kh2 Kh4 65. Kh1 Kg3 66. Kg1 h2+ 67. Kh1 Kh3,b3,e5,Bb2,Nc6,c4,Nf6,e3,g6,Nc3,Bg7,h3,O-O,d3,d5,cxd5,Nxd5,a3,e4,d4,Nxc3
"Terry,R",chess.com INT,1.0,Nimzo-Larsen Attack: Classical Variation,1. b3 d5 2. e3 e5 3. Bb2 Bd6 4. Nf3 Qe7 5. c4 d4 6. d3 Nf6 7. Nbd2 O-O 8. Be2 dxe3 9. fxe3 Ng4 10. Nf1 Bb4+ 11. N3d2 Qh4+ 12. g3 Qh3 13. Bf3 Nc6 14. a3 Bc5 15. Qe2 a5 16. Ne4 Be7 17. O-O-O Bf5 18. Bg2 Qh6 19. h3 Nf6 20. Nxf6+ Qxf6 21. g4 Be6 22. Ng3 Qh4 23. Nf5 Bxf5 24. gxf5 Bf6 25. Qg4 Qh6 26. Kd2 Nd4 27. Rb1 Nxb3+ 28. Ke2 a4 29. Bxb7 Rab8 30. Bd5 Rb6 31. Bc3 Rfb8 32. Kf2 Nc5 33. Rxb6 Rxb6 34. d4 Rb3 35. dxc5 Rxc3 36. Qe4 Rxa3 37. Rd1 Qh4+ 38. Qxh4 Bxh4+ 39. Ke2 Bg5 40. e4 Re3+ 41. Kf2 a3 42. Rb1 g6 43. h4 Bf4 44. f6 h5 45. Rb8+ Kh7 46. Bxf7 a2 47. Bg8+ Kh6 48. Bd5 a1=Q 49. Rh8#,b3,d5,e3,e5,Bb2,Bd6,Nf3,Qe7,c4,d4,d3,Nf6,Nbd2,O-O,Be2,dxe3,fxe3,Ng4,Nf1,Bb4+
"Bok,B",chess.com INT,1.0,Nimzo-Larsen Attack: Classical Variation,1. b3 d5 2. Bb2 Bf5 3. e3 e6 4. Nf3 h6 5. c4 Nf6 6. Nc3 Nbd7 7. d4 c6 8. Bd3 Bxd3 9. Qxd3 Be7 10. O-O-O Qa5 11. Kb1 O-O 12. g4 Nxg4 13. Qe2 f5 14. Rhg1 Bb4 15. Rc1 Rf7 16. Nh4 Kh7 17. f3 Ngf6 18. Ng6 dxc4 19. bxc4 Ba3 20. Ka1 Bxb2+ 21. Qxb2 Nb6 22. Ne2 Qa6 23. Ne5 Rc7 24. Nf4 Re8 25. Rg6 Rce7 26. Qg2 Nbd7 27. Rg1 Ng4 28. Nxg4 Qxc4 29. Rxg7+ Kh8 30. Rxe7 Rxe7 31. Ng6+ Kg7,b3,d5,Bb2,Bf5,e3,e6,Nf3,h6,c4,Nf6,Nc3,Nbd7,d4,c6,Bd3,Bxd3,Qxd3,Be7,O-O-O,Qa5
"Mamedov,Rau",Baku AZE,0.0,Rapport-Jobava System,1. d4 d5 2. Nc3 Nf6 3. Bf4 g6 4. e3 Bg7 5. h4 h5 6. Nf3 Bg4 7. Qd2 c5 8. Ne5 cxd4 9. exd4 Nc6 10. f3 Bf5 11. Bb5 Rc8 12. O-O-O Qb6 13. Bxc6+ bxc6 14. Na4 Qa6 15. b3 c5 16. dxc5 O-O 17. Kb1 Nd7 18. Qxd5 Nb6 19. Nxb6 axb6 20. c6 b5 21. g4 Bxc2+ 22. Kxc2 Qxa2+ 23. Kc3 b4+ 24. Kd3 Bxe5 25. Qxe5 Rxc6 26. Qd5 Rc3+ 27. Kd4 Qf2+ 28. Ke5 Rc5 29. gxh5 Rxd5+ 30. Rxd5 Qe2+ 31. Kd4 Qxf3,d4,d5,Nc3,Nf6,Bf4,g6,e3,Bg7,h4,h5,Nf3,Bg4,Qd2,c5,Ne5,cxd4,exd4,Nc6,f3,Bf5
"Abasov,N",Baku AZE,0.0,Rapport-Jobava System,1. d4 Nf6 2. Nc3 d5 3. Bf4 e6 4. Nb5 Bb4+ 5. c3 Ba5 6. e3 a6 7. Na3 O-O 8. Bd3 Nbd7 9. Nf3 c5 10. O-O Bc7 11. Nb1 Re8 12. Ne5 Nxe5 13. Bxe5 Nd7 14. Bxc7 Qxc7 15. f4 b5 16. Nd2 Rb8 17. Nf3 b4 18. cxb4 c4 19. Rc1 Rxb4 20. b3 Qa5 21. bxc4 Qxa2 22. c5 Nf6 23. Rc2 Qa3 24. Qd2 Ne4 25. Bxe4 dxe4 26. Ne5 Qa4 27. Rfc1 Rb3 28. Nc4 Rd8 29. Ra2 Qb5 30. Nd6 Qc6 31. Rb2 Rd3 32. Qe1 Bd7 33. h3 h6 34. Qh4 Rf8 35. Qf2 Qd5 36. Rb6 a5 37. Nc4 a4 38. Ne5 a3 39. Rd6 Qb3 40. Nxd3 exd3 41. Rxd7 Ra8 42. c6 Qb2 43. Qxb2 axb2 44. Rf1 Ra1 45. Rb7 d2 46. c7 Rxf1+ 47. Kh2 d1=Q 48. c8=Q+ Kh7 49. Rxb2 Qe1 50. Qc2+ f5,d4,Nf6,Nc3,d5,Bf4,e6,Nb5,Bb4+,c3,Ba5,e3,a6,Na3,O-O,Bd3,Nbd7,Nf3,c5,O-O,Bc7
"Yuan,Qingyu",chess.com INT,0.5,Nimzo-Larsen Attack: Modern Variation,1. c4 Nf6 2. b3 e5 3. Bb2 Nc6 4. e3 g6 5. Nf3 d6 6. d4 exd4 7. Nxd4 Bd7 8. Be2 Bg7 9. O-O O-O 10. Nd2 Re8 11. h3 Ne5 12. N2f3 Ne4 13. Qc2 Nc6 14. Rad1 Qe7 15. a3 a6 16. b4 Nxd4 17. Nxd4 c5 18. Nb3 Ba4 19. Bxg7 Kxg7 20. Bf3 Rac8 21. Rd3 b5 22. bxc5 dxc5 23. Bxe4 Qxe4 24. Qc3+ Qe5 25. Qxe5+ Rxe5 26. Rc1 bxc4 27. Rxc4 Bb5 28. Na5 Bxc4 29. Nxc4 Ree8 30. Rd7 Red8 31. Ra7 Ra8 32. Rc7 Rac8 33. Ra7 Ra8 34. Rc7 Rac8 35. Rb7 Rb8 36. Ra7 Ra8,c4,Nf6,b3,e5,Bb2,Nc6,e3,g6,Nf3,d6,d4,exd4,Nxd4,Bd7,Be2,Bg7,O-O,O-O,Nd2,Re8
"Paravyan,D",chess.com INT,0.5,Nimzo-Larsen Attack: Modern Variation,1. b3 e5 2. e3 d5 3. Bb2 Bd6 4. f4 exf4 5. exf4 Nf6 6. Qe2+ Qe7 7. Bxf6 gxf6 8. Qxe7+ Kxe7 9. g3 h5 10. Bh3 Be6 11. Nc3 c6 12. Kf2 h4 13. Re1 Bc5+ 14. Kg2 Kd6 15. Na4 Bxg1 16. Rexg1 Bxh3+ 17. Kxh3 hxg3+ 18. Kxg3 Nd7 19. Nc3 Nc5 20. h4 Rh5 21. Kf3 Rah8 22. Rg7 Ke7 23. Rg4 Ne6 24. Ne2 f5 25. Rgg1 Rxh4 26. Rxh4 Rxh4 27. c3 Kf8 28. b4 b6 29. a4 Rh8 30. Ng3 Rh4 31. Ne2 c5 32. bxc5 bxc5 33. Rb1 d4 34. cxd4 cxd4 35. d3 Rh3+ 36. Ng3 Kg7 37. Rb7 Kg6 38. Rxa7 Rh4 39. Ne2 Rh3+ 40. Ng3 Rh4 41. Ne2 Rh3+ 42. Ng3,b3,e5,e3,d5,Bb2,Bd6,f4,exf4,exf4,Nf6,Qe2+,Qe7,Bxf6,gxf6,Qxe7+,Kxe7,g3,h5,Bh3,Be6
"Murzin,Volodar",Samarkand UZB,1.0,Rapport-Jobava System,1. d4 d5 2. Nc3 Nf6 3. Bf4 Bf5 4. e3 e6 5. Bd3 Bd6 6. Nf3 O-O 7. Bxf5 exf5 8. Bg5 c6 9. Qd3 h6 10. Bh4 g6 11. Ne5 Be7 12. h3 Ne4 13. Bxe7 Qxe7 14. g4 Qh4 15. Qf1 Nxc3 16. bxc3 f4 17. exf4 Qe7 18. Kd2 Nd7 19. Qd3 Nb6 20. h4 Qf6 21. f5 gxf5 22. g5 Qe6 23. Rag1 h5 24. Qf3 Kg7 25. Qxh5 Rh8 26. Qf3 Rae8 27. h5 Nc4+ 28. Nxc4 dxc4 29. g6 Qe4 30. Qxe4 fxe4 31. h6+,d4,d5,Nc3,Nf6,Bf4,Bf5,e3,e6,Bd3,Bd6,Nf3,O-O,Bxf5,exf5,Bg5,c6,Qd3,h6,Bh4,g6
"Yaniuk,Volodymyr",chess.com INT,0.0,Nimzo-Larsen Attack: Classical Variation,1. b3 d5 2. Bb2 Bg4 3. Nf3 Bxf3 4. exf3 Nd7 5. f4 Ngf6 6. f5 g6 7. fxg6 hxg6 8. g3 Bg7 9. Bg2 c6 10. O-O O-O 11. Re1 Ne8 12. d4 Nc7 13. Nd2 Re8 14. c4 e6 15. h4 Nf6 16. Qc2 a5 17. Nf3 Na6 18. Ng5 Nb4 19. Qc3 Nh7 20. Nxh7 Kxh7 21. a3 Na6 22. Qf3 Qf6 23. Qd3 Qf5 24. Qxf5 gxf5 25. cxd5 cxd5 26. Rac1 Rec8 27. Bf1 Bf8 28. Bb5 Bd6 29. Rxc8 Rxc8 30. Rc1 Rxc1+ 31. Bxc1 Nb8 32. Kf1 Nc6 33. Bxc6 bxc6 34. Ke2 c5 35. Kd3 Kg7 36. a4 cxd4 37. Kxd4 Bb4 38. Bb2 f6 39. Bc3 e5+ 40. Kd3 Bc5 41. Bxa5 Bxf2 42. Bd2 e4+ 43. Ke2 Bxg3 44. a5 d4 45. b4 f4 46. b5 f3+ 47. Kd1 e3 48. b6 exd2 49. Kxd2 f2 50. Ke2 d3+,b3,d5,Bb2,Bg4,Nf3,Bxf3,exf3,Nd7,f4,Ngf6,f5,g6,fxg6,hxg6,g3,Bg7,Bg2,c6,O-O,O-O
"Keller,Pe GER",chess.com INT,1.0,Nimzo-Larsen Attack: Modern Variation,1. b3 e5 2. Bb2 Nc6 3. c4 Nf6 4. e3 d5 5. cxd5 Nxd5 6. a3 Be6 7. Qc2 a6 8. Nf3 f6 9. d3 Qd7 10. Nbd2 O-O-O 11. b4 g5 12. h3 h5 13. Ne4 Kb8 14. d4 exd4 15. Nxd4 Nxd4 16. Bxd4 Bf5 17. Bd3 Bxb4+ 18. axb4 Nxb4 19. Qb1 Nxd3+ 20. Qxd3 Rhe8 21. Rxa6 Bxe4 22. Ra8+ Kxa8 23. Qa3+ Qa4 24. Qxa4+ Kb8 25. O-O,b3,e5,Bb2,Nc6,c4,Nf6,e3,d5,cxd5,Nxd5,a3,Be6,Qc2,a6,Nf3,f6,d3,Qd7,Nbd2,O-O-O
"Kozak,Antoni",chess.com INT,1.0,English Opening: Agincourt Defense,1. c4 e6 2. Nf3 d5 3. e3 Nf6 4. b3 Nbd7 5. Bb2 Bd6 6. Nc3 a6 7. d4 O-O 8. c5 Be7 9. Qc2 b6 10. c6 Nb8 11. Ne5 Qd6 12. Nb1 Ne4 13. f3 Nf6 14. Bd3 a5 15. O-O Ba6 16. Rc1 Bxd3 17. Qxd3 Na6 18. a3 Qd8 19. Nc3 Nb8 20. Nb5 Ne8 21. e4 Bg5 22. Rc2 Nd6 23. Nc3 dxe4 24. fxe4 f6 25. Nf3 Nxc6 26. d5 Ne5 27. Nxe5 fxe5 28. dxe6 Qe8 29. Nd5 Rd8 30. Nxc7 Qh5 31. Nd5 Qh4 32. g3 Qg4 33. e7 Bxe7 34. Nxe7+ Kh8 35. Qe2 Qh3 36. Nc6 Rc8 37. Nxe5 Rce8 38. Rf1 Rxf1+ 39. Qxf1 Qe6 40. Qf3 Kg8 41. Rf2 h6 42. Nc4 Nxc4 43. bxc4 Qxc4 44. e5 Qe6 45. Rd2 Rc8 46. Qd5 Qxd5 47. Rxd5 Rc2 48. Rb5 Kf7 49. Rxb6 a4 50. e6+ Ke7 51. Bxg7 Ra2 52. Bxh6 Rxa3 53. Bg5+ Kf8 54. e7+ Kf7 55. Rf6+ Kxe7 56. Rf3+,c4,e6,Nf3,d5,e3,Nf6,b3,Nbd7,Bb2,Bd6,Nc3,a6,d4,O-O,c5,Be7,Qc2,b6,c6,Nb8
"Kozak,Antoni",chess.com INT,0.0,English Opening: Agincourt Defense,1. c4 e6 2. Nf3 d5 3. e3 Nf6 4. b3 Nbd7 5. Bb2 Bd6 6. Nc3 O-O 7. d4 b6 8. Qc2 a6 9. g4 Bb7 10. g5 Ne4 11. Nxe4 dxe4 12. Nd2 Qxg5 13. Nxe4 Qg6 14. f3 f5 15. Nxd6 Bxf3 16. Bg2 Qxg2 17. Qxg2 Bxg2 18. Rg1 Bf3 19. d5 e5 20. Rg3 Bh5 21. Ba3 cxd6 22. Bxd6 Rfe8 23. Rg5 Bg6 24. h4 Nf6 25. Bc7 b5 26. d6 Re6 27. Rd1 Be8 28. Rg2 Bc6 29. Rc2 Nd7 30. cxb5 Bxb5 31. a4 Rh6 32. axb5 axb5 33. Rd5 Rxh4 34. Rxb5 Rh1+ 35. Kd2 Kf7 36. Kc3 Ke6 37. b4 g5 38. Ra5 Rg8 39. b5 g4 40. b6 g3 41. Raa2 Rb1 42. Rd2 h5 43. Kc2 Rb5 44. Ra1 h4 45. Rh1 g2 46. Rxh4 g1=Q 47. Rh6+ Rg6,c4,e6,Nf3,d5,e3,Nf6,b3,Nbd7,Bb2,Bd6,Nc3,O-O,d4,b6,Qc2,a6,g4,Bb7,g5,Ne4
"Akobian,V",chess.com INT,1.0,English Opening: Agincourt Defense,1. c4 e6 2. Nf3 d5 3. e3 Nf6 4. Nc3 Be7 5. b3 b6 6. Bb2 Bb7 7. cxd5 exd5 8. Ne2 Nbd7 9. Rc1 O-O 10. Ned4 Re8 11. Nc6 Bxc6 12. Rxc6 Nb8 13. Rc1 c5 14. Qc2 Nc6 15. Bb5 Rc8 16. O-O a6 17. Be2 b5 18. Qf5 g6 19. Qh3 d4 20. exd4 cxd4 21. Bd3 Nd5 22. g3 Ndb4 23. Bb1 Bf6 24. a3 d3 25. Bc3 Nd5 26. Rfd1 Nxc3 27. dxc3 Qd5 28. Nd2 Ne5 29. Qg2 Qxg2+ 30. Kxg2 Be7 31. b4 Red8 32. Nb3 Nc4 33. Rxd3 Rxd3 34. Bxd3 Nxa3 35. Be4 Rc7 36. Bd5 Nc4 37. Bxc4 Rxc4 38. Nd2 Rc6 39. Nb3 Rc4 40. Na5 Rc7 41. Nb3 Bf6 42. Nc5 Rc6 43. Kf3 Be7 44. Nd3 f5 45. Ke2 Bf6 46. Kd2 Kf7 47. f4 Ke6 48. Nc5+ Kd6 49. Kc2 Kd5 50. Kb3 Rxc5 51. bxc5 Kxc5 52. Re1 a5 53. Re6 a4+ 54. Kc2 Bd8 55. Re8 Bb6 56. Re7,c4,e6,Nf3,d5,e3,Nf6,Nc3,Be7,b3,b6,Bb2,Bb7,cxd5,exd5,Ne2,Nbd7,Rc1,O-O,Ned4,Re8
"Sarana,A",chess.com INT,0.0,English Opening: Agincourt Defense,1. c4 e6 2. Nf3 d5 3. e3 Nf6 4. b3 b6 5. Bb2 Bb7 6. Nc3 Be7 7. cxd5 exd5 8. Ne2 Nbd7 9. g3 Nc5 10. Nf4 O-O 11. Bg2 Ba6 12. d3 Bd6 13. b4 Ne6 14. Qb3 Nxf4 15. gxf4 c5 16. Ne5 cxb4 17. Nc6 Qd7 18. Bxf6 Qxc6 19. Bxd5 Qd7 20. Rg1 g6 21. Bxa8 Rxa8 22. Qd5 Bb7 23. Qg5 Rc8 24. Bd4 b3 25. a3 Bc5 26. Bb2 Be7 27. Qe5 f6 28. Qd4 Qh3 29. Rf1 Rc2 30. Rc1 Bg2 31. Rxc2 bxc2 32. Qc4+ Kf8 33. Rg1 Qxh2 34. Rxg2 Qh1+ 35. Kd2 Qxg2 36. Qc8+ Kg7 37. Kxc2 Qxf2+ 38. Kb3 Qxe3 39. Qc4 h5 40. Bd4 Qe2 41. a4 h4 42. f5 gxf5 43. Bc3 h3 44. Qc7 h2 45. Qg3+ Kf7 46. Qh4 Qd1+ 47. Kb2 h1=Q 48. Qc4+ Kg7 49. Qc7 Qb1#,c4,e6,Nf3,d5,e3,Nf6,b3,b6,Bb2,Bb7,Nc3,Be7,cxd5,exd5,Ne2,Nbd7,g3,Nc5,Nf4,O-O
"Sanal,V",chess.com INT,0.0,Nimzo-Larsen Attack: Classical Variation,1. b3 d5 2. Bb2 Bf5 3. Nf3 e6 4. e3 h6 5. c4 c6 6. Nc3 Nf6 7. Be2 Be7 8. O-O O-O 9. d4 Nbd7 10. Bd3 Bxd3 11. Qxd3 Rc8 12. Rfd1 Qc7 13. Rac1 Qb8 14. g3 Rfd8 15. Kg2 dxc4 16. bxc4 e5 17. Ne4 exd4 18. exd4 Nxe4 19. Qxe4 Bf6 20. Ba3 Re8 21. Qf5 Nb6 22. h4 Rcd8 23. d5 Qc8 24. Qxc8 Rxc8 25. Bc5 Re2 26. d6 Nd7 27. Bxa7 Ra8 28. Be3 Raxa2 29. Kf1 Rec2 30. Rxc2 Rxc2 31. Rb1 Rb2 32. Rc1 Kf8 33. Nd2 Bd4 34. Ra1 f5 35. Ra8+ Kf7 36. Bf4 Be5 37. Bxe5 Nxe5 38. Nf3 Nd7 39. Nd4 Rd2 40. Nxf5 Kf6 41. g4 h5 42. Ng3 Kf7 43. Nxh5 Ne5 44. g5 Rxd6 45. Ra7 Rd7 46. c5 Nd3 47. Ng3 Nxc5 48. h5 b5 49. Ra8 b4 50. Ra5 Ne6 51. g6+ Ke7 52. Nf5+ Kf6 53. Ne3 b3 54. Nc4 Rd1+ 55. Kg2 Rc1 56. Nb2 Rc2 57. Nd3 b2 58. Nxb2 Rxb2 59. Ra6 Nf4+ 60. Kf3 Nxh5 61. Rxc6+ Kg5 62. Rb6 Rxb6,b3,d5,Bb2,Bf5,Nf3,e6,e3,h6,c4,c6,Nc3,Nf6,Be2,Be7,O-O,O-O,d4,Nbd7,Bd3,Bxd3
"Kramnik,V",chess.com INT,1.0,English Opening: Agincourt Defense,1. c4 e6 2. Nf3 Nf6 3. Nc3 c5 4. e3 d5 5. cxd5 exd5 6. d4 Nc6 7. Bb5 cxd4 8. exd4 Bd6 9. O-O O-O 10. h3 h6 11. Re1 Re8 12. Be3 Bf5 13. Rc1 Rc8 14. Qa4 a6 15. Bf1 Bb8 16. a3 Qd6 17. Ne2 Qd7 18. Nf4 Ne5 19. Qxd7 Nxf3+ 20. gxf3 Bxd7 21. Nd3 Bb5 22. Nc5 Bxf1 23. Kxf1 Re7 24. Bd2 Rxe1+ 25. Rxe1 Ba7 26. Re7 Bxc5 27. dxc5 Rxc5 28. Rxb7 d4 29. Ke2 Rh5 30. Ra7 Rxh3 31. Rxa6 h5 32. Rd6 Rh1 33. Bg5 Rb1 34. b4 Rb2+ 35. Kf1 Rb3 36. Ra6 Rxf3 37. Bxf6 gxf6 38. b5 Rb3 39. a4 h4 40. Rd6 h3 41. Kg1 Rb4 42. b6 Kg7 43. a5 Kg6 44. a6 d3 45. a7 Rg4+ 46. Kh2 Ra4 47. b7,c4,e6,Nf3,Nf6,Nc3,c5,e3,d5,cxd5,exd5,d4,Nc6,Bb5,cxd4,exd4,Bd6,O-O,O-O,h3,h6
"Palczert,Matyas",chess.com INT,0.5,Nimzo-Larsen Attack: Modern Variation,1. b3 e5 2. Bb2 Nc6 3. e3 Nf6 4. Nf3 e4 5. Nd4 Nxd4 6. Bxd4 d5 7. c4 Be7 8. Nc3 c6 9. cxd5 cxd5 10. Bb5+ Bd7 11. Bxd7+ Qxd7 12. f3 O-O 13. O-O Qe6 14. Qe1 exf3 15. Rxf3 Ne4 16. d3 Nxc3 17. Qxc3 Rac8 18. Qb2 f6 19. Raf1 Bc5 20. b4 Bb6 21. a4 Bxd4 22. Qxd4 b6 23. h3 Qe5 24. Qxe5 fxe5 25. Rf5 Rxf5 26. Rxf5 Rc3 27. Rxe5 Rxd3 28. Re8+ Kf7 29. Ra8 Rxe3 30. Rxa7+ Kf6 31. Kf2 Re6 32. Rd7 Ke5 33. Rxg7 Kd4 34. Rxh7 Kc3 35. a5 bxa5 36. bxa5 d4 37. Rc7+ Kb2 38. Rd7 Kc3 39. g4 d3 40. g5 d2 41. Kf3 Re5 42. Kf4 Rxa5 43. h4 Ra4+ 44. Ke3 Rxh4 45. Rd3+ Kc4 46. Rxd2 Rg4 47. Rc2+ Kb4 48. Rb2+ Kc4,b3,e5,Bb2,Nc6,e3,Nf6,Nf3,e4,Nd4,Nxd4,Bxd4,d5,c4,Be7,Nc3,c6,cxd5,cxd5,Bb5+,Bd7
"Vakhlamov,I",chess.com INT,1.0,Nimzo-Larsen Attack: Classical Variation,1. b3 d5 2. Bb2 Nf6 3. Nf3 e6 4. g3 Be7 5. Bg2 O-O 6. O-O c5 7. e3 Nc6 8. d4 b6 9. c4 cxd4 10. Nxd4 Bb7 11. Nc3 Rc8 12. cxd5 exd5 13. Nf5 Qd7 14. Nxd5 Nxd5 15. Qg4 Bf6 16. Bxf6 Nxf6 17. Qxg7#,b3,d5,Bb2,Nf6,Nf3,e6,g3,Be7,Bg2,O-O,O-O,c5,e3,Nc6,d4,b6,c4,cxd4,Nxd4,Bb7
Le Quang Long,chess.com INT,1.0,Nimzo-Larsen Attack: Modern Variation,1. b3 e5 2. Bb2 Nc6 3. e3 a6 4. Nf3 d6 5. d4 e4 6. Nfd2 f5 7. c4 Nf6 8. Nc3 g6 9. h4 h6 10. h5 g5 11. f3 Bg7 12. fxe4 O-O 13. Bd3 Nb4 14. Bb1 fxe4 15. Ndxe4 Ng4 16. Qe2 d5 17. cxd5 Nxd5 18. Nxd5 Qxd5 19. Bd3 Qa5+ 20. Bc3 Qa3 21. Kd2 Bf5 22. Rhf1 Bxe4 23. Bxe4 Nf6 24. Bxb7 Rab8 25. Qxa6 Qe7 26. Qc4+ Rf7 27. Bd5 Nxd5 28. Qxd5 Rf8 29. Rxf7 Rxf7 30. Rf1 Bf6 31. e4 g4 32. e5 Bg5+ 33. Kd3,b3,e5,Bb2,Nc6,e3,a6,Nf3,d6,d4,e4,Nfd2,f5,c4,Nf6,Nc3,g6,h4,h6,h5,g5
"Dushyant,Sharma",chess.com INT,1.0,English Opening: Agincourt Defense,1. c4 e6 2. Nf3 d5 3. b3 Be7 4. Bb2 Bf6 5. d4 c5 6. e3 Nc6 7. cxd5 exd5 8. Bb5 Ne7 9. O-O O-O 10. Qd2 Bg4 11. dxc5 Bxb2 12. Qxb2 Bxf3 13. gxf3 Nf5 14. Nd2 d4 15. e4 Nh4 16. Kh1 Ne5 17. f4 Ng4 18. Be2 f5 19. exf5 Qd5+ 20. f3 Rae8 21. Bc4,c4,e6,Nf3,d5,b3,Be7,Bb2,Bf6,d4,c5,e3,Nc6,cxd5,exd5,Bb5,Ne7,O-O,O-O,Qd2,Bg4
"Dubnevych,Maksym",chess.com INT,1.0,Nimzo-Larsen Attack: Modern Variation,1. b3 e5 2. Bb2 Nc6 3. e3 d5 4. Nf3 Bd6 5. Bb5 Bg4 6. h3 Bxf3 7. Qxf3 Nf6 8. Nc3 O-O 9. Nxd5 Nxd5 10. Qxd5 Nb4 11. Qe4 f5 12. Qc4+ Kh8 13. a3 a6 14. axb4 axb5 15. Qxb5 Rxa1+ 16. Bxa1 Qa8 17. O-O Qa2 18. Bxe5 Qxc2 19. Bxd6 cxd6 20. d4 Qxb3 21. Qxb7 f4 22. exf4 h6 23. g3 g5 24. fxg5 hxg5 25. Qe7 Rf3 26. Qxd6 Qb2 27. Qh6+ Kg8 28. Qxg5+ Kh8 29. Qh5+,b3,e5,Bb2,Nc6,e3,d5,Nf3,Bd6,Bb5,Bg4,h3,Bxf3,Qxf3,Nf6,Nc3,O-O,Nxd5,Nxd5,Qxd5,Nb4
"Kovchan,A",Germany GER,1.0,Rapport-Jobava System,1. d4 Nf6 2. Bf4 g6 3. Nc3 d5 4. e3 c6 5. h4 h5 6. Nf3 Bg4 7. Qd2 Bxf3 8. gxf3 e6 9. e4 Nbd7 10. O-O-O Qa5 11. a3 O-O-O 12. Kb1 b5 13. Bg5 dxe4 14. fxe4 b4 15. axb4 Bxb4 16. f3 Kb7 17. Qd3 Rb8 18. Na2 Ka8 19. Nxb4 Rxb4 20. b3 Qb6 21. Qc3 Rb8 22. Kb2 a5 23. Ra1 e5 24. dxe5 Nc5 25. Be3 Nfd7 26. Bh3 Qb5 27. Bxd7 Nxd7 28. Rxa5+ Qxa5 29. Qxc6+ R8b7 30. Ra1 Qxa1+ 31. Kxa1 Rb5 32. Qa6+ Kb8 33. e6 fxe6 34. Qxe6 Ra5+ 35. Kb1 Ka8 36. f4 Nb8 37. Qxg6 Rd7 38. e5 Ra6 39. e6 Re7 40. f5,d4,Nf6,Bf4,g6,Nc3,d5,e3,c6,h4,h5,Nf3,Bg4,Qd2,Bxf3,gxf3,e6,e4,Nbd7,O-O-O,Qa5
"Morgunov,Marc",chess.com INT,1.0,Nimzo-Larsen Attack: Modern Variation,1. b3 e5 2. Bb2 Nc6 3. e3 Nf6 4. c4 Be7 5. Nf3 d6 6. d4 e4 7. Nfd2 O-O 8. Nc3 Bf5 9. Be2 Bg6 10. g4 Re8 11. h4 h6 12. g5 hxg5 13. hxg5 Nh7 14. Ndxe4 Nxg5 15. Bd3 Nxe4 16. Bxe4 Bxe4 17. Nxe4 Bf6 18. Qf3 Bxd4 19. Qh5 Kf8 20. Ng5 g6 21. Qh6+ Ke7 22. exd4 Kd7+ 23. Kf1 Qf6 24. Qh3+ Kd8 25. Qh4 Kc8 26. Re1 Rxe1+ 27. Kxe1 Kd7 28. Qg4+,b3,e5,Bb2,Nc6,e3,Nf6,c4,Be7,Nf3,d6,d4,e4,Nfd2,O-O,Nc3,Bf5,Be2,Bg6,g4,Re8
"Silva Lucena,Cristian",chess.com INT,0.5,Nimzo-Larsen Attack: Modern Variation,1. b3 e5 2. Bb2 d6 3. c4 f5 4. g3 Nf6 5. Bg2 Be7 6. Nc3 O-O 7. d4 e4 8. Nh3 c6 9. Nf4 d5 10. h4 Bd6 11. e3 Bxf4 12. gxf4 h5 13. Bf1 Be6 14. Be2 Ng4 15. Ba3 Rf7 16. Bxg4 hxg4 17. Qe2 Nd7 18. h5 Kh7 19. O-O-O Nb6 20. c5 Nd7 21. Kb1 Nf6 22. Rc1 Qd7 23. Ka1 Rh8 24. b4 a6 25. Rh4 Kg8 26. Rch1 Rh6 27. Qc2 Rf8 28. Ne2 Kf7 29. Ng3 Rfh8 30. Bc1 Kg8 31. a4 Bf7 32. Bd2 Nxh5 33. Ka2 Nxg3 34. fxg3 Rxh4 35. gxh4 Bh5 36. Be1 Kh7 37. Bg3 Ra8 38. Rb1 Be8 39. Rb3 Qf7 40. Kb2 Rc8 41. Kc1 Kg6 42. Kd2 Kh5 43. Ke1 Qc7 44. Kf2 Qf7 45. Qb2 Qe6 46. Ra3 Kh6 47. Qb3 Kh7 48. Ra1 Bd7 49. Ra3 Rf8 50. Ra1 Rf6 51. Qb2 Rh6 52. Rh1 Qe7 53. Kg2 Qe6 54. Qa2 Rf6 55. Qb2 Rf8 56. Qa2 Rb8 57. Qe2 Qe8 58. Rc1 Qc8 59. Be1 Qd8 60. Rc2 Qe7 61. Rb2 Kg6 62. Qd1 Rh8 63. Bg3 Kf7 64. Qb1 Kg6 65. Qa2 Rxh4 66. b5 cxb5 67. axb5 Bxb5 68. Qxd5 Rh8 69. Rb1 Qf7 70. Qd6+ Qf6 71. Qxf6+ Kxf6 72. d5 Kf7 73. Rc1 Ke7 74. Be1 Kd7 75. Bc3 Rh3 76. Bd4 Rh6 77. Bxg7 Rh5 78. Be5 Rh6 79. Rd1 Rh3 80. Bd4 Rh6 81. Ra1 Rh5 82. Ra3 Rh6 83. Bc3 Rh5 84. Be1 Bc4 85. d6 Bb5 86. Rc3 Rh6 87. Bg3 Kc6 88. Rc1 Rh7 89. Be1 Bd3 90. Bb4 Rh3 91. Bd2 Rh5 92. Bc3 Be2 93. Be1 Bf3+ 94. Kg1 Rh1+ 95. Kf2 Rh2+ 96. Kf1 Rh1+ 97. Kf2 Rh2+ 98. Kf1 Rh1+ 99. Kf2,b3,e5,Bb2,d6,c4,f5,g3,Nf6,Bg2,Be7,Nc3,O-O,d4,e4,Nh3,c6,Nf4,d5,h4,Bd6
"Cardoso Cardoso,Jose Gabriel",chess.com INT,1.0,Nimzo-Larsen Attack: Classical Variation,1. b3 d5 2. Bb2 Bg4 3. h3 Bh5 4. g4 Bg6 5. Nf3 e6 6. Ne5 a5 7. Bg2 a4 8. O-O Nd7 9. Nxg6 hxg6 10. c4 a3 11. Bc3 c6 12. d3 Ngf6 13. Nd2 Qb6 14. b4 d4 15. c5 Nxc5 16. bxc5 Qxc5 17. Qb3 Rb8 18. Bxd4 Qxd4 19. Bxc6+ Kd8 20. Bg2 Bd6 21. e3 Qb2 22. Nc4 Qxb3 23. axb3 Bc7 24. Rfc1 b5 25. Nxa3 Bd6 26. Nc2 e5 27. Ra6 Ke7 28. Ra7+ Ke6 29. d4 Rhc8 30. g5 Nd7 31. h4 Rc7 32. Rxc7 Bxc7 33. Nb4 Bd6 34. Bh3+,b3,d5,Bb2,Bg4,h3,Bh5,g4,Bg6,Nf3,e6,Ne5,a5,Bg2,a4,O-O,Nd7,Nxg6,hxg6,c4,a3
"Al Tarbosh,W",chess.com INT,1.0,Nimzo-Larsen Attack: Modern Variation,1. b3 e5 2. Bb2 Nc6 3. e3 Nf6 4. Nf3 Bd6 5. Na3 e4 6. Ng5 Be5 7. Bxe5 Nxe5 8. f4 exf3 9. Nxf3 Nxf3+ 10. Qxf3 d5 11. Bd3 Bg4 12. Qf4 c6 13. O-O O-O 14. h3 Bh5 15. Qh4 Bg6 16. Bxg6 hxg6 17. c3 Qd6 18. Nc2 Ne4 19. Qe1 Ng3 20. Rf3 Ne4 21. d3 Ng5 22. Rg3 Qe5 23. Nd4 Rae8 24. Qf2 c5 25. Ne2 f6 26. Rf1 Re7 27. Nf4 Qf5 28. h4 Ref7 29. c4 dxc4 30. bxc4 Ne6 31. Qe2 Nxf4 32. Rxf4 Qh5 33. Qxh5 gxh5 34. Rf5 Rd8 35. e4 b6 36. Rxh5 Rfd7 37. Rd5 Rxd5 38. exd5 Re8 39. Kf2 Kf7 40. Re3 Rh8 41. g3 Rh5 42. d6 Rh8 43. Re7+ Kg6 44. Rxa7 Rd8 45. d7 Kf5 46. Kf3 Ke5 47. Ke3 f5 48. Rb7 Kd6 49. Rxb6+ Kxd7 50. Rb7+ Ke6 51. Rxg7 Ra8 52. Rg6+ Ke5 53. Rc6 Ra5 54. h5 Rxa2 55. Rxc5+ Kf6 56. Rc6+ Kg5 57. h6 Rg2 58. Kf3 Rd2 59. Rd6 Rh2 60. c5 Rc2 61. c6 Rc3 62. h7 f4 63. gxf4+ Kf5 64. h8=Q Rxc6 65. Qe5#,b3,e5,Bb2,Nc6,e3,Nf6,Nf3,Bd6,Na3,e4,Ng5,Be5,Bxe5,Nxe5,f4,exf3,Nxf3,Nxf3+,Qxf3,d5
"Duda,J",chess.com INT,1.0,English Opening: Agincourt Defense,1. c4 Nf6 2. Nf3 e6 3. e3 d5 4. b3 Be7 5. Bb2 O-O 6. Nc3 c5 7. cxd5 exd5 8. Rc1 Nc6 9. Bb5 Bg4 10. Bxc6 bxc6 11. h3 Bh5 12. Na4 Nd7 13. O-O f5 14. d4 Rf6 15. Nxc5 Bxc5 16. dxc5 Rg6 17. Kh1 Rb8 18. Qd4 Bxf3 19. gxf3 Qg5 20. Rg1 Qh6 21. Rxg6 hxg6 22. Kg2 Re8 23. Qa4 Re6 24. Qxa7 Qg5+ 25. Kf1 Re7 26. Qc7 Kh7 27. Qxc6,c4,Nf6,Nf3,e6,e3,d5,b3,Be7,Bb2,O-O,Nc3,c5,cxd5,exd5,Rc1,Nc6,Bb5,Bg4,Bxc6,bxc6
"Duda,J",chess.com INT,1.0,English Opening: Agincourt Defense,1. Nf3 Nf6 2. c4 e6 3. b3 d5 4. Bb2 Be7 5. e3 O-O 6. Nc3 dxc4 7. bxc4 c5 8. Rg1 b6 9. g4 Bb7 10. h4 Nbd7 11. g5 Nh5 12. Nh2 g6 13. Ng4 f5 14. Nh6+ Kh8 15. Nd5+ e5 16. Bg2 Bxg5 17. hxg5 Qxg5 18. Qa4 Rad8 19. f4 Qxh6 20. fxe5 Ng7 21. O-O-O b5 22. Qxa7 Bxd5 23. Bxd5 Rfe8 24. e6 Nb8 25. Rh1 Nc6,Nf3,Nf6,c4,e6,b3,d5,Bb2,Be7,e3,O-O,Nc3,dxc4,bxc4,c5,Rg1,b6,g4,Bb7,h4,Nbd7
"Shimanov,A",chess.com INT,0.5,Nimzo-Larsen Attack: Modern Variation,1. b3 e5 2. Bb2 Nc6 3. e3 Nge7 4. c4 d5 5. cxd5 Nxd5 6. a3 Bd7 7. d3 Bd6 8. Nf3 Qe7 9. Nbd2 g5 10. Nc4 g4 11. Nfd2 f5 12. g3 O-O-O 13. Bg2 Be6 14. b4 a6 15. Qb3 f4 16. gxf4 exf4 17. Bxh8 Rxh8 18. Bxd5 Bxd5 19. O-O-O Bxh1 20. Rxh1 fxe3 21. fxe3 Ne5 22. Ne4 Kb8 23. Ncxd6 cxd6 24. Qd5 Rd8 25. Kb1 h5 26. h3 Qg7 27. d4 Nf3 28. hxg4 hxg4 29. Qf5 Qe7 30. Kb2 d5 31. Qf4+ Ka8 32. Nc5 Rf8 33. Rh7 Rxf4 34. Rxe7 Rf5 35. Ne6 g3 36. Rg7 Rf6 37. Nc7+ Ka7 38. Rxg3 Rf5 39. Nxd5 Nd2 40. Nf4 Nc4+ 41. Kb3 Nxe3 42. Rxe3 Rxf4 43. Kc4 Kb6 44. a4 Kc6 45. Re6+ Kd7 46. Rb6 Kc7 47. a5 Rf1 48. d5 Rf4+ 49. Kc5 Rf1 50. Rh6 Rc1+ 51. Kd4 Rd1+ 52. Kc4 Rc1+ 53. Kd4 Rd1+ 54. Ke5 Re1+ 55. Kd4 Rd1+,b3,e5,Bb2,Nc6,e3,Nge7,c4,d5,cxd5,Nxd5,a3,Bd7,d3,Bd6,Nf3,Qe7,Nbd2,g5,Nc4,g4
"Akhmedinov,Satbek",Almaty KAZ,1.0,Rapport-Jobava System,1. d4 Nf6 2. Bf4 g6 3. Nc3 d5 4. e3 Bg7 5. h4 c6 6. Bd3 h5 7. Nf3 Bg4 8. Qd2 Nbd7 9. Ng5 Nf8 10. f3 Bd7 11. O-O-O Ne6 12. Be5 Bh6 13. e4 dxe4 14. Ncxe4 Bg7 15. Nc5 Nxc5 16. dxc5 O-O 17. Bc4 Bf5 18. Bxf7+ Kh8 19. Qc3 Qc8 20. g4 hxg4 21. h5 gxh5 22. Rxh5+ Nxh5 23. Bxg7+,d4,Nf6,Bf4,g6,Nc3,d5,e3,Bg7,h4,c6,Bd3,h5,Nf3,Bg4,Qd2,Nbd7,Ng5,Nf8,f3,Bd7
"Ermekov,K",Almaty KAZ,1.0,Nimzo-Larsen Attack: Classical Variation,1. b3 d5 2. Bb2 Nf6 3. Nf3 c5 4. e3 a6 5. c4 Nc6 6. d4 e6 7. Nbd2 Be7 8. dxc5 Bxc5 9. a3 O-O 10. b4 Be7 11. Bd3 dxc4 12. Nxc4 b5 13. Nce5 Bb7 14. O-O Rc8 15. Qe2 Bd6 16. Rfd1 Qe7 17. e4 Nxe5 18. Nxe5 Rfd8 19. h3 Nd7 20. Ng4 e5 21. Ne3 g6 22. Rac1 Nf6 23. Qf3 Bb8 24. Rxc8 Rxc8 25. Bb1 Rd8 26. Rc1 Ba7 27. Re1 Bd4 28. Bc1 Bc3 29. Ng4 Nxg4 30. Qxc3 Nf6,b3,d5,Bb2,Nf6,Nf3,c5,e3,a6,c4,Nc6,d4,e6,Nbd2,Be7,dxc5,Bxc5,a3,O-O,b4,Be7
"Shirov,A",chess.com INT,1.0,Nimzo-Larsen Attack: Classical Variation,1. b3 d5 2. Bb2 Bg4 3. f3 Bh5 4. h4 f6 5. d4 c5 6. Nc3 Nc6 7. e4 cxd4 8. Nxd5 e6 9. Nf4 Bb4+ 10. Kf2 Bf7 11. Bc4 e5 12. Bxf7+ Kxf7 13. Nd3 Nge7 14. f4 exf4 15. Nh3 Bc3 16. Nhxf4 Bxb2 17. Nxb2 Ng6 18. Nd5 Re8 19. h5 Nge5 20. h6 g6 21. Rf1 Ne7 22. Qxd4 Nxd5 23. exd5 f5 24. Kg1 Qg5 25. Nc4 Qf6 26. Rad1 Rad8 27. d6 Nxc4 28. Qxc4+ Qe6 29. Qd4 Qe3+ 30. Qxe3 Rxe3 31. c4 b6 32. b4 Rc3 33. Rd4 Rc2 34. Rf2 Rc1+ 35. Kh2 Rc3 36. Re2 Rd7 37. a4 g5 38. a5 bxa5 39. bxa5 Kf6 40. a6 g4 41. g3 Kg5 42. Re7 Rc2+ 43. Kg1 Rxe7 44. dxe7 Re2 45. Rd7 f4 46. c5 fxg3 47. c6 Kh4 48. c7 Re1+ 49. Kg2 Re2+ 50. Kf1 g2+ 51. Kxe2 g1=Q 52. e8=Q Qg2+ 53. Kd3 Qf3+ 54. Kd4 Qd1+ 55. Kc5 Qc2+ 56. Kd6 Qd3+ 57. Ke7,b3,d5,Bb2,Bg4,f3,Bh5,h4,f6,d4,c5,Nc3,Nc6,e4,cxd4,Nxd5,e6,Nf4,Bb4+,Kf2,Bf7
"Rustemov,A",chess.com INT,1.0,Nimzo-Larsen Attack: Classical Variation,1. b3 d5 2. Bb2 Bf5 3. Nf3 e6 4. e3 h6 5. c4 Nf6 6. Be2 Be7 7. Nc3 c6 8. h3 Nbd7 9. d3 Bh7 10. Qc2 a5 11. Rd1 Bd6 12. O-O Qe7 13. Rfe1 O-O 14. Bf1 Rfe8 15. e4 dxe4 16. Nxe4 Nxe4 17. dxe4 Bb4 18. Re3 Rad8 19. Ne1 Nf6 20. Nd3 Ba3 21. Bc3 b6 22. Qe2 Nd7 23. e5 Nc5 24. Nf4 Rxd1 25. Qxd1 Rd8 26. Qe2 Qd7 27. Kh2 Qd1 28. Rf3 Be4 29. Rg3 Bc1 30. Qxd1 Rxd1 31. Be2 Bxf4 32. Bxd1 Nd3 33. Kg1 Bxg3 34. fxg3 c5 35. a3 Kf8 36. Kf1 Ke7 37. Ke2 f6 38. Ke3 Bg6 39. exf6+ gxf6 40. g4 Ne5 41. Bxe5 fxe5 42. h4 Kf6 43. g3 Bh7 44. Kd2 Be4 45. Be2 Bg6 46. Bd3 e4 47. Be2 Ke5 48. Ke3 Bh7 49. Bd1 Bg6 50. Bc2 Bh7 51. h5 Kf6 52. Bxe4 Bg8 53. Kf3 e5 54. Bd5 Bh7 55. Be4 Bg8 56. a4 Be6 57. Bd5 Bd7 58. Bg8 Bc6+ 59. Ke3,b3,d5,Bb2,Bf5,Nf3,e6,e3,h6,c4,Nf6,Be2,Be7,Nc3,c6,h3,Nbd7,d3,Bh7,Qc2,a5
"Haring,Filip",Vrnjacka Banja SRB,1.0,Trompowsky Attack,1. d4 Nf6 2. Bg5 d5 3. e3 g6 4. Nd2 Bg7 5. c3 O-O 6. h3 c5 7. Ngf3 Qb6 8. Qb3 Nc6 9. Be2 Nd7 10. O-O Qxb3 11. axb3 e5 12. dxe5 h6 13. Bf4 g5 14. e6 fxe6 15. Bd6 Rd8 16. Bb5 a6 17. e4 Ra7 18. Bxc6 bxc6 19. Rfe1 Rb7 20. Rxa6 Nb8 21. Bxb8 Rxb8 22. Rxc6 Bf8 23. exd5 exd5 24. Ra1 Bd7 25. Rg6+ Kh7 26. Ne5 Rb7 27. Rga6 Be8 28. Ra7 Rb8 29. R1a5 Bd6 30. Ng4 Be7 31. R5a6 h5 32. Ne3 Bf7 33. Nf5 Bf8 34. Nf3 Rxa7 35. Nxg5+,d4,Nf6,Bg5,d5,e3,g6,Nd2,Bg7,c3,O-O,h3,c5,Ngf3,Qb6,Qb3,Nc6,Be2,Nd7,O-O,Qxb3
"Perez Gormaz,M",chess.com INT,1.0,Nimzo-Larsen Attack: Classical Variation,1. b3 d5 2. Bb2 Bg4 3. f3 Bh5 4. e4 c6 5. exd5 cxd5 6. Nh3 Qc7 7. Nc3 Nf6 8. g4 Bg6 9. g5 Nh5 10. Nxd5 Qd6 11. Ne3 Nc6 12. Bc4 e6 13. Qe2 Nd4 14. Bb5+ Kd8 15. Bxd4 Qxd4 16. c3 Qh4+ 17. Nf2 Qxg5 18. Qc4 Rc8 19. Qd4+ Kc7 20. Be2 Bc5 21. h4 Qe7 22. Qa4 Kb8 23. d4 Bd6 24. Bc4 Bg3 25. Qa5 Bxh4 26. Qe5+ Ka8 27. Rg1 Rhd8 28. Rd1 Qa3 29. Qh2 Be7 30. Nfg4 b5 31. Bxb5 Rxc3 32. Kf1 Bd6 33. Qd2 Qb4 34. Bc4 Bf4 35. Qf2 Qd6 36. Qd2 Qb4 37. Qe1 Nf6 38. a3 Qa5 39. Nxf6 gxf6 40. Rc1 Bxe3 41. Rxc3 Bxg1 42. Kxg1 Qb6 43. Kf1 Qxd4 44. b4 Qf4 45. Be2 Qg5 46. Qf2 Qe5 47. Re3 Qf4 48. Rc3 Bf5 49. Qc5 Bh3+ 50. Kf2 Qh4+ 51. Ke3 Qg5+ 52. Kf2 Qh4+ 53. Ke3 Qg5+ 54. Qxg5 fxg5 55. Rc7 Rf8 56. Bb5 Kb8 57. Re7 g4 58. fxg4 Bxg4 59. Bc6 h5 60. Rb7+ Kc8 61. Rxa7 Kd8 62. b5 h4 63. b6 e5 64. Ra8+ Ke7 65. Rxf8 Kxf8 66. b7,b3,d5,Bb2,Bg4,f3,Bh5,e4,c6,exd5,cxd5,Nh3,Qc7,Nc3,Nf6,g4,Bg6,g5,Nh5,Nxd5,Qd6
"Odegov,Artem",chess.com INT,1.0,Nimzo-Larsen Attack: Modern Variation,1. b3 e5 2. c4 Nc6 3. Bb2 g6 4. Nf3 Bg7 5. g3 Nge7 6. Bg2 O-O 7. Nc3 d6 8. d3 h6 9. O-O Kh7 10. a3 a5 11. e3 f5 12. Qc2 Be6 13. Rad1 g5 14. d4 e4 15. Nd2 d5 16. f3 exf3 17. Bxf3 Qd7 18. Nb5 Rae8 19. Bh5 Bf7 20. Bxf7 Rxf7 21. e4 dxe4 22. Nxe4 Ng6 23. Nc5 Qc8 24. d5 Nce5 25. Ne6 Rxe6 26. dxe6 Qxe6 27. Nd4 Qb6 28. c5 Qa6 29. Nxf5 Qc6 30. Nxg7 Nf3+ 31. Rxf3 Qxf3 32. Re1 h5 33. Ne6 Qg4 34. Qd2 Nf4 35. Nxf4 gxf4 36. Qd3+ Rf5 37. Re5 Kg6 38. Rxf5 Qxf5 39. Qxf5+ Kxf5 40. gxf4 a4 41. bxa4 c6 42. Be5 h4 43. Kf2 Ke4 44. h3 Kf5 45. Kf3 b5 46. cxb6 c5 47. b7 Ke6 48. b8=Q Kd5 49. Qb5 Ke6 50. Ke4 c4 51. Qe8#,b3,e5,c4,Nc6,Bb2,g6,Nf3,Bg7,g3,Nge7,Bg2,O-O,Nc3,d6,d3,h6,O-O,Kh7,a3,a5
"Brodsky,David",New York USA,1.0,Trompowsky Attack,1. d4 Nf6 2. Bg5 Ne4 3. Bf4 c5 4. f3 Qa5+ 5. c3 Nf6 6. d5 e6 7. e4 exd5 8. exd5 d6 9. Na3 Be7 10. Nc4 Qd8 11. g4 O-O 12. a4 Ne8 13. Qd2 Bh4+ 14. Kd1 Na6 15. Ne2 Nac7 16. Ng3 b6 17. Nf5 Bxf5 18. gxf5 Nf6 19. Bxd6 Re8 20. Bd3 Nfxd5 21. Rg1 Ne3+ 22. Kc1 Ncd5 23. Nxe3 Nxe3 24. Bf4 Bf2 25. Qxf2 Qxd3 26. f6 Rad8 27. Bxe3 Rxe3 28. Qc2 g6 29. a5 b5 30. Qxd3 Rdxd3 31. Rg5 Rxf3 32. Rxc5 Rxf6 33. Kc2 Rh3 34. Rxb5 Rxh2+ 35. Kb3 h5 36. a6 h4 37. Rb7 h3 38. Rxa7 Rb6+ 39. Kc4 Rbxb2 40. Re7 Ra2 41. Ree1 Rhe2 42. Rh1 g5 43. a7 g4 44. a8=Q+ Rxa8 45. Rxa8+ Kg7 46. Kd3 Re6 47. Ra4 f5 48. c4 Kg6 49. c5 Kg5 50. Rc4 f4 51. c6 Re3+ 52. Kd2 Re8 53. c7 Rc8 54. Ke2 Kf5 55. Kf2 Kg5 56. Rd1 g3+ 57. Kf3 h2 58. Rh1,d4,Nf6,Bg5,Ne4,Bf4,c5,f3,Qa5+,c3,Nf6,d5,e6,e4,exd5,exd5,d6,Na3,Be7,Nc4,Qd8
"Ernst,Robert",chess.com INT,1.0,Nimzo-Larsen Attack: Classical Variation,1. b3 d5 2. Bb2 Nf6 3. Nf3 Bf5 4. e3 h6 5. c4 e6 6. Nc3 c6 7. Ne2 Bd6 8. Ng3 Bh7 9. Be2 O-O 10. Ne5 Nbd7 11. f4 Qc7 12. Nxd7 Nxd7 13. Rc1 Nc5 14. b4 Nd3+ 15. Bxd3 Bxd3 16. c5 Be7 17. Qg4 Bg6 18. h4 Qd8 19. h5 Bf6 20. Bxf6 Qxf6 21. hxg6 Qb2 22. gxf7+ Rxf7 23. O-O Qxd2 24. Qxe6 Kf8 25. Nf5 Re8 26. Qd6+ Kg8 27. Qg6 Kf8 28. Qh7,b3,d5,Bb2,Nf6,Nf3,Bf5,e3,h6,c4,e6,Nc3,c6,Ne2,Bd6,Ng3,Bh7,Be2,O-O,Ne5,Nbd7
"Barria Zuniga,D",chess.com INT,1.0,Nimzo-Larsen Attack: Classical Variation,1. b3 d5 2. Bb2 Bg4 3. f3 Bf5 4. e4 dxe4 5. Nc3 exf3 6. Qxf3 Qc8 7. Nh3 Nf6 8. Bc4 e6 9. Nf2 Nbd7 10. Nce4 Be7 11. O-O-O Nxe4 12. Nxe4 Bxe4 13. Qxe4 Bf6 14. d4 O-O 15. Bd3 g6 16. h4 c5 17. h5 cxd4 18. hxg6 hxg6 19. Bxd4 e5 20. Bb2 Nc5 21. Qf3 Nxd3+ 22. Rxd3 Qe6 23. Qxb7 Rac8 24. Qe4 Bg7 25. g4 Rfd8 26. Rxd8+ Rxd8 27. g5 Qf5 28. Qe3 Qf4 29. Qxf4 exf4 30. Bxg7 Kxg7 31. Rf1 Rd5 32. c4 Rxg5 33. Rxf4 Rg1+ 34. Kb2 Rg2+ 35. Ka3 f5 36. c5 Rc2 37. b4 Kf6 38. Kb3 Rc1 39. Kb2 Rd1 40. c6 Ke7 41. Rc4,b3,d5,Bb2,Bg4,f3,Bf5,e4,dxe4,Nc3,exf3,Qxf3,Qc8,Nh3,Nf6,Bc4,e6,Nf2,Nbd7,Nce4,Be7
"Ruperez Benito,A",chess.com INT,1.0,English Opening: Agincourt Defense,1. c4 e6 2. Nf3 d5 3. e3 Nf6 4. b3 Be7 5. Bb2 O-O 6. d4 a6 7. Bd3 dxc4 8. bxc4 c5 9. O-O Nc6 10. Nc3 b6 11. d5 Nb4 12. e4 Nxd3 13. Qxd3 exd5 14. cxd5 Bb7 15. Rad1 c4 16. Qxc4 b5 17. Qd3 b4 18. Na4 Qa5 19. d6 Bd8 20. e5 Ne4 21. e6 fxe6 22. Nd4 Qxa4 23. Nxe6 Rf7 24. Bxg7 Qxa2 25. Nxd8 Rxd8 26. Bd4 Rxd6 27. Qh3 Rh6 28. Qxh6 Qc4 29. f3,c4,e6,Nf3,d5,e3,Nf6,b3,Be7,Bb2,O-O,d4,a6,Bd3,dxc4,bxc4,c5,O-O,Nc6,Nc3,b6
"Bluebaum,M",chess.com INT,1.0,English Opening: Agincourt Defense,1. c4 e6 2. Nf3 d5 3. e3 Nf6 4. b3 Bd6 5. Bb2 O-O 6. d4 b6 7. Bd3 Bb7 8. O-O c5 9. cxd5 exd5 10. Nc3 Nbd7 11. Rc1 Rc8 12. Bf5 Bc6 13. dxc5 bxc5 14. Ne2 Rc7 15. Qc2 Re8 16. Rfd1 h6 17. Qd3 Qe7 18. Ng3 Nf8 19. Bh3 Bxg3 20. hxg3 Ng6 21. Bf5 Nf8 22. Bxf6 gxf6 23. Nh4 Rd8 24. Qe2 d4 25. Qg4+ Kh8 26. Qf4 Qe5 27. Qxh6+ Kg8 28. e4 d3 29. Bh7+ Kh8 30. Nf5 Ne6 31. Bg6+ Kg8 32. Qh7+ Kf8 33. Qh8#,c4,e6,Nf3,d5,e3,Nf6,b3,Bd6,Bb2,O-O,d4,b6,Bd3,Bb7,O-O,c5,cxd5,exd5,Nc3,Nbd7
"Sarana,A",chess.com INT,1.0,English Opening: Agincourt Defense,1. c4 e6 2. Nf3 d5 3. e3 Nf6 4. b3 Be7 5. Bb2 O-O 6. d4 c5 7. Bd3 cxd4 8. exd4 Nc6 9. O-O b6 10. Nc3 Bb7 11. Re1 Rc8 12. Rc1 Re8 13. h3 Bf8 14. cxd5 Nxd5 15. Nxd5 Qxd5 16. Be4 Qd7 17. Bxh7+ Kxh7 18. Ng5+ Kg6 19. Qg4 f5 20. Qg3 Kh5 21. f4 Nxd4 22. Rxc8 Rxc8 23. Nxe6 Qxe6 24. Qg5#,c4,e6,Nf3,d5,e3,Nf6,b3,Be7,Bb2,O-O,d4,c5,Bd3,cxd4,exd4,Nc6,O-O,b6,Nc3,Bb7
"Drygalov,Andrey",chess.com INT,1.0,English Opening: Agincourt Defense,1. c4 e6 2. Nf3 d5 3. e3 Nf6 4. b3 c6 5. Bb2 Nbd7 6. d4 Bd6 7. Nbd2 O-O 8. Bd3 Qe7 9. Ne5 c5 10. O-O cxd4 11. exd4 Ba3 12. Bxa3 Qxa3 13. Qc2 g6 14. Ndf3 dxc4 15. bxc4 b6 16. Be4 Nxe4 17. Qxe4 Rb8 18. Qf4 Rb7 19. Qh6 Qe7 20. Ng5 f6 21. Nc6 Qg7 22. Qxg7+ Kxg7 23. Nxe6+ Kg8 24. Nxf8 Nxf8 25. Rfe1 Bd7 26. Nb4 Rc7 27. Nd5 Rxc4 28. Re7 Rc6 29. Rxd7,c4,e6,Nf3,d5,e3,Nf6,b3,c6,Bb2,Nbd7,d4,Bd6,Nbd2,O-O,Bd3,Qe7,Ne5,c5,O-O,cxd4
Pham Le Thao Nguyen,chess.com INT,1.0,Nimzo-Larsen Attack: Classical Variation,1. b3 d5 2. Bb2 Bf5 3. d3 Nf6 4. Nd2 e6 5. g3 h6 6. Bg2 c6 7. e4 Bh7 8. Nh3 a5 9. a3 Na6 10. O-O Bc5 11. Qe2 O-O 12. Nf4 dxe4 13. dxe4 Bd4 14. c3 Ba7 15. Nc4 Nc5 16. Rad1 Qc7 17. e5 Nd5 18. Nh5 Nxb3 19. Nd6 b5 20. Be4 Bg6 21. Qg4 Bxh5 22. Qxh5 a4 23. Bc2 Rad8 24. Ne4 Nc5 25. Nf6+ gxf6 26. Qxh6 f5 27. Rd4 f6 28. c4 Qg7 29. Qxg7+ Kxg7 30. cxd5 fxe5 31. Rdd1 Rxd5 32. Rxd5 exd5 33. Bxe5+ Kg6 34. Bd4 Rf7 35. g4 Ne4 36. gxf5+ Kxf5 37. Bxa7 Rxa7 38. f3 Rg7+ 39. Kh1 Ke5 40. fxe4 dxe4 41. Re1 Rg4 42. h3 Rf4 43. Kg2 Kd4 44. Bd1 c5 45. Kg3 Rf8 46. h4 e3 47. h5,b3,d5,Bb2,Bf5,d3,Nf6,Nd2,e6,g3,h6,Bg2,c6,e4,Bh7,Nh3,a5,a3,Na6,O-O,Bc5
"Papasimakopoulos,Alexandros",chess.com INT,1.0,English Opening: Agincourt Defense,1. c4 e6 2. Nf3 d5 3. e3 Nf6 4. b3 Be7 5. Bb2 O-O 6. d4 Ne4 7. Bd3 Nd7 8. O-O Ndf6 9. Qc2 a5 10. Nc3 Nxc3 11. Bxc3 b6 12. a4 Bb7 13. Rac1 c5 14. Rfd1 cxd4 15. Bxd4 h6 16. cxd5 Nxd5 17. Qe2 Rc8 18. Ne5 Rxc1 19. Rxc1 Bf6 20. Bb1 Nb4 21. Qb2 Qd5 22. e4 Qd6 23. Nf3 Bxd4 24. Qxd4 Qxd4 25. Nxd4 Rc8 26. Rxc8+ Bxc8 27. f4 Kf8 28. Kf2 Ke7 29. e5 Bb7 30. g4 Bd5 31. Ke3 f6 32. exf6+ gxf6 33. Be4 Kf7 34. h4 e5 35. fxe5 fxe5 36. Nf5 h5 37. gxh5 Bxb3 38. h6 Kg8 39. Nd6 Kh8 40. Bg6 Nd5+ 41. Ke4 Nc3+ 42. Kxe5 Nxa4 43. Kf6 Nc5 44. Bf5 a4 45. Nc8 a3 46. Ne7 a2 47. Ng6+ Kg8 48. Ne7+ Kf8 49. Ng6+ Ke8 50. h7 a1=Q+ 51. Ne5 Kd8 52. h8=Q+ Kc7 53. Qc8+ Kd6 54. Qc6#,c4,e6,Nf3,d5,e3,Nf6,b3,Be7,Bb2,O-O,d4,Ne4,Bd3,Nd7,O-O,Ndf6,Qc2,a5,Nc3,Nxc3
"Hamidov,Allahverdi",chess.com INT,1.0,Nimzo-Larsen Attack: Classical Variation,1. b3 d5 2. Bb2 Nf6 3. e3 e6 4. f4 Be7 5. Nf3 O-O 6. Bd3 c5 7. O-O Nc6 8. a3 Ne4 9. Nc3 f5 10. Bb5 Bf6 11. Bxc6 bxc6 12. Nxe4 Bxb2 13. Nxc5 Bxa1 14. Qxa1 Qe7 15. Qc3 Bd7 16. Ne5 Be8 17. Qa5 h6 18. a4 Kh7 19. d4 Rg8 20. Qd2 g5 21. a5 a6 22. Qd3 gxf4 23. exf4 Ra7 24. Nxa6 Qh4 25. Nc5 Rag7 26. Rf2 Bh5 27. Nxe6 Rxg2+ 28. Rxg2 Qe1+ 29. Qf1 Qe3+ 30. Kh1 Rxg2 31. Kxg2 Qe4+ 32. Kg1 Qe3+ 33. Qf2 Qc1+ 34. Kg2 Qa1 35. b4,b3,d5,Bb2,Nf6,e3,e6,f4,Be7,Nf3,O-O,Bd3,c5,O-O,Nc6,a3,Ne4,Nc3,f5,Bb5,Bf6
"Galchenko,Matvey",chess.com INT,0.5,Nimzo-Larsen Attack: Modern Variation,1. b3 e5 2. Bb2 Nc6 3. e3 d5 4. Nf3 e4 5. Nd4 Nf6 6. Nxc6 bxc6 7. c4 Bd6 8. Nc3 O-O 9. Qc2 a6 10. Be2 Be6 11. Na4 Re8 12. h3 Nd7 13. O-O-O Be5 14. d4 exd3 15. Bxd3 Bxb2+ 16. Kxb2 h6 17. Qc3 Qg5 18. f4 Qxg2+ 19. Ka1 f6 20. Rdg1 Qf3 21. Rh2 dxc4 22. Rhg2 Re7 23. Rg3 Qh5 24. bxc4 Bf5 25. Qa5 c5 26. Bxf5 Qxf5 27. Qxc7 Rae8 28. Qc6 Qc2 29. Nb2 Kh8 30. R3g2 Qc3 31. Rd1 Nf8 32. Qxc5 Rxe3 33. Qa7 R3e7 34. Qxa6 Re1 35. Rg1 Rxg1 36. Rxg1 Re1+ 37. Rxe1 Qxe1+ 38. Nd1 Qxd1+ 39. Kb2 Qd2+ 40. Kb3 Qxf4 41. Qc8 Kg8 42. a4 Qe3+ 43. Kb4 Qe7+ 44. c5 Kh7 45. a5 Nd7 46. a6 Qe4+ 47. Kb5 Qd3+ 48. Ka5 Qa3+ 49. Kb5 Qb3+ 50. Ka5 Qa3+ 51. Kb5 Qb3+ 52. Ka5 Qa3+,b3,e5,Bb2,Nc6,e3,d5,Nf3,e4,Nd4,Nf6,Nxc6,bxc6,c4,Bd6,Nc3,O-O,Qc2,a6,Be2,Be6
"Sorensen,Hampus",chess.com INT,1.0,Rapport-Jobava System,1. d4 Nf6 2. Nc3 d5 3. Bf4 c5 4. e3 cxd4 5. exd4 Bg4 6. Be2 Bxe2 7. Qxe2 a6 8. g4 h6 9. O-O-O e6 10. Qf3 Bd6 11. h4 Nc6 12. Nge2 b5 13. g5 b4 14. gxf6 bxc3 15. Qxc3 Rc8 16. fxg7 Rg8 17. Bxd6 Qxd6 18. Rhg1 Ke7 19. Qe3 Na5 20. Ng3 Kd8 21. Nh5 Nc4 22. Qc3 Rb8 23. b3 Na3 24. Qc5 Qxc5 25. dxc5 Ke7 26. Rge1 Rbc8 27. Rxd5,d4,Nf6,Nc3,d5,Bf4,c5,e3,cxd4,exd4,Bg4,Be2,Bxe2,Qxe2,a6,g4,h6,O-O-O,e6,Qf3,Bd6
"Novik,Ma",chess.com INT,1.0,Rapport-Jobava System,1. d4 Nf6 2. Nc3 d5 3. Bf4 a6 4. e3 b5 5. h4 Bb7 6. g4 e6 7. g5 Nfd7 8. Qf3 c5 9. h5 Nc6 10. Nge2 b4 11. Na4 Be7 12. g6 f5 13. gxh7 Rxh7 14. Qg3 Kf8 15. Qg6 Kg8 16. Qxe6+ Kh8 17. Qxf5 cxd4 18. Nxd4 Nxd4 19. exd4 Nf6 20. Bd3 Qf8 21. h6 g5 22. Be5 Qf7 23. O-O-O Rc8 24. Nc5 Bc6 25. Qxc8+,d4,Nf6,Nc3,d5,Bf4,a6,e3,b5,h4,Bb7,g4,e6,g5,Nfd7,Qf3,c5,h5,Nc6,Nge2,b4
"Harsh,Suresh",chess.com INT,1.0,Rapport-Jobava System,1. d4 d5 2. Nc3 Nf6 3. Bf4 c5 4. e3 cxd4 5. exd4 a6 6. Nf3 Nc6 7. Ne5 e6 8. Nxc6 bxc6 9. Na4 Bd6 10. Bg3 O-O 11. Bd3 Re8 12. O-O Bxg3 13. hxg3 e5 14. dxe5 Rxe5 15. Re1 Bg4 16. Qd2 Qd6 17. Rxe5 Qxe5 18. Re1 Qh5 19. f3 Bd7 20. Nc5 d4 21. Nxd7 Nxd7 22. Qf4 Qd5 23. Re7 Nc5 24. Bf5 g6 25. Bh3 d3 26. cxd3 Nxd3 27. Qf6 Rf8 28. Kh2 Qb5 29. b3 Nb4 30. a4 Qc5 31. Rd7 Nd5 32. Qe5 Qb4 33. Be6 Nb6 34. Rb7 a5 35. Qf6 Qc5 36. Bxf7+,d4,d5,Nc3,Nf6,Bf4,c5,e3,cxd4,exd4,a6,Nf3,Nc6,Ne5,e6,Nxc6,bxc6,Na4,Bd6,Bg3,O-O
"Bartel,Mat",chess.com INT,0.0,Rapport-Jobava System,1. d4 Nf6 2. Nc3 d5 3. Bf4 Bf5 4. e3 e6 5. Bd3 Bg6 6. h4 Bd6 7. h5 Bxd3 8. Qxd3 Nc6 9. h6 g6 10. Nf3 Nd7 11. O-O-O Qe7 12. Bxd6 cxd6 13. e4 dxe4 14. Qxe4 d5 15. Qf4 O-O 16. Rhe1 Qf6 17. Qe3 Rfc8 18. Kb1 Na5 19. Rd3 Nc4 20. Qc1 b5 21. Ng5 b4 22. Na4 Rab8 23. Ka1 Nd6 24. Nf3 Ne4 25. Re2 Rc7 26. Qe3 Rbc8 27. Kb1 Qf5 28. Rd1 Nd6 29. Ne1 Nc4 30. Qf3 Qg5 31. Nd3 Qxh6 32. Nac5 Qg7 33. Nxd7 Rxd7 34. Qg4 Rdc7 35. g3 h5 36. Qf4 Nb6 37. Ne5 Nd7 38. Nf3 Qf6 39. Qe3 Nb6 40. Ne5 Nc4 41. Qc1 Nxe5 42. dxe5 Qf3 43. Rde1 a5 44. g4 Qxg4 45. f4 Qf5 46. Rg1 a4 47. Rg5 Qd3 48. Rd2 Qe4 49. f5 exf5 50. e6 Qxe6 51. b3 axb3 52. axb3 Qf6 53. Rxd5 Ra8,d4,Nf6,Nc3,d5,Bf4,Bf5,e3,e6,Bd3,Bg6,h4,Bd6,h5,Bxd3,Qxd3,Nc6,h6,g6,Nf3,Nd7
"Rustemov,A",chess.com INT,1.0,Rapport-Jobava System,1. d4 d5 2. Nc3 Nf6 3. Bf4 c5 4. e3 a6 5. dxc5 e6 6. Na4 Bxc5 7. Nxc5 Qa5+ 8. c3 Qxc5 9. Bd3 Nbd7 10. Nf3 O-O 11. O-O b6 12. a4 Bb7 13. Qe2 h6 14. Ne5 Rfe8 15. h3 Qe7 16. Rfd1 Nxe5 17. Bxe5 Nd7 18. Bg3 Nc5 19. Bc2 e5 20. f3 Rac8 21. Rd2 f6 22. Bf2 Red8 23. Rad1 a5 24. b4 axb4 25. cxb4 Na6 26. Bf5 Ra8 27. Rb2 Nxb4 28. Qb5 Na6 29. Qxb6 Nc5 30. Rc1 Bc8 31. Bxc8 Raxc8 32. Qb5 d4 33. exd4 exd4 34. Rbc2 d3 35. Rxc5 Rxc5 36. Qxc5 d2 37. Rd1 Qe2 38. Qc2 Kh8 39. a5 Rd6 40. a6 Qxa6 41. Rxd2 Rxd2 42. Qxd2 Qe6 43. Qd8+ Kh7 44. Qd3+ Kg8 45. Qe4 Qa2 46. g4 Kh8 47. Kg2 Kg8 48. Kg3 Kh8 49. Bd4 Kg8 50. Bxf6 gxf6 51. Qg6+ Kf8 52. Qxf6+ Ke8 53. Qxh6 Qa1 54. Qe3+ Kf7 55. h4 Qh1 56. h5 Kf6 57. Qf4+ Ke7 58. Qe5+ Kf7 59. Kf4 Qh2+ 60. Kf5 Qc2+ 61. Kg5 Qd2+ 62. Qf4+ Qxf4+ 63. Kxf4,d4,d5,Nc3,Nf6,Bf4,c5,e3,a6,dxc5,e6,Na4,Bxc5,Nxc5,Qa5+,c3,Qxc5,Bd3,Nbd7,Nf3,O-O
"Duda,J",chess.com INT,0.5,Rapport-Jobava System,1. d4 Nf6 2. Nc3 d5 3. Bf4 c5 4. e3 cxd4 5. exd4 a6 6. Nf3 Nc6 7. Ne5 Bd7 8. g4 e6 9. g5 Nxe5 10. Bxe5 Ng8 11. h4 Ne7 12. Qd2 h6 13. gxh6 Rxh6 14. O-O-O Ng6 15. Bg3 Nxh4 16. Bd3 Be7 17. Qe2 Bc6 18. Rdg1 Kd7 19. Kb1 Bf6 20. Qg4 Qe7 21. Qf4 g5 22. Qg4 Rah8 23. a3 Nf5 24. Rxh6 Nxh6 25. Qe2 Bxd4 26. Qd2 Qf6 27. Ne2 Bxf2 28. Rf1 Be3 29. Qe1 Qg7 30. Nc3 d4 31. Ne4 f5 32. Nc5+ Kc8 33. Bd6 Rd8 34. Nxe6 Qf6 35. Nxd8 Kxd8 36. Qa5+ Ke8 37. Qc7 Qd8 38. Qg7 Qxd6 39. Bxf5 Nxf5 40. Rxf5 Bf4 41. Rf6 Qe7 42. Qg8+ Kd7 43. Rf7 Qxf7 44. Qxf7+ Kd6 45. Qf5 Bd5 46. Qf6+ Kc7 47. Qxd4 Bc6 48. c4 Kc8 49. b4 Bc7 50. Qg4+ Bd7 51. Qxg5 b5 52. c5 Bc6 53. Qg6 Kb7 54. Kc2 Bd5 55. Kd3 Bc6 56. Kd4 Bb8 57. Qf7+ Bc7 58. Qe7 Bf3 59. Ke3 Bc6 60. Qf6 Bb8 61. Qe6 Bc7 62. Kd4 Bb8 63. Qe7+ Bc7 64. Qf7 Kb8 65. Qe6 Kb7 66. Qg6 Bb8 67. Ke3 Bc7 68. Qh7 Kb8 69. Kd3 Kb7 70. Kd4 Kb8 71. Qh6 Kb7 72. Qh5 Bb8 73. Qe2 Bc7 74. Qe7 Kb8 75. Qe1 Kb7 76. Qf1 Bb8 77. Kc3 Be5+ 78. Kd3 Bc7 79. Qf6 Bb8 80. Ke3 Bc7 81. Qe7 Kb8 82. Kd4 Kb7 83. Qe3 Bb8 84. Qd3 Bc7 85. Qh7 Kb8 86. Qf7 Kb7 87. Qf1 Bb8 88. Qe2 Bc7 89. a4 bxa4 90. Kc3 Bb8 91. Qe7+ Bc7 92. Kb2 Kb8 93. Ka3 Kb7 94. Qf7 Kb8 95. Qc4 Kb7 96. Qe2 Bb8 97. Qe7+ Bc7 98. Qe2 Bb8 99. Qc4 Bc7 100. Qf7 Kb8 101. Qe7 Kb7,d4,Nf6,Nc3,d5,Bf4,c5,e3,cxd4,exd4,a6,Nf3,Nc6,Ne5,Bd7,g4,e6,g5,Nxe5,Bxe5,Ng8
"Kollars,Dmitrij",chess.com INT,1.0,Rapport-Jobava System,1. d4 Nf6 2. Nc3 d5 3. Bf4 c5 4. e3 cxd4 5. exd4 Bg4 6. Be2 Bxe2 7. Qxe2 Nc6 8. Nb5 Qa5+ 9. c3 Kd7 10. a4 e6 11. Nf3 a6 12. b4 Qd8 13. Nc7 Nh5 14. Ne5+ Kxc7 15. Qxh5 Nxe5 16. Bxe5+ Bd6 17. Qxf7+ Qd7 18. Bxd6+ Kxd6 19. Qf4+ Kc6 20. O-O Raf8 21. Qe3 Kb6 22. c4 Ka7 23. b5 dxc4 24. d5+ Ka8 25. dxe6 Qd3 26. bxa6 Qxe3 27. axb7+ Kxb7 28. fxe3 Kc6 29. a5 Re8 30. Rfc1 Kb5 31. Rab1+ Kc5 32. Rb6 Ra8 33. Rb7 Rhc8 34. Rxg7 Rxa5 35. Rxh7 Raa8 36. Rh4 Kb4 37. e7 Kb3 38. e8=Q Rxe8 39. Rhxc4 Rxe3 40. Rc7 Kb2 41. R1c6 Rb3 42. h3 Rg8 43. Kh2 Ka2 44. Rc2+ Kb1 45. Rc1+ Ka2 46. R7c2+ Ka3 47. Rc3 Rxc3 48. Rxc3+ Kb4 49. Rc1,d4,Nf6,Nc3,d5,Bf4,c5,e3,cxd4,exd4,Bg4,Be2,Bxe2,Qxe2,Nc6,Nb5,Qa5+,c3,Kd7,a4,e6
"Ibrahimli,Murad",chess.com INT,1.0,Rapport-Jobava System,1. d4 Nf6 2. Nc3 d5 3. Bf4 c5 4. e3 cxd4 5. exd4 Bg4 6. Be2 Bxe2 7. Qxe2 a6 8. g4 Nc6 9. g5 Ne4 10. Nxe4 Nxd4 11. Qd3 dxe4 12. Qxe4 Qa5+ 13. c3 Nc6 14. Nf3 e6 15. O-O-O Be7 16. Kb1 O-O 17. Rd7 Qb6 18. h4 Rfe8 19. g6 hxg6 20. h5 gxh5 21. Rxh5 g6 22. Rh6 Kg7 23. Ne5 Nxe5 24. Bxe5+ Kxh6 25. Qh1+ Kg5 26. f4+ Kg4 27. Qg2+ Kf5 28. Qh3+,d4,Nf6,Nc3,d5,Bf4,c5,e3,cxd4,exd4,Bg4,Be2,Bxe2,Qxe2,a6,g4,Nc6,g5,Ne4,Nxe4,Nxd4
"Theodorou,Nikolas",chess.com INT,1.0,Rapport-Jobava System,1. d4 Nf6 2. Nc3 d5 3. Bf4 g6 4. e3 Bg7 5. h4 h5 6. Nf3 O-O 7. Ne5 c5 8. Qd2 cxd4 9. exd4 Nc6 10. Bb5 Bd7 11. Bxc6 bxc6 12. f3 Qa5 13. g4 Rfd8 14. Bh6 c5 15. Bxg7 Kxg7 16. O-O-O c4 17. Rdg1 Rab8 18. gxh5 Nxh5 19. Qg5 Be8 20. Qxe7 Kg8 21. Rg5 Rxb2 22. Nxg6 fxg6 23. Rxh5 Qxc3 24. Qh7+ Kf8 25. Qh8+ Ke7 26. Qe5+ Kd7 27. Rh7+ Kc6 28. Qc7+ Kb5 29. Qc5+ Ka4 30. Rxa7+ Qa5 31. Rxa5#,d4,Nf6,Nc3,d5,Bf4,g6,e3,Bg7,h4,h5,Nf3,O-O,Ne5,c5,Qd2,cxd4,exd4,Nc6,Bb5,Bd7
"Maghsoodloo,Parham",chess.com INT,0.0,Rapport-Jobava System,1. d4 Nf6 2. Nc3 d5 3. Bf4 a6 4. e3 h6 5. Nf3 e6 6. Bd3 c5 7. dxc5 Bxc5 8. O-O Nc6 9. e4 d4 10. Ne2 Nh5 11. Bd2 e5 12. h3 Be6 13. c3 dxc3 14. Bxc3 Qf6 15. Kh2 Rd8 16. Ne1 O-O 17. Qc2 Nf4 18. Nxf4 Qxf4+ 19. g3 Qf6 20. f4 Bd4 21. f5 Bc8 22. Nf3 Bxc3 23. Qxc3 Nd4 24. Bc4 Bd7 25. Bd5 Rc8 26. Qa5 Rc2+ 27. Kh1 Bb5 28. Nxd4 exd4 29. Rf4 d3 30. Qa3 d2 31. Rd1 Be2 32. Rxd2 Rxd2 33. Qe3 Qxb2 34. Rf2 Rc2 35. Bb3 Qc1+ 36. Qxc1 Rxc1+ 37. Kg2 Bc4,d4,Nf6,Nc3,d5,Bf4,a6,e3,h6,Nf3,e6,Bd3,c5,dxc5,Bxc5,O-O,Nc6,e4,d4,Ne2,Nh5
"Levitskiy,Andrey",chess.com INT,1.0,Rapport-Jobava System,1. d4 Nf6 2. Nc3 d5 3. Bf4 a6 4. e3 b5 5. h4 h5 6. Nf3 e6 7. Bd3 Bb7 8. Ne2 Nbd7 9. c3 c5 10. Ng5 Qb6 11. a4 c4 12. Bc2 Bd6 13. Rh3 Qc7 14. Kf1 Ne4 15. Nxe4 dxe4 16. Rg3 g6 17. Rg5 O-O 18. Bxd6 Qxd6 19. Ng3 Nf6 20. Nxh5 Nxh5 21. Qxh5 Qh2 22. Ke2 Kg7 23. Qg4 Rh8 24. axb5 Rxh4 25. Qg3 axb5 26. Rxa8 Bxa8 27. Rxb5 Qh1 28. Qe5+ f6 29. Qc7+ Kh6 30. Rb8 Bd5 31. Rh8+ Kg5 32. Qg3+ Kf5 33. Rxh4,d4,Nf6,Nc3,d5,Bf4,a6,e3,b5,h4,h5,Nf3,e6,Bd3,Bb7,Ne2,Nbd7,c3,c5,Ng5,Qb6
"Zhigalko,S",chess.com INT,1.0,Rapport-Jobava System,1. d4 Nf6 2. Nc3 d5 3. Bf4 a6 4. e3 e6 5. g4 c5 6. g5 Nfd7 7. h4 Qb6 8. a3 Nc6 9. Nf3 Qa7 10. h5 b5 11. Bg2 Nb6 12. g6 hxg6 13. hxg6 Rxh1+ 14. Bxh1 f5 15. dxc5 Bxc5 16. Ng5 Qe7 17. Qh5 Bb7 18. Nf7 Kd7 19. Rd1 Rf8 20. Bxd5 exd5 21. Nxd5 Nxd5 22. Rxd5+ Ke8 23. Bd6 Bxd6 24. Nxd6+ Kd8 25. Nxf5+ Kc8 26. Nxe7+ Nxe7 27. Qg4+ Kb8 28. Rd7 Bc8 29. Qg3+,d4,Nf6,Nc3,d5,Bf4,a6,e3,e6,g4,c5,g5,Nfd7,h4,Qb6,a3,Nc6,Nf3,Qa7,h5,b5
"Bryakin,M",chess.com INT,0.5,Rapport-Jobava System,1. d4 d5 2. Nc3 Nf6 3. Bf4 c5 4. e3 cxd4 5. exd4 a6 6. Nf3 Nc6 7. Ne5 e6 8. Nxc6 bxc6 9. Na4 Nd7 10. Bd3 a5 11. Qe2 Be7 12. O-O Bb7 13. Rac1 O-O 14. c4 Ba6 15. b3 Bf6 16. Qe3 Re8 17. Rfd1 e5 18. dxe5 Nxe5 19. Bxe5 Bxe5 20. Qh3 g6 21. cxd5 Bxd3 22. Qxd3 cxd5 23. Qxd5 Qh4 24. g3 Qb4 25. Kg2 Bf6 26. Rc7 Rf8 27. Rxf7 Rxf7 28. Qxa8+ Kg7 29. Qd5 Qa3 30. Nc5 Qxa2 31. Ne6+ Kh6 32. Rd3 Be7 33. Rf3 Rxf3 34. Qxf3 Qd2 35. g4 g5 36. Qf7 Qd5+ 37. Kh3 Qd3+ 38. Kg2 Qe4+ 39. Kf1 Qd3+ 40. Kg2 Qe4+ 41. Kf1 Qd3+ 42. Kg2,d4,d5,Nc3,Nf6,Bf4,c5,e3,cxd4,exd4,a6,Nf3,Nc6,Ne5,e6,Nxc6,bxc6,Na4,Nd7,Bd3,a5
"Liang,Awonder",chess.com INT,0.0,Rapport-Jobava System,1. d4 Nf6 2. Nc3 d5 3. Bf4 Bf5 4. e3 e6 5. Bd3 Bxd3 6. cxd3 Bd6 7. Qb3 Bxf4 8. Qxb7 Nbd7 9. exf4 Rb8 10. Qxa7 Rxb2 11. Qa3 Rb6 12. Nf3 Qe7 13. Qxe7+ Kxe7 14. Kd2 Rb2+ 15. Ke1 Ra8 16. a4 c5 17. Ne2 cxd4 18. Nexd4 Nc5 19. Nc6+ Kf8 20. Nce5 Rxa4 21. Rxa4 Nxa4 22. Nd2 Nc3 23. f3 Nb1 24. Nf1 Rxg2 25. Ng3 Nc3 26. Kf1 Ra2 27. Rg1 Rxh2 28. f5 Ra2 29. fxe6 fxe6 30. f4 g6 31. Rg2 Rxg2 32. Kxg2 Ke7 33. Kf2 Nd7 34. Nf3 Na4 35. Ke3 Nac5 36. Ne2 Nf6 37. Ned4 Ng4+ 38. Ke2 Nd7 39. Ng5 Nf8 40. Kf3 Nh6 41. Nc6+ Kf6 42. Ne5 Nf5 43. Ke2 h6 44. Ngf3 Nh7 45. Ng4+ Kg7 46. Kf2 Nf6 47. Nge5 Nh5,d4,Nf6,Nc3,d5,Bf4,Bf5,e3,e6,Bd3,Bxd3,cxd3,Bd6,Qb3,Bxf4,Qxb7,Nbd7,exf4,Rb8,Qxa7,Rxb2
"Kosakowski,Jakub",chess.com INT,1.0,Rapport-Jobava System,1. d4 Nf6 2. Nc3 d5 3. Bf4 a6 4. e3 Bf5 5. Bd3 Bxd3 6. cxd3 e6 7. Qb3 b6 8. Nf3 Bd6 9. Ne5 O-O 10. Bg5 Be7 11. Rc1 Nfd7 12. Bxe7 Qxe7 13. Nf3 c5 14. dxc5 Nxc5 15. Qd1 Ncd7 16. O-O Nf6 17. Ne2 Nbd7 18. Qa4 Nc5 19. Qa3 Qb7 20. Rc2 Rfc8 21. Rfc1 h6 22. Ned4 Ncd7 23. Nc6 Nc5 24. Nfe5 Re8 25. f3 a5 26. d4 Na6 27. Qd6 Kh8 28. a3 Kg8 29. b4 axb4 30. axb4 Nh7 31. b5 Nb8 32. Nd8 Qe7 33. Ndxf7,d4,Nf6,Nc3,d5,Bf4,a6,e3,Bf5,Bd3,Bxd3,cxd3,e6,Qb3,b6,Nf3,Bd6,Ne5,O-O,Bg5,Be7
"Theodorou,Nikolas",chess.com INT,1.0,Rapport-Jobava System,1. d4 Nf6 2. Nc3 d5 3. Bf4 g6 4. e3 Bg7 5. h4 h5 6. Nf3 O-O 7. Ne5 c5 8. Qd2 Nc6 9. f3 cxd4 10. exd4 Bf5 11. Bb5 Nxe5 12. dxe5 Nd7 13. O-O-O Nxe5 14. Bh6 Rc8 15. Bxg7 Kxg7 16. Rhe1 f6 17. Qxd5 Qxd5 18. Rxd5 Rfd8 19. Rxd8 Rxd8 20. f4 Ng4 21. Rxe7+ Kh6 22. Rxb7 Ne3 23. g3 Nxc2 24. Rxa7 Nd4 25. Bc4 Re8 26. b3 Re3 27. Nd5 Re6 28. Ne7 Re1+ 29. Kd2 Nf3+ 30. Kc3 Re3+ 31. Kb4 Rxe7 32. Rxe7 g5 33. fxg5+ fxg5 34. hxg5+ Kxg5 35. a4 Nd4 36. Kc5 Nf3 37. a5 Kg4 38. Rg7+ Ng5 39. Be2+ Kxg3 40. Rxg5+ Kf4 41. Rxh5 Be4 42. b4 Ke3 43. Re5 Kf4 44. Re7 Bg2 45. b5 Bh1 46. a6 Bg2 47. b6 Bh1 48. b7 Kg5 49. a7 Be4 50. Rxe4 Kh6 51. a8=Q Kg7 52. Re7+ Kh6 53. Qf8+ Kg5 54. Rg7+,d4,Nf6,Nc3,d5,Bf4,g6,e3,Bg7,h4,h5,Nf3,O-O,Ne5,c5,Qd2,Nc6,f3,cxd4,exd4,Bf5
"Svane,R",chess.com INT,1.0,Rapport-Jobava System,1. d4 d5 2. Nc3 Nf6 3. Bf4 c6 4. e3 Bf5 5. f3 h5 6. Bd3 e6 7. Bxf5 exf5 8. Qd3 g6 9. Nge2 Bd6 10. Bg5 Be7 11. Bxf6 Bxf6 12. e4 fxe4 13. fxe4 dxe4 14. Nxe4 O-O 15. O-O-O Bg7 16. g4 h4 17. g5 Qa5 18. a3 Nd7 19. Rdf1 Rae8 20. Rf4 c5 21. Qh3 Qc7 22. d5 f5 23. gxf6 Bh6 24. Qg4 Rxf6 25. Nxf6+ Nxf6 26. Qxg6+ Qg7 27. Rg1,d4,d5,Nc3,Nf6,Bf4,c6,e3,Bf5,f3,h5,Bd3,e6,Bxf5,exf5,Qd3,g6,Nge2,Bd6,Bg5,Be7
"Xiong,Jeffery",chess.com INT,0.5,Rapport-Jobava System,1. d4 d5 2. Nc3 Nf6 3. Bf4 a6 4. e3 h6 5. h4 c5 6. Nf3 Bg4 7. Be2 Bxf3 8. Bxf3 Nc6 9. g4 cxd4 10. exd4 e6 11. g5 hxg5 12. hxg5 Rxh1+ 13. Bxh1 Nd7 14. Qd3 g6 15. O-O-O Be7 16. Qg3 Rc8 17. Kb1 Nb6 18. b3 Na7 19. a4 Nc6 20. Bg2 Kd7 21. Qe3 Nb4 22. Bh3 Rc6 23. Qf3 Kc8 24. Bg3 Nd7 25. Kb2 Qf8 26. Qe3 Bd6 27. Rc1 Qe7 28. Ne2 Rc7 29. c3 Nc6 30. Bxd6 Qxd6 31. Qg3 Qf8 32. Nf4 Nb6 33. Bxe6+ fxe6 34. Nxe6 Qe7 35. Qxc7+ Qxc7 36. Nxc7 Kxc7 37. Rh1 Ne7 38. Rh7 Kd6 39. f4 a5 40. f5 gxf5 41. g6 Ke6 42. g7 Ng8 43. Kc2 Kf7 44. Rh5 Kg6 45. Rh2 Kxg7 46. Rf2 Kf6 47. Rg2 Ne7 48. Kd3 Nc6 49. Rg8 Nd7 50. Rc8 Ke6 51. Re8+ Ne7 52. Ke3 Kd6 53. Kf4 Nf6 54. Rd8+ Nd7 55. Ra8 b6 56. Re8 Ke6 57. Kf3 Kf7 58. Rd8 Ke6 59. Re8 Kd6 60. Kf4 Ke6 61. Kf3,d4,d5,Nc3,Nf6,Bf4,a6,e3,h6,h4,c5,Nf3,Bg4,Be2,Bxf3,Bxf3,Nc6,g4,cxd4,exd4,e6
"Martinez Alcantara,Jose Eduardo",chess.com INT,0.5,Rapport-Jobava System,1. d4 Nf6 2. Nc3 d5 3. Bf4 c6 4. e3 Bf5 5. f3 h6 6. Bd3 Bxd3 7. Qxd3 e6 8. e4 Be7 9. Nge2 Qb6 10. O-O-O Qa6 11. Qxa6 Nxa6 12. a3 Nb8 13. h3 Nbd7 14. g4 a5 15. a4 O-O-O 16. Be3 Ne8 17. e5 Nc7 18. f4 b5 19. f5 Nb6 20. b3 bxa4 21. Nxa4 Nxa4 22. bxa4 Kd7 23. Rdf1 Rb8 24. fxe6+ fxe6 25. Rf7 Rhg8 26. Rhf1 Ke8 27. c3 Rf8 28. Rxf8+ Bxf8 29. Nf4 Ba3+ 30. Kc2 Rb2+ 31. Kd3 Rh2 32. Rb1 g5 33. Nh5 Kd7 34. Rb8 Ne8 35. Rb7+ Nc7 36. Rb8 Ne8 37. Ra8 Rxh3 38. Ke2 Be7 39. Bd2 Rh2+ 40. Kd3 Rh1 41. Rb8 Rg1 42. Rb7+ Nc7 43. Rb8 Ne8 44. Rb7+ Nc7 45. c4 dxc4+ 46. Kxc4 Kc8 47. Rb6 Rxg4 48. Bxa5 Nd5 49. Rxc6+ Kd7 50. Ra6 Rg1 51. Ra7+ Ke8 52. Kb5 Rc1 53. Bb4 Rb1 54. Nf6+ Bxf6 55. exf6 Rxb4+ 56. Kc5 Kf8 57. Kd6 Rb6+ 58. Ke5 g4 59. a5 Rc6 60. a6 g3 61. Ra8+ Kf7 62. Ra7+ Kf8 63. Ra8+ Kf7 64. a7 Ra6 65. Rh8 Nxf6 66. a8=Q Rxa8 67. Rxa8 g2 68. Ra1 Nd5 69. Rg1 Ne3 70. Ke4 Nf5 71. Rxg2 Kf6 72. Rh2 Nd6+ 73. Kf4 Nf7 74. Rf2 e5+ 75. Ke4+ Ke6 76. d5+ Ke7 77. Rg2 Kf6 78. Rf2+ Ke7 79. Ra2 h5 80. Ra6 h4 81. Re6+ Kd7 82. Rf6 Ke7 83. Kf5 Nd6+ 84. Kxe5 Nc4+ 85. Kf5 Ne3+ 86. Kg5 Nxd5 87. Rf3 Ke6 88. Kxh4 Ke5 89. Kg5 Kd4 90. Rf5 Ne3 91. Rf4+ Ke5 92. Ra4 Nd5 93. Ra8 Nc7 94. Ra5+ Ke4 95. Kg4 Nd5 96. Kg3 Ke5 97. Kf3 Kd4 98. Ke2 Nf4+ 99. Kd2 Nd5 100. Ra4+ Ke5 101. Kd3 Nf4+ 102. Ke3 Nd5+ 103. Kd3 Nf4+ 104. Rxf4 Kxf4,d4,Nf6,Nc3,d5,Bf4,c6,e3,Bf5,f3,h6,Bd3,Bxd3,Qxd3,e6,e4,Be7,Nge2,Qb6,O-O-O,Qa6
"Kreken,Eivind Grunt",chess.com INT,1.0,English Opening: Agincourt Defense,1. c4 e6 2. Nf3 d5 3. e3 c5 4. d4 Nf6 5. a3 a6 6. dxc5 Bxc5 7. b4 Ba7 8. Bb2 Nc6 9. Nbd2 O-O 10. Rc1 Qe7 11. Bd3 dxc4 12. Nxc4 b5 13. Nd6 Bd7 14. Bxf6 gxf6 15. Be4 Ne5 16. Nxe5 fxe5 17. Bxa8 Rxa8 18. Rc7 Bb8 19. Nc8 Qg5 20. Rxd7 Qxg2 21. Rf1,c4,e6,Nf3,d5,e3,c5,d4,Nf6,a3,a6,dxc5,Bxc5,b4,Ba7,Bb2,Nc6,Nbd2,O-O,Rc1,Qe7
"George,Kevin",chess.com INT,1.0,Rapport-Jobava System,1. d4 Nf6 2. Nc3 d5 3. Bf4 c5 4. e3 cxd4 5. exd4 Bg4 6. Be2 Bxe2 7. Qxe2 Nc6 8. Nb5 Rc8 9. Nd6+ Kd7 10. Nxc8 Qxc8 11. Nf3 e6 12. O-O Be7 13. Rac1 Rd8 14. c4 Ke8 15. c5 Ne4 16. a3 g5 17. Be3 f5 18. b4 a6 19. Nd2 f4 20. Nxe4 dxe4 21. Bd2 Nxd4 22. Qxe4 Nb3 23. Bc3 Nxc1 24. Rxc1 Qd7 25. Re1 Qd5 26. Qxh7 f3 27. gxf3 Kd7 28. Qe4 Rf8 29. Kg2 a5 30. Re3 Qxe4 31. Rxe4 axb4 32. axb4 Ra8 33. f4 Ra3 34. Bd4 Rb3 35. Be3 gxf4 36. Rxf4 Kc6 37. h4 e5 38. Rg4 Kb5 39. h5 Rxb4 40. Rg7 Bxc5 41. Rxb7+ Kc4 42. Rc7 Rb5 43. h6 Kd5 44. Rxc5+ Rxc5 45. Bxc5 Kxc5 46. h7,d4,Nf6,Nc3,d5,Bf4,c5,e3,cxd4,exd4,Bg4,Be2,Bxe2,Qxe2,Nc6,Nb5,Rc8,Nd6+,Kd7,Nxc8,Qxc8
"Gorovets,A",chess.com INT,1.0,English Opening: Agincourt Defense,1. c4 e6 2. Nf3 a6 3. e3 d5 4. b3 b6 5. Bb2 Bb7 6. Nc3 Nd7 7. Qc2 Ngf6 8. Be2 Bd6 9. cxd5 exd5 10. Rg1 c5 11. g4 O-O 12. g5 Ne8 13. O-O-O b5 14. h4 Rc8 15. h5 b4 16. Na4 c4 17. Kb1 Nc7 18. Nd4 Nb5 19. Nf5 Be5 20. f4 Bxb2 21. Kxb2 Na3 22. Qc1 cxb3 23. Qa1 Nc2 24. Qb1 bxa2 25. Qxa2 Nc5 26. Nxc5 Rxc5 27. Rc1 Ra5 28. Qb3 Na3 29. Qxb4 Nc4+ 30. Kc2 Ra2+ 31. Kd1 Rxd2+ 32. Ke1 Rxe2+ 33. Kxe2 Qd7 34. Nh6+,c4,e6,Nf3,a6,e3,d5,b3,b6,Bb2,Bb7,Nc3,Nd7,Qc2,Ngf6,Be2,Bd6,cxd5,exd5,Rg1,c5
"Salimiyan,Behzad",chess.com INT,1.0,Rapport-Jobava System,1. d4 Nf6 2. Nc3 d5 3. Bf4 e6 4. Nb5 Bb4+ 5. c3 Ba5 6. e3 a6 7. Na3 O-O 8. Nf3 Nbd7 9. Be2 c5 10. dxc5 Nxc5 11. b4 Nce4 12. bxa5 Nxc3 13. Qb3 Nfe4 14. Qb4 b5 15. Bd3 f6 16. Bxe4 dxe4 17. Qxc3 exf3 18. gxf3 Bb7 19. Rd1 Qe8 20. e4 Qh5 21. Rd7 Rac8 22. Qb3 Bc6 23. Re7 Kh8 24. Rg1 e5 25. Bd2 Rg8 26. Nc2 Qxh2 27. Rg3 Qh1+ 28. Ke2 b4 29. a4 bxa3 30. Nxa3 Rb8 31. Qf7,d4,Nf6,Nc3,d5,Bf4,e6,Nb5,Bb4+,c3,Ba5,e3,a6,Na3,O-O,Nf3,Nbd7,Be2,c5,dxc5,Nxc5
"Povshednyi,Ivan",chess.com INT,1.0,Rapport-Jobava System,1. d4 Nf6 2. Nc3 d5 3. Bf4 a6 4. e3 b5 5. h4 e6 6. g4 Bb4 7. g5 Ne4 8. Ne2 c5 9. Bg2 Bb7 10. Bxe4 dxe4 11. dxc5 Qxd1+ 12. Rxd1 Bxc5 13. Ng3 Bb4 14. Be5 Nd7 15. Bxg7 Rg8 16. Nh5 Ke7 17. a3 Ba5 18. b4 Bc7 19. Nf6 Rgd8 20. Nfxe4 Rg8 21. Bd4 e5 22. Bc5+ Nxc5 23. bxc5 Ba5 24. Ke2 Bxc3 25. Nxc3 Bxh1 26. Rxh1 Ke6 27. Ne4 Rac8 28. Rh3 h6 29. Rf3 hxg5 30. hxg5 Rg6 31. Rh3 Rc7 32. Rh8 Kd5 33. Kd3 Kc6 34. Rb8 Re6 35. Rb6+ Kd7 36. Nf6+ Kd8 37. Rxe6 fxe6 38. Ke4 Rxc5 39. g6 Ke7 40. g7 Rc4+ 41. Kxe5 Rc5+ 42. Ke4 Kxf6 43. g8=Q Re5+ 44. Kd3 Rd5+ 45. Ke2 Ke7 46. Qa8 Rd6 47. f4 e5 48. fxe5 Rh6 49. Kf3 Rh3+ 50. Ke4 Rh8 51. Qxh8,d4,Nf6,Nc3,d5,Bf4,a6,e3,b5,h4,e6,g4,Bb4,g5,Ne4,Ne2,c5,Bg2,Bb7,Bxe4,dxe4
"Budrewicz,K",chess.com INT,1.0,Nimzo-Larsen Attack: Modern Variation,1. b3 e5 2. Bb2 Nc6 3. e3 a6 4. c4 Nf6 5. Nf3 d6 6. d4 exd4 7. Nxd4 Bd7 8. Be2 g6 9. Nxc6 Bxc6 10. Bf3 Bg7 11. Bxc6+ bxc6 12. Qf3 c5 13. Qc6+ Kf8 14. Nc3 Nd7 15. h4 h5 16. Qd5 Bf6 17. Qd2 Kg7 18. Nd5 Bxb2 19. Qxb2+ f6 20. Rh3 c6 21. Nf4 Qe7 22. O-O-O Ne5 23. Rg3 a5 24. Qc2 Rh6 25. a4 Rb8 26. Qc3 Ng4 27. Rd2 Rb7 28. Kb2 Ra7 29. Ka2 Ne5 30. Qc2 Ng4 31. Qd3 Rd7 32. f3 Ne5 33. Qf5 Kh7 34. Qe6 Qxe6 35. Nxe6 Kg8 36. f4 Ng4 37. Nxc5 Re7 38. Rxd6 Nxe3 39. Rxf6 Kg7 40. Rxc6 Nc2 41. Re6 Nb4+ 42. Kb2 Rxe6 43. Nxe6+ Kf6 44. Nd4 Rh8 45. Rg5 Rd8 46. Nf3 Nd3+ 47. Kc3 Nxf4 48. Rxa5 Nxg2 49. Rd5 Re8 50. a5 Nf4 51. Rd6+ Kf5 52. Kb4 Kg4 53. Nd4 Kxh4 54. a6 Nd3+ 55. Kb5 Ne5 56. a7 Kg3 57. Re6 Rxe6 58. Nxe6,b3,e5,Bb2,Nc6,e3,a6,c4,Nf6,Nf3,d6,d4,exd4,Nxd4,Bd7,Be2,g6,Nxc6,Bxc6,Bf3,Bg7
"Janik,Igor",chess.com INT,1.0,Nimzo-Larsen Attack: Modern Variation,1. b3 e5 2. Bb2 Nc6 3. e3 g6 4. c4 Bg7 5. Nf3 d6 6. d4 Nge7 7. Be2 O-O 8. O-O Bg4 9. d5 Nb8 10. Nc3 a5 11. a3 Na6 12. Nb5 Bd7 13. Qd2 Nc5 14. Bd1 f5 15. Bc2 h6 16. b4 Ne4 17. Qe2 Kh7 18. Nc3 Nxc3 19. Bxc3 axb4 20. axb4 b5 21. e4 bxc4 22. Qxc4 Rb8 23. Ra5 Qe8 24. Rfa1 Bb5 25. Qb3 f4 26. Ra7 Qd7 27. Be1 Nc8 28. R7a5 g5 29. Bd3 Bxd3 30. Qxd3 Bf6 31. Rc1 g4 32. Nd2 Rxb4 33. Qc2 Rb7 34. Ra3 Bd8 35. Nc4 Ne7 36. Rc3 Ng6 37. Na5 Rb6 38. Nc6 Rf7 39. Ra3 Bg5 40. Rca1 Ne7 41. Na5 f3 42. g3 h5 43. Rc3 Ng6 44. Bd2 Bxd2 45. Qxd2 Qe7 46. Rac1 Kg7 47. Nc4 Rb7 48. Ne3 Qd7 49. Nf5+ Kf6 50. Rc6 Rh7 51. h4 Ne7 52. Qg5+ Kf7 53. Nh6+ Kf8 54. Ra1 Nxc6 55. dxc6 Qxc6 56. Ra8+ Qe8 57. Qf6+,b3,e5,Bb2,Nc6,e3,g6,c4,Bg7,Nf3,d6,d4,Nge7,Be2,O-O,O-O,Bg4,d5,Nb8,Nc3,a5
"Pechac,Jergus",Bad Mergentheim GER,1.0,Nimzo-Larsen Attack: Classical Variation,1. Nf3 d5 2. b3 c5 3. e3 Nc6 4. Bb2 e6 5. a3 Nf6 6. d4 cxd4 7. exd4 Bd6 8. Bd3 b6 9. O-O O-O 10. Nbd2 Bb7 11. Ne5 Rc8 12. f4 Ne7 13. Qe2 Rc7 14. Rf2 a6 15. g4 b5 16. Re1 Kh8 17. h4 Ne4 18. Nxe4 dxe4 19. Bxe4 Bxe4 20. Qxe4 f5 21. Qg2 Bxe5 22. Rxe5 Ng6 23. Rxe6 Qxh4 24. d5 Rcf7 25. d6 fxg4 26. f5 g3 27. Rf3 Qh5 28. f6 Qc5+ 29. Kf1 gxf6 30. Qxg3 Qxc2 31. Rexf6 Kg8 32. Rf2 Rxf6 33. Bxf6 Qd1+ 34. Kg2 Qd5+ 35. Kg1 Qe6 36. Bc3 Rxf2 37. Kxf2 Qxb3 38. Qd3 Qf7+ 39. Ke3 Nf4 40. Qe4 Nd5+ 41. Kd4 Nf6 42. Qa8+ Kg7 43. Qc6 Kf8 44. Qc8+ Kg7 45. Ke3 a5 46. Qc7 Kf8 47. Bxf6 Qe6+ 48. Kd4 Qxf6+ 49. Kc5 Qe5+ 50. Kc6 Qe4+ 51. Kb6 Qe6 52. Kb7 Qd5+,Nf3,d5,b3,c5,e3,Nc6,Bb2,e6,a3,Nf6,d4,cxd4,exd4,Bd6,Bd3,b6,O-O,O-O,Nbd2,Bb7
"Pichot,A",chess.com INT,1.0,Rapport-Jobava System,1. d4 Nf6 2. Nc3 d5 3. Bf4 c5 4. e3 cxd4 5. exd4 Bg4 6. Be2 Bxe2 7. Qxe2 Nc6 8. Nb5 Qa5+ 9. c3 Kd7 10. a4 a6 11. b4 Qd8 12. Nc7 e5 13. Nxa8 exf4 14. b5 Na5 15. bxa6 Qxa8 16. Qb5+ Nc6 17. axb7 Qa7 18. Nf3 Bd6 19. Ne5+ Bxe5 20. dxe5 Re8 21. O-O Rxe5 22. Rfb1 Re8 23. a5 Kc7 24. a6 Ne4 25. Qe2 Kb8 26. Rb2 Re6 27. Qg4 g5 28. Qf5 Nd6 29. Qxg5 f3 30. Qg8+ Re8 31. Qg3 Ne5 32. gxf3 f6 33. Kh1 Ndc4 34. Re2,d4,Nf6,Nc3,d5,Bf4,c5,e3,cxd4,exd4,Bg4,Be2,Bxe2,Qxe2,Nc6,Nb5,Qa5+,c3,Kd7,a4,a6
"Esipenko,Andrey",chess.com INT,1.0,Rapport-Jobava System,1. d4 Nf6 2. Nc3 d5 3. Bf4 c5 4. e3 cxd4 5. exd4 Bg4 6. Be2 Bxe2 7. Qxe2 Nc6 8. Nb5 Qa5+ 9. c3 Kd7 10. Nf3 a6 11. Nc7 Rc8 12. Ne5+ Nxe5 13. dxe5 Rxc7 14. exf6 Rc4 15. fxg7 Bxg7 16. Qg4+,d4,Nf6,Nc3,d5,Bf4,c5,e3,cxd4,exd4,Bg4,Be2,Bxe2,Qxe2,Nc6,Nb5,Qa5+,c3,Kd7,Nf3,a6
"Urbina Perez,J",chess.com INT,0.5,English Opening: Agincourt Defense,1. Nf3 d5 2. c4 e6 3. e3 Nf6 4. b3 Nbd7 5. Bb2 g6 6. Nc3 Bg7 7. cxd5 Nxd5 8. Qc1 O-O 9. h4 c5 10. h5 Nxc3 11. Bxc3 Bxc3 12. Qxc3 Qf6 13. Rc1 Qxc3 14. Rxc3 b6 15. d4 Bb7 16. Bb5 Bxf3 17. gxf3 cxd4 18. exd4 Nf6 19. hxg6 hxg6 20. Ke2 Nd5 21. Rcc1 Rac8 22. Bc4 Nf6 23. Ke3 Kg7 24. Ba6 Rxc1 25. Rxc1 Nd5+ 26. Kd2 Rd8 27. Be2 Rd7 28. a4 Rc7 29. Bc4 Ne7 30. Rd1 Rd7 31. Kc3 Kf6 32. Rd3 g5 33. Kb4 Nf5 34. d5 exd5 35. Rxd5 Rxd5 36. Bxd5 Nd6 37. Kc3 Ke5 38. Bc6 f5 39. b4 f4 40. a5 Nf5 41. Ba8 Nd6 42. Kd3 Nf5 43. Bc6 Nd6 44. Ba8 Nf5 45. Kc4 Nd6+ 46. Kd3,Nf3,d5,c4,e6,e3,Nf6,b3,Nbd7,Bb2,g6,Nc3,Bg7,cxd5,Nxd5,Qc1,O-O,h4,c5,h5,Nxc3
"Warmerdam,Max",Deggendorf GER,1.0,Nimzo-Larsen Attack: Classical Variation,1. Nf3 d5 2. b3 c5 3. e3 Nf6 4. Bb2 g6 5. Bb5+ Bd7 6. Be2 Bg7 7. c4 dxc4 8. bxc4 O-O 9. O-O Nc6 10. d3 Qc7 11. Nc3 Rfd8 12. Qc2 Rac8 13. h3 b6 14. Rad1 Ne5 15. Nd2 Qb7 16. f4 Nc6 17. a3 Nb8 18. Bf3 Bc6 19. e4 e6 20. e5 Bxf3 21. Nxf3 Ne8 22. Ne4 Nc6 23. Qf2 Qe7 24. Rfe1 Rd7 25. g4 Qd8 26. Qf1 a6 27. Kh1 Ne7 28. h4 b5 29. h5 Qb6 30. Bc3 Nc6 31. hxg6 hxg6 32. f5 bxc4 33. f6,Nf3,d5,b3,c5,e3,Nf6,Bb2,g6,Bb5+,Bd7,Be2,Bg7,c4,dxc4,bxc4,O-O,O-O,Nc6,d3,Qc7
"Haug,Havard",chess.com INT,0.0,English Opening: Agincourt Defense,1. c4 e6 2. Nf3 Nf6 3. e3 b6 4. b3 Bb7 5. Bb2 Be7 6. d4 O-O 7. Bd3 Be4 8. Nc3 Bxd3 9. Qxd3 d5 10. O-O Nbd7 11. cxd5 exd5 12. Rac1 a6 13. Rc2 Bd6 14. Rfc1 Qe7 15. Ne2 Ne4 16. Ne5 Nxe5 17. dxe5 Bxe5 18. Bxe5 Qxe5 19. Rxc7 Nc5 20. R7xc5 bxc5 21. Rxc5 Qa1+ 22. Rc1 Qxa2 23. Nf4 Rac8 24. Rd1 Rc2 25. Nh3 h6 26. Qxd5 Rb2 27. g3 Qxb3 28. Nf4 Qxd5 29. Rxd5 Ra8 30. Ra5 Rb5 31. Ra4 a5 32. Nd3 Rb3 33. Nc5 Rb4 34. Ra3 a4 35. Kg2 Ra5 36. Nd7 Rb3 37. Ra1 a3 38. f4 a2 39. Rc1 Ra8,c4,e6,Nf3,Nf6,e3,b6,b3,Bb7,Bb2,Be7,d4,O-O,Bd3,Be4,Nc3,Bxd3,Qxd3,d5,O-O,Nbd7
"Keleberda,Tymur",chess.com INT,1.0,Nimzo-Larsen Attack: Modern Variation,1. b3 e5 2. Bb2 d6 3. e3 g6 4. d4 e4 5. d5 Nf6 6. Nd2 Bf5 7. Ne2 Bg7 8. Ng3 O-O 9. Nxf5 gxf5 10. c4 c6 11. Be2 cxd5 12. cxd5 Qa5 13. O-O Qxd5 14. Nc4 Qxd1 15. Rfxd1 d5 16. Nd6 b6 17. Nxf5 Rd8 18. Rac1 Bh8 19. g4 Nbd7 20. g5 Ne8 21. Nh6+ Kf8 22. Bxh8 f6 23. h4 Ke7 24. Rxd5 Ne5 25. gxf6+ Nxf6 26. Rxe5+,b3,e5,Bb2,d6,e3,g6,d4,e4,d5,Nf6,Nd2,Bf5,Ne2,Bg7,Ng3,O-O,Nxf5,gxf5,c4,c6
"Nakamura,Hi",chess.com INT,0.0,English Opening: Agincourt Defense,1. Nf3 d5 2. c4 e6 3. e3 Nf6 4. b3 b6 5. Bb2 Bb7 6. d4 Bd6 7. Bd3 Nbd7 8. O-O Qe7 9. Nc3 a6 10. Qc2 O-O 11. e4 dxc4 12. bxc4 e5 13. Rfe1 c6 14. Rab1 Rfe8 15. Ne2 b5 16. c5 Bc7 17. Ng3 g6 18. Rbc1 exd4 19. e5 Nd5 20. Bxd4 Nb4 21. Qb1 Nxd3 22. Qxd3 Rad8 23. Qe3 Bc8 24. h4 f5 25. Qb3+ Qe6 26. Qxe6+ Rxe6 27. Ng5 Nf8 28. Nxe6 Bxe6 29. Be3 Bxa2 30. Ra1 Bd5 31. Rxa6 Ne6 32. f4 b4 33. Ne2 b3 34. Nc3 Bc4 35. Ra4 Bd3 36. Rb4 Ba5 37. Rxb3 Bc2 38. Ra3 Bb4 39. Ra2 Bb3 40. Ra6 Bxc3 41. Rb1 Bd5 42. Rb7 Be1 43. Raa7 h5 44. Rd7 Rxd7 45. Rxd7 Bxh4 46. Ra7 Kf8 47. Bf2 Bxf2+ 48. Kxf2 Nxf4 49. g3 Nd3+ 50. Ke3 Nxc5 51. Kf4 Ne6+ 52. Ke3 g5 53. Rh7 f4+ 54. gxf4 Nxf4 55. Kd4 Ne6+ 56. Ke3 h4 57. Kf2 Be4 58. Rh6 Ke7 59. Ke3 Bd5 60. Rh7+ Kd8 61. Kf2 c5 62. Ke3 Bg2 63. Kf2 h3 64. Kg3 c4 65. Kg4 c3 66. Kf5 Nd4+ 67. Kf6 c2 68. e6 Nxe6 69. Kxe6 c1=Q,Nf3,d5,c4,e6,e3,Nf6,b3,b6,Bb2,Bb7,d4,Bd6,Bd3,Nbd7,O-O,Qe7,Nc3,a6,Qc2,O-O
"Hamedi Nia,Vesal",chess.com INT,1.0,English Opening: Agincourt Defense,1. Nf3 d5 2. c4 e6 3. e3 Nf6 4. b3 Be7 5. Bb2 O-O 6. d4 a6 7. Bd3 Nbd7 8. Nc3 c5 9. cxd5 exd5 10. O-O b5 11. dxc5 Nxc5 12. Rc1 Bb7 13. Bb1 Rc8 14. Ne2 Nce4 15. Nf4 Qd6 16. Nd4 Rxc1 17. Qxc1 Rc8 18. Qe1 Qd8 19. f3 Nd6 20. Qg3 Bf8 21. h4 Qe7 22. Re1 Re8 23. Qf2 b4 24. g4 Nd7 25. Kg2 a5 26. g5 Ne5 27. Qg3 Ng6 28. h5 Nxf4+ 29. Qxf4 Qd7 30. h6 Bc8 31. hxg7 Qh3+ 32. Kf2 Bxg7 33. Qg3 Qxg3+ 34. Kxg3 Be5+ 35. Kf2 Re7 36. Rh1 f5 37. Nc6,Nf3,d5,c4,e6,e3,Nf6,b3,Be7,Bb2,O-O,d4,a6,Bd3,Nbd7,Nc3,c5,cxd5,exd5,O-O,b5
"Salinas Herrera,P",chess.com INT,1.0,English Opening: Agincourt Defense,1. Nf3 d5 2. c4 e6 3. e3 Nf6 4. b3 c6 5. Bb2 Bd6 6. d4 O-O 7. Bd3 Nbd7 8. O-O b6 9. Nbd2 Bb7 10. Ne5 c5 11. f4 cxd4 12. exd4 Ne4 13. Ndf3 Ndf6 14. Qc2 Rc8 15. Kh1 Qe7 16. a3 a6 17. Qe2 h6 18. Kg1 Rfd8 19. Rfc1 dxc4 20. bxc4 Bb8 21. Re1 b5 22. c5 Bd5 23. Qc2 Qb7 24. a4 Nd6 25. axb5 Nxb5 26. Qe2 Bxf3 27. Qxf3 Qxf3 28. Nxf3 Bxf4 29. Rxa6 Nc7 30. Ra7 Ncd5 31. g3 Nb4 32. Bc4 Nc6 33. Rxf7 Kxf7 34. Bxe6+ Kf8 35. Bxc8 Bxg3 36. hxg3 Rxc8 37. Re6 Kf7 38. Rxc6 Rxc6 39. Ne5+ Ke6 40. Nxc6 Kd5 41. Ne7+,Nf3,d5,c4,e6,e3,Nf6,b3,c6,Bb2,Bd6,d4,O-O,Bd3,Nbd7,O-O,b6,Nbd2,Bb7,Ne5,c5
"Ansat,Aldiyar",chess.com INT,1.0,English Opening: Agincourt Defense,1. Nf3 d5 2. c4 e6 3. e3 Nf6 4. b3 b6 5. Bb2 Bb7 6. d4 Nbd7 7. Bd3 Bd6 8. O-O O-O 9. Nc3 a6 10. Rc1 Qe7 11. Re1 Ne4 12. Ne2 Rad8 13. Qc2 f5 14. cxd5 exd5 15. Ne5 Bxe5 16. dxe5 c5 17. f4 Rf7 18. Red1 Nf8 19. Nc3 Ne6 20. Na4 g5 21. fxg5 Qxg5 22. Qe2 Rdf8 23. Nxb6 f4 24. Bxe4 dxe4 25. Nd7 f3 26. Qf2 fxg2 27. Nf6+ Kh8 28. Rd6 Bc8 29. Rc2 Qh6 30. h4 Qg6 31. Rcd2 Rg7 32. Qe1 Qh6 33. Rxg2 Rxg2+ 34. Kxg2 Rf7 35. Qf2 Rg7+ 36. Kf1 Qg6 37. Rd2 Qf7 38. Qf5 a5 39. Kf2 Qc7 40. Ne8 Rf7 41. Nxc7 Rxf5+ 42. Ke1 Nxc7 43. Rd8+ Kg7 44. Rxc8 Ne6 45. Ra8 Rh5 46. Rxa5 Rxh4 47. Ra7+ Kg6 48. a4 Rh2 49. Bc3 Rc2 50. Bd2 Rb2 51. a5 Ng5 52. Kd1 Nf3 53. Bc3 Rxb3 54. Kc2 c4 55. e6 Rb8 56. a6 h5 57. Rg7+ Kf5 58. a7 Ra8 59. e7 Ke6 60. Ba5 Ne5 61. Bd8 Kd7 62. Rg8,Nf3,d5,c4,e6,e3,Nf6,b3,b6,Bb2,Bb7,d4,Nbd7,Bd3,Bd6,O-O,O-O,Nc3,a6,Rc1,Qe7
"Deac,Bogdan-Daniel",chess.com INT,0.5,English Opening: Agincourt Defense,1. Nf3 d5 2. c4 e6 3. e3 Nf6 4. b3 Bd6 5. Bb2 O-O 6. d4 b6 7. Bd3 Bb7 8. O-O dxc4 9. bxc4 c5 10. Nc3 cxd4 11. exd4 Nbd7 12. Qe2 Re8 13. a4 e5 14. Nb5 exd4 15. Qc2 Be5 16. Nbxd4 Bxf3 17. Nxf3 Bxb2 18. Qxb2 Nc5 19. Bc2 Qc7 20. Rfd1 Rad8 21. Nd4 Qe5 22. Qc3 Nce4 23. Bxe4 Nxe4 24. Qe3 Qd6 25. h3 h6 26. Qf3 Qf6 27. Qxf6 Nxf6 28. Nb5 a6 29. Nc7 Rxd1+ 30. Rxd1 Rc8 31. Nxa6 Rxc4 32. Rd6 Rxa4 33. Rxb6 Ne4 34. f3 Ng3 35. Nc5 Ra2 36. Nd7 f6 37. Rb8+ Kf7 38. Rb7 Kg8 39. Rb8+ Kf7 40. Rb7 Ne2+ 41. Kf1 Ng3+ 42. Kg1,Nf3,d5,c4,e6,e3,Nf6,b3,Bd6,Bb2,O-O,d4,b6,Bd3,Bb7,O-O,dxc4,bxc4,c5,Nc3,cxd4
"Nogerbek,Kazybek",London ENG,1.0,English Opening: Agincourt Defense,1. c4 e6 2. Nf3 d5 3. e3 Nf6 4. b3 Be7 5. d4 O-O 6. Bd3 c5 7. O-O cxd4 8. exd4 Nc6 9. Re1 b6 10. Bb2 Bb7 11. Nc3 Rc8 12. Rc1 dxc4 13. bxc4 Na5 14. Ne5 Nd7 15. Nxd7 Qxd7 16. d5 e5 17. Rxe5 Nxc4 18. Bf5 Nxe5 19. Bxd7 Nxd7 20. h3 Rfd8 21. Nb5 Nc5 22. Nxa7 Ra8 23. Nc6 Bxc6 24. Qg4 Bf8 25. dxc6 Nd3 26. Rd1 Nxb2 27. Rxd8 Rxd8 28. c7 Ra8 29. c8=Q Rxc8 30. Qxc8 Na4 31. Qc6 Nc5 32. Qxb6 g6 33. Qc6 Kg7 34. a4 Nb3 35. Qc3+,c4,e6,Nf3,d5,e3,Nf6,b3,Be7,d4,O-O,Bd3,c5,O-O,cxd4,exd4,Nc6,Re1,b6,Bb2,Bb7
"Kawuma,Patrick",London ENG,1.0,Rapport-Jobava System,1. d4 Nf6 2. Bf4 g6 3. Nc3 d5 4. e3 Bg7 5. h4 h6 6. Nf3 Bg4 7. Qd2 Nbd7 8. Nb5 Ne4 9. Nxc7+ Qxc7 10. Bxc7 Nxd2 11. Kxd2 Bxf3 12. gxf3 Rc8 13. Bg3 e5 14. c3 f5 15. f4 exd4 16. cxd4 a6 17. h5 g5 18. Bd3 Rf8 19. fxg5 hxg5 20. h6 Bh8 21. Rh5 f4 22. exf4 gxf4 23. Bh4 Nf6 24. Re1+ Kf7 25. Rhe5 Ne4+ 26. Bxe4 Bxe5 27. Bxd5+ Kg6 28. Rxe5 Kxh6 29. Be7 Rfe8 30. Bf7 Rh8,d4,Nf6,Bf4,g6,Nc3,d5,e3,Bg7,h4,h6,Nf3,Bg4,Qd2,Nbd7,Nb5,Ne4,Nxc7+,Qxc7,Bxc7,Nxd2
"Nurgaliyeva,Zarina",chess.com INT,1.0,Nimzo-Larsen Attack: Modern Variation,1. b3 e5 2. Bb2 Nc6 3. e3 Nf6 4. Nf3 Bd6 5. Na3 e4 6. Nh4 Be5 7. Bxe5 Nxe5 8. f4 exf3 9. Nxf3 Nxf3+ 10. Qxf3 d5 11. Bd3 c6 12. O-O Qd6 13. Nb1 O-O 14. Nc3 Ng4 15. Qf4 Qxf4 16. Rxf4 Ne5 17. Be2 Be6 18. b4 Rfd8 19. a4 Ng6 20. Rff1 d4 21. Ne4 Bd5 22. Ng3 dxe3 23. dxe3 Re8 24. c4 Be6 25. a5 Ne5 26. a6 Rab8 27. c5 b6 28. Ne4 bxc5 29. bxc5 Rb2 30. Rf2 Rc2 31. Rb1 Bd5 32. Nd6 Ra8 33. e4 Ba2 34. Rb7 Rxc5 35. Bf1 Be6 36. Rfb2 h5 37. h3 Nd7 38. Rc7 Rc1 39. Rbb7 Rd1 40. Rxd7 Bxd7 41. Rxd7 c5 42. Kf2 Rb8 43. Rb7 Rd8 44. e5 R1xd6 45. exd6 Rxd6 46. Rxa7,b3,e5,Bb2,Nc6,e3,Nf6,Nf3,Bd6,Na3,e4,Nh4,Be5,Bxe5,Nxe5,f4,exf3,Nxf3,Nxf3+,Qxf3,d5
"Balavignan,Ashvin",chess.com INT,1.0,Nimzo-Larsen Attack: Modern Variation,1. b3 e5 2. Bb2 Nc6 3. e3 d5 4. Nf3 Bd6 5. Bb5 f6 6. c4 Ne7 7. cxd5 Nxd5 8. d4 e4 9. Nfd2 f5 10. Nc3 Nxc3 11. Bxc3 O-O 12. Qe2 Ne7 13. Bc4+ Kh8 14. f3 b5 15. Bxb5 Nd5 16. Ba5 Qh4+ 17. Kd1 Rb8 18. Bc4 c6 19. Kc2 Bb4 20. Bxb4 Nxb4+ 21. Kb2 exf3 22. Nxf3 Qf6 23. Ne5 c5 24. Rhf1 cxd4 25. exd4 Be6 26. Rac1 Nd5 27. g4 Nb6 28. Bxe6 Qxe6 29. gxf5 Rxf5 30. Rxf5 Qxf5 31. Rf1 Qe6 32. Nf7+,b3,e5,Bb2,Nc6,e3,d5,Nf3,Bd6,Bb5,f6,c4,Ne7,cxd5,Nxd5,d4,e4,Nfd2,f5,Nc3,Nxc3
"Henriquez Villagra,C",chess.com INT,0.5,Trompowsky Attack,1. d4 Nf6 2. Bg5 d6 3. Nc3 Nbd7 4. e4 e5 5. Nf3 Be7 6. Bc4 O-O 7. h3 c6 8. a4 Nxe4 9. Nxe4 d5 10. Bxe7 Qxe7 11. Nc3 exd4+ 12. Qe2 Qb4 13. Nxd4 Qxb2 14. Kd2 Qb4 15. a5 dxc4 16. Rhd1 Nf6 17. Ra4 Qd6 18. Kc1 Re8 19. Qxc4 Qf4+ 20. Kb2 Qxf2 21. g4 Be6 22. Nxe6 Rxe6 23. g5 Nd5 24. Nxd5 cxd5 25. Qxd5 Rc8 26. Rc4 Rf8 27. Qxb7 Ree8 28. Qd5 Rb8+ 29. Ka2 g6 30. Qd7 Qe3 31. h4 a6 32. Qd4 Qe2 33. Rb1 Rbd8 34. Qc3 Qe6 35. Rb6 Qd5 36. Rxa6 Rc8 37. Kb3 Rc5 38. Rb6 Rfc8 39. Rb4 Rxa5 40. Kb2 Rf8 41. Ra4 Rb5+ 42. Rab4 Ra5 43. Ra4 Rb5+ 44. Rab4 Ra5,d4,Nf6,Bg5,d6,Nc3,Nbd7,e4,e5,Nf3,Be7,Bc4,O-O,h3,c6,a4,Nxe4,Nxe4,d5,Bxe7,Qxe7
"Carlsen,M",chess.com INT,1.0,Rapport-Jobava System,1. d4 d5 2. Nc3 Nf6 3. Bf4 c5 4. e3 cxd4 5. exd4 a6 6. Nf3 Nc6 7. Ne5 Bd7 8. g4 h6 9. Nxc6 Bxc6 10. Qf3 e6 11. O-O-O b5 12. Kb1 Rc8 13. Bd3 b4 14. Ne2 Bb5 15. Bxb5+ axb5 16. h4 Qb6 17. Nc1 Qc6 18. Qe2 Be7 19. g5 Ne4 20. f3 hxg5 21. hxg5 Rxh1 22. Rxh1 Bxg5 23. Bxg5 Nxg5 24. Nd3 Qc4 25. Rh8+ Ke7 26. b3 Qc3 27. Rxc8 Qxc8 28. Nxb4 Kf6 29. Qxb5 Qc3 30. Qb6 Kf5 31. Qc5 Qxf3 32. a4 Ne4 33. Qc7 Qd1+ 34. Ka2 f6 35. Nd3 g5 36. a5 Nd2 37. Qc3 Ne4 38. Qb2 Qd2 39. b4 g4 40. a6 g3 41. a7 g2 42. a8=Q g1=Q 43. Qh8 Qdh2 44. Qxh2 Qxh2 45. b5 Qb8 46. b6 Qa8+ 47. Kb1 Nd2+ 48. Kc1 Nc4 49. b7 Qh8 50. Qb4 Qh1+ 51. Ne1 Qh6+ 52. Kb1 Nd2+ 53. Ka2 Nc4 54. b8=Q Qc1 55. Qg3 Ke4 56. Qf3+ Kxd4 57. Qf2+ Ke4 58. Qg2+ Kf5 59. Qh3+ Kg6 60. Qd3+ f5 61. Qe2 Kf6 62. Qc3+ e5 63. Nd3 Qg1 64. Nxe5 Qa7+ 65. Kb1 Qb6+ 66. Ka2 Qa7+ 67. Kb1 Qb6+ 68. Kc1 Qg1+ 69. Qd1 Qg5+ 70. Kb1 Nxe5 71. Qxd5 Qg1+ 72. Ka2 Qa7+ 73. Qca5 Qe7 74. Qad8,d4,d5,Nc3,Nf6,Bf4,c5,e3,cxd4,exd4,a6,Nf3,Nc6,Ne5,Bd7,g4,h6,Nxc6,Bxc6,Qf3,e6
"Pribelszky,Bence",chess.com INT,1.0,Nimzo-Larsen Attack: Classical Variation,1. Nf3 d5 2. b3 Bg4 3. e3 e5 4. h3 Bxf3 5. Qxf3 Nf6 6. Bb2 Bd6 7. g3 O-O 8. Bg2 Nbd7 9. d3 c6 10. O-O a5 11. a3 b5 12. Nd2 Qb6 13. Kh1 a4 14. b4 c5 15. bxc5 Bxc5 16. Rfb1 Qe6 17. Qe2 Rfb8 18. e4 d4 19. f4 b4 20. axb4 Rxb4 21. Nc4 exf4 22. gxf4 Nd5 23. f5 Qe8 24. Qd2 Ne3 25. Nxe3 dxe3 26. Qc3 f6 27. e5 Rab8 28. e6 Bd4 29. Qxd4 Rxd4 30. Bxd4 Rxb1+ 31. Rxb1 Ne5 32. Bxe3 a3 33. Bd5 g6 34. Bc5 gxf5 35. e7+ Kg7 36. Rg1+ Kh6 37. Bxa3 Qh5 38. Bc1+ f4 39. Bxf4+ Qg5 40. Bxg5+,Nf3,d5,b3,Bg4,e3,e5,h3,Bxf3,Qxf3,Nf6,Bb2,Bd6,g3,O-O,Bg2,Nbd7,d3,c6,O-O,a5
"Rorrer,Grayson",chess.com INT,1.0,Trompowsky Attack,1. d4 Nf6 2. Bg5 d5 3. e3 Nbd7 4. Nf3 Ne4 5. Bh4 c5 6. Nbd2 Qb6 7. Bd3 Ndf6 8. c4 cxd4 9. exd4 Nxd2 10. Qxd2 dxc4 11. Bxc4 Ne4 12. Qe2 Qb4+ 13. Kf1 Nd6 14. Bd3 Bf5 15. Rd1 e6 16. d5 Be7 17. Bxe7 Kxe7 18. Bxf5 Nxf5 19. dxe6 fxe6 20. Re1 Qd6 21. Qb5 Qa6 22. Qxa6 bxa6 23. Ke2 Rac8 24. Rc1 Nd6 25. Ne5 Kf6 26. f4 g5 27. Nd3 gxf4 28. Nxf4 Nf5 29. Rhd1 Ke5 30. g3 Nd4+ 31. Kd3 Rhd8 32. Rxc8 Rxc8 33. Re1+,d4,Nf6,Bg5,d5,e3,Nbd7,Nf3,Ne4,Bh4,c5,Nbd2,Qb6,Bd3,Ndf6,c4,cxd4,exd4,Nxd2,Qxd2,dxc4
"Steinberg,N",chess.com INT,1.0,Trompowsky Attack,1. d4 Nf6 2. Bg5 d5 3. e3 Ne4 4. Bf4 e6 5. Nd2 Nf6 6. Ngf3 Bd6 7. Ne5 Nfd7 8. Bd3 Nxe5 9. dxe5 Be7 10. h4 c5 11. Qg4 g6 12. h5 g5 13. Bg3 c4 14. Be2 h6 15. O-O Nc6 16. b3 c3 17. Nf3 Qc7 18. Nd4 a6 19. f4 Bd7 20. f5 O-O-O 21. fxe6 fxe6 22. Rf7 Rde8 23. Nxc6 Qxc6 24. Qd4 Kb8 25. Raf1 Bd8 26. Kh2 Bb6 27. Qd3 Rd8 28. Be1 Qc5 29. Qxc3 Qxc3 30. Bxc3 Bxe3 31. R1f6 Be8 32. Re7 Rc8 33. Rfxe6 Bxh5 34. Bxh5 Rxc3 35. Bf3 Bf4+ 36. Kg1 Bg3 37. Rb6 Rxc2 38. Rbxb7+ Ka8 39. Ra7+ Kb8 40. Reb7+ Kc8 41. Bg4+,d4,Nf6,Bg5,d5,e3,Ne4,Bf4,e6,Nd2,Nf6,Ngf3,Bd6,Ne5,Nfd7,Bd3,Nxe5,dxe5,Be7,h4,c5
"Grischuk,A",chess.com INT,0.0,Rapport-Jobava System,1. d4 d5 2. Nc3 Nf6 3. Bf4 g6 4. e3 Bg7 5. h4 h5 6. Nf3 O-O 7. Ne5 c5 8. Qd2 Nc6 9. f3 cxd4 10. exd4 Bf5 11. Bb5 Nxe5 12. dxe5 Nd7 13. O-O-O Nxe5 14. Rhe1 d4 15. Bxe5 dxc3 16. Qxc3 Bh6+ 17. Kb1 Qb6 18. Bd7 Rac8 19. Bxc8 Rxc8 20. Qa3 Bxc2+ 21. Ka1 Bxd1 22. Rxd1 Qe3 23. Qxe3 Bxe3 24. Bc3 Bf2 25. Rd7 Bxh4 26. Rxb7 Bf6 27. Rxa7 Bxc3 28. bxc3 Rxc3 29. Rxe7 Rc2 30. g4 h4 31. Re1 h3,d4,d5,Nc3,Nf6,Bf4,g6,e3,Bg7,h4,h5,Nf3,O-O,Ne5,c5,Qd2,Nc6,f3,cxd4,exd4,Bf5
"Durarbayli,Vasif",chess.com INT,1.0,Trompowsky Attack,1. d4 Nf6 2. Bg5 d5 3. e3 e6 4. Nd2 h6 5. Bh4 Nbd7 6. f4 c5 7. Ngf3 Qb6 8. Rb1 Bd6 9. c3 g5 10. fxg5 hxg5 11. Bxg5 Bg3+ 12. Ke2 Qa6+ 13. c4 dxc4 14. Qc2 b5 15. a4 bxa4 16. Kd1 cxd4 17. Bxc4 Qa5 18. Ne4 d3 19. Qxd3 Ng4 20. hxg3 Rxh1+ 21. Kc2 Rxb1 22. Nd6+ Kf8 23. Qh7 Rxb2+ 24. Kxb2 Qb4+ 25. Ka2,d4,Nf6,Bg5,d5,e3,e6,Nd2,h6,Bh4,Nbd7,f4,c5,Ngf3,Qb6,Rb1,Bd6,c3,g5,fxg5,hxg5
"Xiong,Jeffery",chess.com INT,0.0,Rapport-Jobava System,1. d4 d5 2. Nc3 Nf6 3. Bf4 a6 4. e3 h6 5. h4 c5 6. Nf3 Bg4 7. Be2 Bxf3 8. Bxf3 Nc6 9. Qd2 e6 10. g4 cxd4 11. exd4 Bb4 12. a3 Qa5 13. axb4 Qxa1+ 14. Ke2 Qxb2 15. Rb1 Qxc2 16. Qxc2 Nxd4+ 17. Kd2 Nxc2 18. Kxc2 Rc8 19. Kb3 Rc4 20. Bg3 Nxg4 21. Be2 Rd4 22. Rg1 h5 23. f3 Nh6 24. Bf2 Nf5 25. Bxd4 Nxd4+ 26. Kb2 g6 27. f4 Ke7 28. Bd3 Nf3 29. Rh1 Rc8 30. Rh3 Nd4 31. Ne2 Nc6 32. Kb3 Kd6 33. Re3 b5 34. Ka3 Rb8 35. Nc3 Nd4 36. Rg3 a5 37. Rg1 axb4+ 38. Kxb4 Nc6+ 39. Kb3 Kc5 40. Rc1 Nd4+ 41. Kb2 Kd6 42. Ra1 Ke7 43. Ra7+ Kf6 44. Rd7 Nf3 45. Kc1 Rc8 46. Kb2 Nxh4 47. Nxb5 Ng2 48. Rxf7+ Kxf7 49. Nd6+ Kf6 50. Nxc8 Nxf4 51. Bf1 g5 52. Kc3 g4 53. Kd2 g3 54. Ke3 g2 55. Bxg2 Nxg2+ 56. Kf3 Nh4+ 57. Kf4 Ng6+,d4,d5,Nc3,Nf6,Bf4,a6,e3,h6,h4,c5,Nf3,Bg4,Be2,Bxf3,Bxf3,Nc6,Qd2,e6,g4,cxd4
"Sarana,A",chess.com INT,0.0,Trompowsky Attack,1. d4 Nf6 2. Bg5 d5 3. e3 c5 4. Nd2 Nc6 5. c3 Qb6 6. Qb3 e6 7. Ngf3 h6 8. Bf4 Qxb3 9. axb3 Nh5 10. Bc7 Kd7 11. Bb6 cxd4 12. exd4 Bd6 13. b4 Rb8 14. Bc5 a6 15. b5 axb5 16. Bxb5 Kc7 17. O-O Bd7 18. Bxc6 Bxc6 19. Bxd6+ Kxd6 20. Ne5 Be8 21. Rfe1 Nf6 22. c4 dxc4 23. Ndxc4+ Ke7 24. Ra7 Bb5 25. Na5 Rhc8 26. Rxb7+ Rxb7 27. Nxb7 Rc2 28. b3 Nd5 29. Nc5 Nf4 30. Nf3 Bc6 31. Kf1 g5 32. Rd1 Bb5+ 33. Kg1 Be2 34. Ra1 Bxf3 35. gxf3 Ne2+ 36. Kg2 Nxd4 37. Ra7+ Ke8 38. Ne4 Nf5 39. b4 Rb2 40. Rb7 Rb3 41. b5 Nh4+ 42. Kf1 Nf5 43. b6 Rb1+ 44. Ke2 Rb3 45. Kd2 Rb5 46. Nf6+ Kf8 47. Rc7 Nd6 48. Rc6 Ke7 49. Ng8+ Kd7 50. Rc7+ Kd8 51. Rc6 Rxb6 52. Rxb6 Nc4+ 53. Ke2 Nxb6 54. Nxh6 Ke7 55. Ng4 Nd5 56. Ne3 Nf4+ 57. Kf1 Kf6 58. Ng4+ Kf5 59. Ke1 Ng6 60. Ke2 Ne5 61. Ne3+ Kf6 62. Ng4+ Kf5 63. Ne3+ Kg6 64. Ng4 Nc4 65. Ne3 Nd6 66. Ng2 Kf5 67. Ne3+ Kf4 68. Ng2+ Ke5 69. Ne3 Nf5 70. Ng2 f6 71. Kd3 Ng7 72. Ke3 Nh5 73. h4 Nf4 74. Nxf4 gxf4+ 75. Kd3 Kf5 76. Kd4 Kg6 77. Ke4 Kh5 78. Kxf4 Kxh4 79. Ke4 Kh3 80. f4 Kg4 81. f5 e5,d4,Nf6,Bg5,d5,e3,c5,Nd2,Nc6,c3,Qb6,Qb3,e6,Ngf3,h6,Bf4,Qxb3,axb3,Nh5,Bc7,Kd7
"Sklokin,Sergey",chess.com INT,0.5,Rapport-Jobava System,1. d4 Nf6 2. Bf4 g6 3. Nc3 d5 4. e3 Bg7 5. h4 h5 6. Nf3 O-O 7. Ne5 c5 8. Qd2 cxd4 9. exd4 Nc6 10. O-O-O Ne4 11. Nxe4 dxe4 12. Nxc6 bxc6 13. Bc4 Qb6 14. Rhe1 Bg4 15. Rxe4 Bxd1 16. Qxd1 c5 17. Rxe7 cxd4 18. Qd3 Qf6 19. Bg5 Qxf2 20. Qxg6 d3 21. Qxd3 Rad8 22. Qf1 Qxf1+ 23. Bxf1 Rfe8 24. Re2 f6 25. Bd2 Rxe2 26. Bxe2 Rd4 27. g3 f5 28. c3 Ra4 29. Bd1 Re4 30. Bf3 Ra4 31. Bf4 Kf8 32. Bd6+ Kf7 33. a3 Ke6 34. Bb4 Be5 35. Bxh5 Bxg3 36. Bd1 Rxb4 37. axb4 Bxh4 38. Kc2 Kd5 39. Kd3 Bf6 40. Bf3+ Kd6 41. b5 Kc5 42. Bc6 a6 43. b4+ Kb6 44. c4 axb5 45. Bxb5 Be7 46. Kc3 f4 47. Bd7 f3 48. Bg4 f2 49. Be2 Bf8 50. Kb3 Be7 51. Bf1 Bf8 52. Bd3 Be7 53. Ka3 Bf8 54. Be2 Be7 55. Ka4 Bf8 56. Bf1 Be7 57. Kb3 Bf8 58. Kc3 Be7 59. Bg2 Bf8 60. Bh3 Be7 61. Bf1 Bf8 62. Kb2 Bxb4 63. Kb3 Kc5 64. Be2 Be1 65. Bf1 Bb4 66. Bg2 Be1 67. Bf1 Bb4,d4,Nf6,Bf4,g6,Nc3,d5,e3,Bg7,h4,h5,Nf3,O-O,Ne5,c5,Qd2,cxd4,exd4,Nc6,O-O-O,Ne4
"Lazavik,Denis",chess.com INT,0.5,English Opening: Agincourt Defense,1. d4 Nf6 2. c4 e6 3. Nf3 d5 4. e3 Be7 5. b3 O-O 6. Bb2 b6 7. Bd3 Bb7 8. O-O c5 9. Nc3 cxd4 10. exd4 Nc6 11. Re1 Rc8 12. Rc1 Re8 13. a3 Bf8 14. cxd5 Nxd5 15. Nxd5 Qxd5 16. Be4 Qd7 17. Qd3 f5 18. Bxc6 Rxc6 19. Rxc6 Qxc6 20. Rc1 Qd5 21. Qe3 h6 22. h3 Bd6 23. a4 Qe4 24. Qxe4 Bxe4 25. Ne5 Bd5 26. Nc4 Bf4 27. Rc3 Rc8 28. g3 Bg5 29. Kf1 Bf6 30. Rc1 Rb8 31. Nd2 b5 32. axb5 Rxb5 33. Ra1 Rb7 34. Ke2 Bxb3 35. Nxb3 Rxb3 36. Ra2 f4 37. gxf4 Rxh3 38. Rxa7 Rb3 39. Ba1 h5 40. d5 Bxa1 41. Rxa1 exd5 42. Ra5 g6 43. Rxd5 Kf7 44. f5 g5 45. f3 Kf6 46. Kf2 h4 47. Ra5 Rb4 48. Ke3 Rf4 49. Ra6+ Kxf5 50. Ra5+ Kg6 51. Ra6+ Rf6 52. Ra8 Rb6 53. Kf2 Rb2+ 54. Kf1 Kf5 55. Ra4 Rd2 56. Rb4 h3 57. Kg1 Rg2+ 58. Kf1 Rg3 59. Kf2 h2 60. Rb1 Rh3 61. Kg2 Rh4 62. Rb5+ Kf6 63. Rb6+ Ke7 64. Kh1 Kf7 65. Rb2 Rh3 66. Rxh2 Rxf3 67. Kg2 Ra3 68. Rh6 Re3 69. Rb6 Re6 70. Rxe6 Kxe6 71. Kf3 Kf5 72. Kg3 g4 73. Kg2 Kg5 74. Kg3 Kf5 75. Kg2 Kf4 76. Kf2 g3+ 77. Kg2 Kg4 78. Kg1 Kf3 79. Kf1 Kf4 80. Kg2 Kg4 81. Kg1 Kh3 82. Kh1 g2+ 83. Kg1 Kg3,d4,Nf6,c4,e6,Nf3,d5,e3,Be7,b3,O-O,Bb2,b6,Bd3,Bb7,O-O,c5,Nc3,cxd4,exd4,Nc6
"Lazavik,Denis",chess.com INT,0.0,Rapport-Jobava System,1. d4 Nf6 2. Nc3 d5 3. Bf4 a6 4. e3 e6 5. h4 Bb4 6. Ne2 b5 7. a3 Be7 8. h5 Nbd7 9. Ng3 c5 10. Qf3 Bb7 11. Be2 Rc8 12. Nf1 b4 13. axb4 cxb4 14. Nd1 Rxc2 15. Bd3 Rc8 16. Nd2 O-O 17. g4 Nb6 18. g5 Ne4 19. Nxe4 dxe4 20. Bxe4 Bxe4 21. Qxe4 Qd5 22. f3 a5 23. Qxd5 Nxd5 24. Rxa5 Nxf4 25. exf4 Rfd8 26. d5 exd5 27. Kd2 b3 28. Rb5 Rc4 29. g6 hxg6 30. hxg6 fxg6 31. Rxb3 Rxf4 32. Rd3 Bf6 33. Nc3 Rb4 34. Nxd5 Rxb2+ 35. Ke3 Re8+ 36. Kf4 Be5+ 37. Kg4 Rg2+ 38. Kh3 Rg3+ 39. Kh4 Kf7,d4,Nf6,Nc3,d5,Bf4,a6,e3,e6,h4,Bb4,Ne2,b5,a3,Be7,h5,Nbd7,Ng3,c5,Qf3,Bb7
"Lazavik,Denis",chess.com INT,1.0,Rapport-Jobava System,1. d4 Nf6 2. Nc3 d5 3. Bf4 a6 4. e3 e6 5. Nf3 c5 6. dxc5 Bxc5 7. Bd3 Nc6 8. O-O O-O 9. e4 dxe4 10. Nxe4 Be7 11. Qe2 Nd5 12. Bd2 Ncb4 13. Bc4 b5 14. Bb3 Bb7 15. Rfd1 Rc8 16. Rac1 Qc7 17. c4 bxc4 18. Bxc4 Qb8 19. a3 Nc6 20. b4 Qa8 21. h4 Rfe8 22. h5 h6 23. Rc2 Nf6 24. Nxf6+ Bxf6 25. Bd3 Ne7 26. Rdc1 Rxc2 27. Rxc2 Rd8 28. Bf4 Bxf3 29. gxf3 Nf5 30. Qe4 Qxe4 31. Bxe4 Nd4 32. Rd2 Rc8 33. Be3 e5 34. f4 Ne6 35. fxe5 Bxe5 36. Bb7 Rc1+ 37. Kg2 Ra1 38. Rd5 Bf4 39. Ra5 Bxe3 40. fxe3 Ra2+ 41. Kg3 Rc2 42. Rxa6 Rc3 43. Ra8+ Kh7 44. Be4+ g6 45. hxg6+ fxg6 46. Ra7+ Kh8 47. Bxg6 Rxe3+ 48. Kf2 Rc3 49. b5 Nf4 50. Be4 Rb3 51. a4 h5 52. Rb7 h4 53. a5 Ne6 54. a6 Nc5 55. Bc6 Ra3 56. Re7 Nxa6 57. bxa6 Rxa6 58. Be4 Rh6 59. Kg2 h3+ 60. Kh2 Kg8 61. Bf5 Kf8 62. Ra7 Rf6 63. Bxh3 Rf7 64. Ra5 Kg7 65. Kg3 Rf6 66. Bf5 Rd6 67. Kf4 Kf6 68. Be4 Re6 69. Rh5 Rd6 70. Bd5 Rd7 71. Ke4 Re7+ 72. Kd4 Rg7 73. Rh1 Rg4+ 74. Be4 Rg5 75. Rh6+ Ke7 76. Ra6 Rb5 77. Bd5 Rb1 78. Ke5 Re1+ 79. Be4 Ke8 80. Re6+ Kd8 81. Rb6 Ke8 82. Rb7 Re2 83. Rb1 Ke7 84. Rb7+ Ke8 85. Kd5 Kf8 86. Bf5 Re1 87. Be6 Re2 88. Kd6 Rd2+ 89. Ke5 Ke8 90. Kf6 Kd8 91. Ra7 Rd1 92. Bf5 Rd2 93. Ke5 Re2+ 94. Kf6 Rd2 95. Be6 Rd1 96. Rh7 Rd2 97. Ke5 Ke8 98. Bd5 Re2+ 99. Kd6 Kf8 100. Rf7+ Ke8 101. Rf3 Rd2 102. Rf1 Rd3 103. Rg1,d4,Nf6,Nc3,d5,Bf4,a6,e3,e6,Nf3,c5,dxc5,Bxc5,Bd3,Nc6,O-O,O-O,e4,dxe4,Nxe4,Be7
"Madaminov,Mukhiddin",chess.com INT,1.0,Rapport-Jobava System,1. d4 Nf6 2. Nc3 d5 3. Bf4 Bf5 4. e3 e6 5. Bd3 Bxd3 6. cxd3 c6 7. Nf3 Be7 8. O-O Nbd7 9. e4 O-O 10. Re1 a5 11. Qc2 Qb6 12. a3 Qa6 13. h3 Rfc8 14. Rad1 Bf8 15. Qb1 b5 16. Rc1 b4 17. axb4 axb4 18. Ne2 Qb5 19. Be3 Ra6 20. Nd2 Qa4 21. Qc2 Qb5 22. Nb3 Ne8 23. Nc5 Bxc5 24. dxc5 e5 25. exd5 cxd5 26. d4 e4 27. Qb3 Nc7 28. Bf4 Qa4 29. Qxa4 Rxa4 30. Ra1 Rxa1 31. Rxa1 Ne6 32. Ra7 Ndf8 33. Bd6 Ng6 34. Rb7 f5 35. Rxb4 f4 36. Nc3 f3 37. Nxd5 Ra8 38. Rb8+ Rxb8 39. Bxb8 Nxd4 40. b4 Kf7 41. Bd6 Nh4 42. gxf3 Nhxf3+ 43. Kg2 g5 44. Nc3 Nd2 45. b5 Ke6 46. Bh2 N2b3 47. c6 Na5 48. c7 Kd7 49. b6 Nb7 50. Nxe4 h6 51. Nf6+ Kc8 52. Ng8 Nf5 53. Kf3 Nc5 54. Kg4 Ne7 55. Nxe7+,d4,Nf6,Nc3,d5,Bf4,Bf5,e3,e6,Bd3,Bxd3,cxd3,c6,Nf3,Be7,O-O,Nbd7,e4,O-O,Re1,a5
"Sarana,A",chess.com INT,0.5,Rapport-Jobava System,1. d4 Nf6 2. Nc3 d5 3. Bf4 a6 4. e3 e6 5. g4 Bb4 6. Qf3 c5 7. Ne2 Nc6 8. O-O-O cxd4 9. exd4 Qa5 10. Kb1 e5 11. dxe5 Bxg4 12. Qe3 Nh5 13. Rxd5 b5 14. Bg2 O-O 15. Rd3 Rac8 16. Nd5 Ne7 17. Nd4 Nxd5 18. Bxd5 Bc5 19. Qe4 Bxd4 20. Rxd4 Nxf4 21. Qxf4 Be6 22. Rg1 Qc7 23. c3 g6 24. h4 Rcd8 25. Bxe6 fxe6 26. Qe3 Qf7 27. Rxd8 Rxd8 28. a3 Rf8 29. Qb6 Qf5+ 30. Ka1 Qxe5 31. Qxa6 Rxf2 32. h5 Qxh5 33. Qxe6+ Kg7 34. Qd7+ Rf7 35. Qd4+ Kg8 36. Re1 Qf5 37. Re8+ Rf8 38. Rxf8+ Kxf8 39. Qh8+ Kf7 40. Qxh7+ Ke6 41. Qg8+ Kf6 42. Qd8+ Kg7 43. Qd4+ Kh7 44. Qh4+ Kg7 45. Qd4+ Kh7 46. a4 bxa4 47. Qh4+ Kg7 48. Qxa4 g5 49. Qd4+ Kg6 50. Qd6+ Kh5 51. Qh2+ Kg6 52. Qd6+ Kh5 53. b4 g4 54. Kb2 Qf2+ 55. Kb3 g3 56. Qe5+ Kg4 57. b5 g2 58. Qg7+ Kh3 59. Qh6+ Kg3 60. Qg5+ Kh3 61. Qh5+ Kg3 62. Qe5+ Kh3 63. Qh5+ Kg3 64. Qg5+ Kh3 65. Qh5+,d4,Nf6,Nc3,d5,Bf4,a6,e3,e6,g4,Bb4,Qf3,c5,Ne2,Nc6,O-O-O,cxd4,exd4,Qa5,Kb1,e5
"Sarana,A",chess.com INT,0.0,English Opening: Agincourt Defense,1. d4 Nf6 2. c4 e6 3. Nf3 d5 4. e3 Be7 5. b3 O-O 6. Bb2 b6 7. Bd3 Bb7 8. O-O Nbd7 9. Nc3 dxc4 10. bxc4 c5 11. d5 exd5 12. cxd5 Nxd5 13. Nxd5 Bxd5 14. Bxh7+ Kxh7 15. Qxd5 Bf6 16. Rab1 Bxb2 17. Rxb2 Nf6 18. Qf5+ Kg8 19. Rd2 Qc8 20. Qc2 c4 21. Rc1 b5 22. Nd4 a6 23. Nf5 Qc7 24. Qc3 Rfd8 25. Rcd1 Rxd2 26. Rxd2 Rd8 27. Rxd8+ Qxd8 28. Qd4 Qxd4 29. Nxd4 Ne4 30. Kf1 b4 31. Ke1 Nc3 32. a3 b3,d4,Nf6,c4,e6,Nf3,d5,e3,Be7,b3,O-O,Bb2,b6,Bd3,Bb7,O-O,Nbd7,Nc3,dxc4,bxc4,c5
"Nesterov,Arseniy",Jerusalem ISR,0.0,Rapport-Jobava System,1. d4 Nf6 2. Nc3 d5 3. Bf4 c5 4. e3 cxd4 5. exd4 a6 6. Nf3 Nc6 7. Ne5 Bd7 8. g4 e6 9. g5 Nxe5 10. Bxe5 Ng8 11. h4 Ne7 12. Qd2 Nc6 13. Bf4 Bb4 14. a3 Ba5 15. h5 e5 16. Bxe5 Nxe5 17. dxe5 d4 18. Qxd4 Qxg5 19. h6 O-O-O 20. hxg7 Rhe8 21. Be2 Rxe5 22. Kf1 Bh3+ 23. Rxh3 Rxd4 24. Rg3 Qxg3 25. fxg3 Rg5 26. b4 Bc7 27. Bd3 Rxg7 28. Ne2 Rd5 29. Kf2 Rdg5 30. Rh1 Bxg3+ 31. Kf3 Be5 32. Bxh7 f5 33. Rh6 Rc7 34. c3 Bxc3 35. Nf4 Be5 36. Nd5 Rg3+ 37. Ke2 Rc2+ 38. Kd1 Rf2 39. Bxf5+ Kb8 40. Rg6 Rxf5,d4,Nf6,Nc3,d5,Bf4,c5,e3,cxd4,exd4,a6,Nf3,Nc6,Ne5,Bd7,g4,e6,g5,Nxe5,Bxe5,Ng8
"Liu,Casper",chess.com INT,1.0,Nimzo-Larsen Attack: Modern Variation,1. b3 e5 2. Bb2 Nc6 3. e3 d5 4. Nf3 e4 5. Nd4 Nf6 6. c4 Ne5 7. cxd5 Bg4 8. Qc2 Nxd5 9. Qxe4 Nb4 10. Qxe5+ Be7 11. Na3 O-O 12. Ne6 f6 13. Nxd8 fxe5 14. Nxb7 Bh4 15. Bc4+ Kh8 16. O-O Rf5 17. f3 Bh5 18. g4 Rg5 19. Nc5 Bg6 20. Ne6,b3,e5,Bb2,Nc6,e3,d5,Nf3,e4,Nd4,Nf6,c4,Ne5,cxd5,Bg4,Qc2,Nxd5,Qxe4,Nb4,Qxe5+,Be7
"Sevian,Samuel",Doha QAT,1.0,Trompowsky Attack,1. d4 Nf6 2. Bg5 d5 3. e3 Nbd7 4. Nf3 h6 5. Bh4 e6 6. c4 Be7 7. Nc3 Ne4 8. Bxe7 Qxe7 9. Nxe4 dxe4 10. Nd2 f5 11. c5 O-O 12. Bc4 Kh8 13. f4 exf3 14. Nxf3 e5 15. O-O e4 16. Nd2 Nf6 17. b4 Bd7 18. a4 Rad8 19. Qb3 Bc8 20. b5 Ng4 21. h3 Ne5 22. Rf2 Ng6 23. Re1 Qh4 24. Bf7 Ne5 25. dxe5 Rxd2 26. Ref1 Rd3 27. Qc4 Rxe3 28. e6 Rg3 29. c6 Rd8 30. Qc5 e3 31. Re2 b6 32. Qe5 Bxe6 33. Bxe6 Qxh3 34. Bxf5 Qh5 35. Qxg3 Qxe2 36. Qg6 Kg8 37. Qh7+ Kf8 38. Bd3+,d4,Nf6,Bg5,d5,e3,Nbd7,Nf3,h6,Bh4,e6,c4,Be7,Nc3,Ne4,Bxe7,Qxe7,Nxe4,dxe4,Nd2,f5
