opponent,location,result,opening,moves,white_move_1,black_move_1,white_move_2,black_move_2,white_move_3,black_move_3,white_move_4,black_move_4,white_move_5,black_move_5,white_move_6,black_move_6,white_move_7,black_move_7,white_move_8,black_move_8,white_move_9,black_move_9,white_move_10,black_move_10
"Korchmar,V",Moscow RUS,0.0,Catalan Opening: Open Defense,1. Nf3 d5 2. d4 Nf6 3. c4 e6 4. g3 c6 5. Bg2 dxc4 6. Ne5 Bb4+ 7. Bd2 Bxd2+ 8. Qxd2 O-O 9. Na3 Qc7 10. Naxc4 Rd8 11. O-O Nbd7 12. Rfd1 Nxe5 13. Nxe5 Bd7 14. Rac1 Be8 15. b4 Qe7 16. a4 Nd5 17. Nd3 f6 18. e4 Nc7 19. Qc3 Rac8 20. Nc5 b6 21. Nd3 c5 22. bxc5 Bxa4 23. cxb6 axb6 24. Rd2 Qd7 25. Bh3 Nb5 26. Qb4 Rxc1+ 27. Nxc1 Nxd4 28. Kg2 Bc6 29. Nb3 Bxe4+ 30. Kf1 Qb7 31. Rxd4 Bd5 32. Bxe6+ Bxe6 33. Rxd8+ Kf7 34. Nd2 Qh1+ 35. Ke2 Qxh2 36. Qh4,Nf3,d5,d4,Nf6,c4,e6,g3,c6,Bg2,dxc4,Ne5,Bb4+,Bd2,Bxd2+,Qxd2,O-O,Na3,Qc7,Naxc4,Rd8
"Karthik,Sai Ch",New Delhi IND,1.0,Queen's Pawn Game: London System,1. d4 Nf6 2. Nf3 d5 3. Bf4 c5 4. e3 Nc6 5. Nbd2 cxd4 6. exd4 Bg4 7. c3 e6 8. Bd3 Bd6 9. Bxd6 Qxd6 10. O-O O-O-O 11. Qa4 Nd7 12. Rfe1 f6 13. b4 Kb8 14. b5 Nb6 15. Qb3 Na5 16. Qb4 Qxb4 17. cxb4 Nac4 18. h3 Bxf3 19. Nxf3 Rde8 20. a4 Nd6 21. Re2 Kc7 22. Bc2 Nbc4 23. Rae1 Kd7 24. Bb3 Re7 25. Bxc4 Nxc4 26. Rc1 Rc8 27. Rec2 Kd6 28. Nd2 Rec7 29. Nb3 b6 30. f4 Nb2 31. Nc5 Nd3 32. Rb1 Nxf4 33. a5 e5 34. dxe5+ fxe5 35. Nb7+ Kd7 36. Rxc7+ Rxc7 37. a6 Rc2 38. Nc5+ Kc7,d4,Nf6,Nf3,d5,Bf4,c5,e3,Nc6,Nbd2,cxd4,exd4,Bg4,c3,e6,Bd3,Bd6,Bxd6,Qxd6,O-O,O-O-O
"Bachmann,Ax",chess.com INT,1.0,Catalan Opening: Open Defense,1. d4 d5 2. c4 e6 3. Nf3 Nf6 4. g3 dxc4 5. Bg2 Bd7 6. Ne5 Bc6 7. Nxc6 Nxc6 8. e3 Qd7 9. O-O h5 10. Nd2 h4 11. Nxc4 Nd5 12. e4 Nb6 13. Nxb6 axb6 14. Be3 Be7 15. a3 hxg3 16. hxg3 O-O-O 17. Qa4 Kb8 18. Rfd1 Bf6 19. Qc4 Nxd4 20. Rac1 e5 21. Bxd4 exd4 22. f4 g5 23. e5 Be7 24. Kf1 d3 25. Rc3 gxf4 26. Rdxd3 Qc8 27. gxf4 Rxd3 28. Rxd3 Qg4 29. Qe4 c6 30. b4 b5 31. f5 Qg5 32. f6 Bd8 33. Rd7 Bc7 34. Rxf7 Rd8 35. Bf3 Qc1+ 36. Kg2 Qb2+ 37. Kh3 Rh8+ 38. Rh7 Rxh7+ 39. Qxh7 Qxe5 40. Qg8+ Ka7 41. Qg1+ Bb6 42. Qg7 Bc7 43. Qg1+ Ka6 44. Qg7 Qh2+ 45. Kg4 Qg3+ 46. Kf5 Qxf3+ 47. Ke6 Qd5+ 48. Ke7 Bd6+ 49. Ke8 Qe6+ 50. Kd8 Kb6,d4,d5,c4,e6,Nf3,Nf6,g3,dxc4,Bg2,Bd7,Ne5,Bc6,Nxc6,Nxc6,e3,Qd7,O-O,h5,Nd2,h4
"Grachev,B",chess.com INT,1.0,Queen's Pawn Game: London System,1. d4 Nf6 2. Bf4 e6 3. e3 c5 4. c3 Nc6 5. Nd2 d5 6. Ngf3 cxd4 7. exd4 Nh5 8. Be3 Bd6 9. Ne5 g6 10. Nd3 O-O 11. g3 b6 12. Be2 Ng7 13. O-O Bb7 14. Bf4 f6 15. Bf3 Ba6 16. Nb3 Bxf4 17. gxf4 Qd6 18. Nbc1 Nf5 19. Re1 h5 20. Be2 Rae8 21. Bf1 Kh7 22. Ne2 Nh4 23. Ng3 Bxd3 24. Bxd3 Qxf4 25. Re3 Kh6 26. Bb5 Nd8 27. Bxe8 Rxe8 28. Qd3 Nf7 29. Ne2 Qg4+ 30. Rg3 Qe4 31. Qe3+ Ng5 32. Qxe4 dxe4 33. Re3 Nf5 34. Ng3 Nxe3 35. fxe3 h4 36. Ne2 Nf3+ 37. Kg2 g5 38. h3 Rg8 39. c4 g4 40. b4 g3 41. c5 bxc5 42. dxc5 Rd8 43. Nd4 Nxd4 44. Rd1 e5 45. exd4 exd4 46. c6 d3 47. b5 Kg5 48. a4 Rc8 49. a5 a6 50. b6 Rxc6 51. b7 Rc2+ 52. Kg1 Rb2 53. Rb1 Rxb1+,d4,Nf6,Bf4,e6,e3,c5,c3,Nc6,Nd2,d5,Ngf3,cxd4,exd4,Nh5,Be3,Bd6,Ne5,g6,Nd3,O-O
"Girish,A",chess.com INT,1.0,Queen's Pawn Game: London System,1. d4 d5 2. Bf4 Nf6 3. e3 e6 4. Nf3 c5 5. c3 Nc6 6. Nbd2 cxd4 7. exd4 Nh5 8. Bg3 g6 9. Bd3 Bg7 10. Qe2 O-O 11. Ne5 f6 12. Nxg6 hxg6 13. Bxg6 Nxg3 14. hxg3 f5 15. Qh5 Rf6 16. Nf3 Bd7 17. O-O-O Be8 18. Qh7+ Kf8 19. Bxe8 Qxe8 20. Ng5 Qg6 21. f4 Ke7 22. Qxg6 Rxg6 23. Rh7 Rh8 24. Rdh1 Rxh7 25. Rxh7 Nd8 26. Kd2 Nf7 27. Nxf7 Kxf7 28. Rh3 b5 29. a3 Rh6 30. Ke3 a5 31. b4 axb4 32. axb4 Rh8 33. Rxh8 Bxh8 34. Kf3 Kg6 35. g4 Bf6 36. g5 Be7 37. g3 Kh5 38. Kf2 Kg4 39. Kg2 Bf8 40. Kf2 Kh3 41. Kf3 Bg7 42. Kf2 Kh2 43. Kf3 Kg1 44. g4 Kf1 45. gxf5 exf5 46. Kg3 Ke2 47. Kh4 Kf3 48. Kh5 Kxf4 49. Kg6 Bf8 50. Kf7 Kxg5 51. Kxf8 f4 52. c4 f3 53. cxd5 f2 54. d6 f1=Q+ 55. Ke8 Qe2+ 56. Kd8 Kf6 57. d7 Qc4 58. d5 Kf7 59. d6 Kf6,d4,d5,Bf4,Nf6,e3,e6,Nf3,c5,c3,Nc6,Nbd2,cxd4,exd4,Nh5,Bg3,g6,Bd3,Bg7,Qe2,O-O
"Sjugirov,S",chess.com INT,1.0,Catalan Opening: Open Defense,1. d4 d5 2. c4 e6 3. Nf3 Nf6 4. g3 dxc4 5. Bg2 Bd7 6. Ne5 Bc6 7. Nxc6 Nxc6 8. e3 Qd7 9. Nd2 h5 10. Nxc4 h4 11. Bd2 Nd5 12. Qa4 f5 13. Rc1 O-O-O 14. a3 Kb8 15. b4 Bd6 16. Qb3 Nce7 17. b5 g5 18. a4 Nf6 19. Na5 Ned5 20. Nc6+ Ka8 21. Nxd8 Qxd8 22. a5 hxg3 23. hxg3 Rxh1+ 24. Bxh1 Qh8 25. Bxd5 exd5 26. Qd3 Qh1+ 27. Qf1 Qf3 28. a6 Ne4 29. axb7+ Kxb7 30. Rc2 Nxf2 31. Bc1 Bb4+ 32. Bd2 Qxe3+ 33. Qe2 Nd3+ 34. Kf1 Bxd2 35. Rxd2 Qxe2+ 36. Kxe2 Nb4 37. Ke3 Kb6 38. Rf2 f4+ 39. gxf4 gxf4+ 40. Rxf4 Kxb5 41. Rf7 Kb6 42. Rf6+ c6 43. Kd2 a5 44. Kc3 Na6 45. Rf8 Nc7 46. Rb8+ Ka7 47. Rc8 Nb5+ 48. Kd3 Kb7 49. Rh8 a4 50. Rh1 a3 51. Kc2 Nxd4+ 52. Kc3 Nb5+ 53. Kb4 Kb6 54. Rh6 d4 55. Rg6 a2 56. Rg1 Nc3 57. Kb3 Kb5 58. Rf1 c5 59. Kc2 Kc4 60. Ra1 Kb4 61. Kd2 Kb3 62. Kd3 Kb2 63. Rf1 a1=Q,d4,d5,c4,e6,Nf3,Nf6,g3,dxc4,Bg2,Bd7,Ne5,Bc6,Nxc6,Nxc6,e3,Qd7,Nd2,h5,Nxc4,h4
"Kamsky,G",chess.com INT,0.0,Queen's Pawn Game: London System,1. d4 d5 2. Nf3 Nf6 3. Bf4 e6 4. e3 c5 5. c3 Nc6 6. Nbd2 cxd4 7. exd4 Nh5 8. Bg3 g6 9. Bd3 Bg7 10. O-O O-O 11. Re1 b6 12. Qe2 a5 13. a4 Bb7 14. Rad1 Qd7 15. Bb5 Qe7 16. Ne5 Na7 17. Bd3 f6 18. Nxg6 hxg6 19. Bxg6 Nxg3 20. hxg3 e5 21. Qh5 Rfd8 22. Nf3 e4 23. Nh4 Qc7 24. Bh7+ Kf8 25. Ng6+ Kf7 26. Nf4+ Ke7 27. Qg4 Bh8 28. f3 Bc8 29. Qh5 Kf8 30. fxe4 Qg7 31. Bg6 Rb8 32. exd5 Rb7 33. d6 Nc6 34. Be4 Bd7 35. Ng6+ Kg8 36. Bd5+,d4,d5,Nf3,Nf6,Bf4,e6,e3,c5,c3,Nc6,Nbd2,cxd4,exd4,Nh5,Bg3,g6,Bd3,Bg7,O-O,O-O
"Cheparinov,I",chess.com INT,0.0,Catalan Opening: Open Defense,1. Nf3 Nf6 2. c4 e6 3. d4 d5 4. g3 dxc4 5. Bg2 Bd7 6. O-O Bc6 7. Qc2 b5 8. Nc3 Nbd7 9. e4 b4 10. d5 Bxd5 11. exd5 bxc3 12. dxe6 fxe6 13. Ng5 Nc5 14. Bc6+ Nfd7 15. Re1 Rb8 16. Nxe6 Nxe6 17. Rxe6+ Be7 18. Bg5 O-O 19. Bxe7 cxb2 20. Rb1 Qe8 21. Rxb2 Rxb2 22. Qxb2 Rf7 23. Bxd7,Nf3,Nf6,c4,e6,d4,d5,g3,dxc4,Bg2,Bd7,O-O,Bc6,Qc2,b5,Nc3,Nbd7,e4,b4,d5,Bxd5
"Leiva,G",lichess.org INT,1.0,Catalan Opening: Open Defense,1. d4 d5 2. Nf3 Nf6 3. c4 e6 4. g3 dxc4 5. Bg2 Bd7 6. Ne5 Bc6 7. Nxc6 Nxc6 8. O-O Qd7 9. e3 Nd5 10. Nd2 O-O-O 11. Nxc4 h5 12. a3 h4 13. b4 Bd6 14. b5 Nce7 15. a4 f5 16. b6 cxb6 17. Nxd6+ Qxd6 18. Ba3 Qd7 19. a5 hxg3 20. hxg3 Nc6 21. axb6 a6 22. Qa4 g5 23. Rfc1 Kb8 24. Rc2 f4 25. e4 Nxb6 26. Qb3 Nxd4 27. Qxb6 Nxc2 28. Bc5 Nxa1 29. e5 Qd1+ 30. Bf1 Rh1+ 31. Kxh1 Qxf1+ 32. Kh2 Rh8#,d4,d5,Nf3,Nf6,c4,e6,g3,dxc4,Bg2,Bd7,Ne5,Bc6,Nxc6,Nxc6,O-O,Qd7,e3,Nd5,Nd2,O-O-O
"Moskalenko,A",chess.com INT,0.0,Catalan Opening: Open Defense,1. d4 d5 2. c4 e6 3. Nf3 Nf6 4. g3 dxc4 5. Bg2 Bd7 6. Ne5 Bc6 7. Nxc6 Nxc6 8. e3 Nd5 9. O-O Qd7 10. Nd2 h5 11. Nxc4 f5 12. Qb3 O-O-O 13. Bd2 h4 14. Rfc1 Kb8 15. Qa4 hxg3 16. hxg3 g5 17. b4 Qh7 18. b5 Nce7 19. Na5 f4 20. Nxb7 fxe3 21. Nxd8 exd2 22. Qa6 dxc1=Q+ 23. Rxc1,d4,d5,c4,e6,Nf3,Nf6,g3,dxc4,Bg2,Bd7,Ne5,Bc6,Nxc6,Nxc6,e3,Nd5,O-O,Qd7,Nd2,h5
"Leenhouts,K",chess.com INT,1.0,Catalan Opening: Open Defense,1. d4 Nf6 2. c4 e6 3. g3 d5 4. Nf3 dxc4 5. Bg2 Bd7 6. Ne5 Bc6 7. Nxc6 Nxc6 8. O-O Qd7 9. Qa4 Nd5 10. Qxc4 h5 11. Nc3 O-O-O 12. Nxd5 exd5 13. Qa4 Kb8 14. Bf4 h4 15. Rfc1 hxg3 16. hxg3 Bd6 17. Bxd6 Qxd6 18. Rc5 Ne7 19. Rac1 Rc8 20. b4 f5 21. e3 g5 22. Ra5 a6 23. b5 Ka7 24. Rc6 Nxc6 25. Rxa6+ bxa6 26. Qxa6+ Kb8 27. bxc6 Qb4 28. Bf1 Qb6 29. Qa4 Qb1 30. Kg2 Rh1,d4,Nf6,c4,e6,g3,d5,Nf3,dxc4,Bg2,Bd7,Ne5,Bc6,Nxc6,Nxc6,O-O,Qd7,Qa4,Nd5,Qxc4,h5
Yang Kaiqi,lichess.org INT,1.0,Horwitz Defense,1. d4 e6 2. Nf3 Nf6 3. g3 b5 4. Bg2 Bb7 5. O-O Be7 6. Nbd2 O-O 7. Re1 d5 8. c3 c5 9. dxc5 Bxc5 10. Nb3 Bb6 11. Bf4 Ne4 12. e3 Nd7 13. Nfd2 Nxd2 14. Qxd2 e5 15. Bxd5 Bxd5 16. Qxd5 exf4 17. exf4 Nc5 18. Red1 Qxd5 19. Rxd5 Rac8 20. Nd4 Nd3 21. Nf5 Rcd8 22. Rxb5 Nxf2 23. Rxb6 axb6 24. Kxf2 Rd2+ 25. Kf3 Rxb2 26. a4 g6 27. Ne7+ Kg7 28. h4 Rd8 29. h5 Rd3+ 30. Kg4 Rg2 31. hxg6 hxg6 32. Rh1 Rdxg3+ 33. Kh4 Rxc3,d4,e6,Nf3,Nf6,g3,b5,Bg2,Bb7,O-O,Be7,Nbd2,O-O,Re1,d5,c3,c5,dxc5,Bxc5,Nb3,Bb6
Le Tuan Minh,lichess.org INT,0.0,Queen's Pawn Game: London System,1. d4 d5 2. Nf3 Nf6 3. Bf4 e6 4. e3 c5 5. c3 Nc6 6. Nbd2 Nh5 7. Bg3 cxd4 8. exd4 g6 9. Bd3 Bg7 10. O-O O-O 11. Re1 f6 12. Bh4 Qb6 13. Qb3 Nf4 14. Bf1 e5 15. Bg3 Bf5 16. Bxf4 Qxb3 17. axb3 exf4 18. b4 g5 19. Nb3 Kf7 20. b5 Ne7 21. Nc5 b6 22. Na6 Rfd8 23. Nc7 Rac8 24. Na6 Rd7 25. Nb4 Bf8 26. Bd3 Bxd3 27. Nxd3 Ng6 28. Nd2 Bd6 29. Re2 Ne7 30. Nb1 Nf5 31. Na3 f3 32. gxf3 Nh4 33. Ne1 Rg8 34. h3 h5 35. Nac2 g4 36. fxg4 hxg4 37. hxg4 Rxg4+ 38. Kf1 Bh2 39. Re3 Nf5 40. Rh3 Rg1+ 41. Ke2 Re7+ 42. Ne3 Bf4 43. Rh7+ Ng7 44. Nc2 Rg6 45. Kf3 Bxe3 46. Nxe3 Kg8 47. Rah1 Rg5 48. Rh8+ Kf7 49. Rd8 Ke6 50. Rh7 Nf5 51. Rxe7+ Nxe7 52. Ra8 Rg1 53. Rxa7 Rb1 54. b4 Rb3 55. Ke2 Rxc3 56. Rxe7+,d4,d5,Nf3,Nf6,Bf4,e6,e3,c5,c3,Nc6,Nbd2,Nh5,Bg3,cxd4,exd4,g6,Bd3,Bg7,O-O,O-O
Dong Bao Nghia,chess.com INT,1.0,Horwitz Defense,1. d4 e6 2. Bf4 Nf6 3. e3 c5 4. h3 cxd4 5. exd4 Qb6 6. Nc3 Qxb2 7. Nb5 Bb4+ 8. Ke2 Nd5 9. Kf3 Nxf4 10. Rb1 Qxa2 11. Rxb4 Nd5 12. Bc4 Qa5 13. Rb3 O-O 14. Ne2 a6 15. Nd6 Qc7 16. Bxd5 Qxd6 17. Be4 f5 18. Bd3 b5 19. Rg1 Bb7+ 20. Ke3 Nc6 21. c3 Na5 22. Rb4 Rac8 23. f3 Rxc3 24. Nxc3 Qxb4 25. Qa1 Nb3 26. Na2 Qd2#,d4,e6,Bf4,Nf6,e3,c5,h3,cxd4,exd4,Qb6,Nc3,Qxb2,Nb5,Bb4+,Ke2,Nd5,Kf3,Nxf4,Rb1,Qxa2
Nguyen Duc Hoa,lichess.org INT,1.0,Catalan Opening: Open Defense,1. d4 Nf6 2. c4 e6 3. g3 d5 4. Bg2 dxc4 5. Nf3 Bd7 6. O-O Bc6 7. Qc2 Be7 8. Nbd2 b5 9. a4 a6 10. b3 cxb3 11. Qxb3 b4 12. Nc4 Bd5 13. Bf4 Nc6 14. Qd3 O-O 15. Rfc1 Be4 16. Qe3 Rc8 17. Bg5 Bd5 18. Qf4 h6 19. Bxf6 Bxf6 20. e4 Bxc4 21. Rxc4 Nxd4 22. Nxd4 Bxd4 23. Rd1 Bxf2+,d4,Nf6,c4,e6,g3,d5,Bg2,dxc4,Nf3,Bd7,O-O,Bc6,Qc2,Be7,Nbd2,b5,a4,a6,b3,cxb3
"Tang,Andrew",lichess.org INT,1.0,Horwitz Defense,1. d4 e6 2. c4 c5 3. d5 exd5 4. cxd5 d6 5. Nc3 g6 6. e4 Bg7 7. Nge2 Ne7 8. Ng3 O-O 9. Be2 f5 10. exf5 Nxf5 11. O-O Nd4 12. Bd3 Nd7 13. f4 a6 14. h3 b5 15. Be3 Bb7 16. f5 Ne5 17. fxg6 hxg6 18. Nce4 Bxd5 19. Bg5 Qc7 20. Nf6+ Bxf6 21. Bxf6 Nef3+ 22. gxf3 Rxf6 23. f4 Raf8 24. Qg4 Qg7 25. Rae1 Bxa2 26. Kh2 Qh6 27. f5 Bd5 28. fxg6 Rf2+ 29. Rxf2 Rxf2+ 30. Kg1 Rg2+ 31. Kf1 Qf8+ 32. Bf5 Rxg3,d4,e6,c4,c5,d5,exd5,cxd5,d6,Nc3,g6,e4,Bg7,Nge2,Ne7,Ng3,O-O,Be2,f5,exf5,Nxf5
Le Tuan Minh,lichess.org INT,0.5,Queen's Pawn Game: London System,1. d4 e6 2. Nf3 Nf6 3. Bf4 c5 4. c3 Nc6 5. e3 d5 6. Nbd2 cxd4 7. cxd4 Bd6 8. Bg3 O-O 9. Bd3 Qe7 10. Ne5 Nd7 11. f4 f5 12. O-O Nf6 13. Bh4 Bd7 14. Rc1 Be8 15. a3 a6 16. Ndf3 Rc8 17. Nxc6 Rxc6 18. Qb3 Qc7 19. Rxc6 Bxc6 20. Rc1 Qd7 21. Ne5 Bxe5 22. dxe5 Ne4 23. Qb4 Rc8 24. h3 h6 25. Kh2 Qe8 26. Qe7 Qxe7 27. Bxe7 Kf7 28. Bb4 Ke8 29. Ba5 Kd7 30. Bb6 Bb5 31. Rxc8 Kxc8 32. Bc2 Kd7 33. g4 g6 34. Bxe4 dxe4 35. Kg3 Be2 36. Bc5 Ke8 37. Kh4 Kf7 38. Bd6 b5,d4,e6,Nf3,Nf6,Bf4,c5,c3,Nc6,e3,d5,Nbd2,cxd4,cxd4,Bd6,Bg3,O-O,Bd3,Qe7,Ne5,Nd7
"Rychagov,A",lichess.org INT,1.0,Horwitz Defense,1. d4 e6 2. c4 c5 3. d5 exd5 4. cxd5 d6 5. Nc3 g6 6. Nf3 Bg7 7. Bg5 Ne7 8. h4 h6 9. Bf4 a6 10. a4 Bg4 11. Nd2 Bxc3 12. bxc3 Nxd5 13. Bg3 O-O 14. Ne4 Be6 15. Qd2 Kh7 16. Nxd6 Nd7 17. e4 N5f6 18. e5 Nh5 19. Bh2 Qxh4 20. Be2 Nxe5 21. Bxh5 Qxh5 22. Ne4 Ng4 23. f3 Qh4+ 24. g3 Qe7 25. fxg4 Bxg4 26. Qf4 f5 27. O-O Qxe4 28. Qc7+ Kg8 29. Rae1 Qc6 30. Qxc6 bxc6 31. Re6 Kf7 32. Rxc6 Rfc8 33. Rxc8 Rxc8 34. Rb1 Rc6 35. Rb7+ Ke6 36. Kg2 Kd5 37. Bg1 Kc4 38. Be3 g5 39. a5 Bh5 40. Rb6 Bf7 41. Rxc6 Bd5+ 42. Kf2 Bxc6 43. Ke1 Kb5,d4,e6,c4,c5,d5,exd5,cxd5,d6,Nc3,g6,Nf3,Bg7,Bg5,Ne7,h4,h6,Bf4,a6,a4,Bg4
"Galperin,Platon",chess.com INT,1.0,Catalan Opening: Open Defense,1. d4 d5 2. c4 e6 3. Nf3 Nf6 4. g3 dxc4 5. Bg2 Bd7 6. O-O Bc6 7. Qc2 Nbd7 8. Qxc4 Bd5 9. Qd3 c5 10. Nc3 Bc6 11. Be3 cxd4 12. Bxd4 Be7 13. Rfd1 O-O 14. Ng5 Bxg2 15. Kxg2 Qa5 16. h4 Rfd8 17. Qf3 h6 18. Nge4 Qa6 19. a4 Rac8 20. Nb5 b6 21. Nxf6+ Nxf6 22. Rd3 Rd5 23. b3 Rf5 24. Qe3 Qb7+ 25. f3 Rc2 26. Bxf6 Rxf6 27. Rad1 Bc5 28. Rd8+ Kh7 29. Qd3+ Rg6 30. Qxc2 f5 31. Qd3 Qe7 32. Kh3 Bf2 33. f4 a6 34. Qf3 Rxg3+ 35. Qxg3 Bxg3 36. Kxg3 axb5 37. axb5 Qc5 38. R1d3 Qxb5 39. h5 Qc5 40. Re8 Qg1+ 41. Kf3 Qh1+ 42. Ke3 Qxh5 43. Rdd8 Qh3+ 44. Kd4 Qxb3 45. Ke5 Qe3+ 46. Kd6 Qxf4+ 47. Kxe6 Kg6 48. Rd6 Kh5 49. Rf8 g6 50. Rxb6 Qe3+ 51. Kf6 Qxb6+ 52. Kg7 Qd4+,d4,d5,c4,e6,Nf3,Nf6,g3,dxc4,Bg2,Bd7,O-O,Bc6,Qc2,Nbd7,Qxc4,Bd5,Qd3,c5,Nc3,Bc6
"Gukesh,D",chess.com INT,1.0,Queen's Pawn Game: London System,1. d4 Nf6 2. Nf3 d5 3. Bf4 e6 4. e3 c5 5. Nbd2 Nc6 6. c3 cxd4 7. exd4 Nh5 8. Bg5 f6 9. Be3 Bd6 10. g3 O-O 11. Bg2 f5 12. Bg5 Qe8 13. Nb3 f4 14. g4 Nf6 15. Bxf6 gxf6 16. Qd2 Kh8 17. O-O-O a5 18. Nc5 e5 19. Rhe1 e4 20. Nh4 Bxg4 21. f3 e3 22. Qd3 Bh5 23. Nf5 Bxc5 24. dxc5 Rd8 25. Nd6 Qg6 26. Qxd5 Ne5 27. Bh1 Rd7 28. Rg1 Qh6 29. Qe4 Bg6 30. Qd4 Qxh2 31. Rg2 Qh6 32. Rf1 Nd3+ 33. Kb1 Nxc5+ 34. Ka1 Ne6 35. Qb6 Ng5 36. Nc4 Rg7 37. Re2 Bd3 38. Qd6 Rd7 39. Qxd7 Bxe2 40. Nd6 Bxf1 41. Nf5 Qg6,d4,Nf6,Nf3,d5,Bf4,e6,e3,c5,Nbd2,Nc6,c3,cxd4,exd4,Nh5,Bg5,f6,Be3,Bd6,g3,O-O
"Kovalev,Vl",chess.com INT,0.0,Modern Defense: Standard Defense,1. e4 d6 2. d4 g6 3. Nc3 Bg7 4. Be3 e6 5. f4 a6 6. Nf3 b5 7. Bd3 Bb7 8. Ne2 Nd7 9. a4 b4 10. a5 Ngf6 11. Ng3 h5 12. e5 Nd5 13. Bd2 h4 14. Ne4 h3 15. g3 Qe7 16. Qe2 Kf8 17. O-O Kg8 18. Rae1 Rh5 19. g4 Rh8 20. g5 Kf8 21. c4 bxc3 22. bxc3 dxe5 23. Nxe5 Qd8 24. Rb1 Ra7 25. Nxd7+ Qxd7 26. Nc5 Qc6 27. Be4 Bc8 28. Qf2 Qd6 29. Rb8 Ke7 30. c4 c6 31. Rbb1 Nc7 32. Be3 Na8 33. Rfd1 Rd8 34. Nd3 Qxd4 35. Bxd4 Bxd4 36. Ne5 Bxf2+ 37. Kxf2 Rxd1 38. Nxc6+ Kf8 39. Rxd1 Rc7 40. Rd8+ Kg7 41. Ne5 Bb7 42. Bxb7 Rxb7 43. Rxa8 Rb2+ 44. Kg3 Rb3+ 45. Kg4,e4,d6,d4,g6,Nc3,Bg7,Be3,e6,f4,a6,Nf3,b5,Bd3,Bb7,Ne2,Nd7,a4,b4,a5,Ngf6
"Theodorou,Nikolas",chess.com INT,1.0,Catalan Opening: Open Defense,1. d4 d5 2. c4 e6 3. Nf3 Nf6 4. g3 dxc4 5. Bg2 Bd7 6. Ne5 Bc6 7. Nxc6 Nxc6 8. O-O Qd7 9. e3 h5 10. Nd2 h4 11. Nxc4 Nd5 12. e4 Nb6 13. d5 Nxc4 14. dxc6 Qxc6 15. e5 Qa6 16. Qb3 Nb6 17. Bg5 hxg3 18. hxg3 c6 19. Rfd1 Nd5 20. Rac1 Be7 21. Bxe7 Kxe7 22. Qc2 Qb6 23. b4 Rh5 24. a4 a6 25. b5 axb5 26. axb5 Rxe5 27. bxc6 bxc6 28. Rb1 Qa7 29. Qxc6 Rb8 30. Ra1 Qb6 31. Qc2 Rd8 32. Rab1 Qd6 33. Rb7+ Rd7 34. Rdb1 Kf6 35. Rxd7 Qxd7 36. Qb2 g5 37. Re1 Qd6 38. Qd4 g4 39. Bh1 Kf5 40. Be4+ Kf6 41. Bg2 Kf5 42. Be4+ Kg5 43. Qd2+ Kf6 44. Qh6+ Ke7 45. Qh4+ Nf6 46. Re3 Qd1+ 47. Kh2 Qd4 48. Bg2 Rxe3 49. fxe3 Qxe3 50. Qh8 Qe5 51. Qa8 Qh5+ 52. Kg1 Qc5+ 53. Kh2 Qd6 54. Qa7+ Nd7 55. Qa1 Qe5 56. Qa3+ Qc5 57. Qc1 Qh5+ 58. Kg1 Qe5 59. Qh6 Qxg3 60. Qg5+ Kd6 61. Qd2+ Ke5 62. Qb2+ Kf5 63. Qc2+ Kf6 64. Qb2+ Qe5 65. Qa3 Qf5 66. Kh1 Ne5 67. Qb2 Qh5+ 68. Kg1 Qg5 69. Qb8 Kg7 70. Qc8 Qf6 71. Qc2 Ng6 72. Qc1 Qd4+ 73. Kh1 Qf6 74. Qe3 g3 75. Qg1 Qh4+ 76. Bh3 Qxh3+ 77. Qh2,d4,d5,c4,e6,Nf3,Nf6,g3,dxc4,Bg2,Bd7,Ne5,Bc6,Nxc6,Nxc6,O-O,Qd7,e3,h5,Nd2,h4
"Molina,Rob",chess.com INT,1.0,Horwitz Defense,1. d4 e6 2. c4 c5 3. d5 exd5 4. cxd5 d6 5. Nc3 g6 6. e4 Bg7 7. h3 a6 8. a4 Ne7 9. Bd3 O-O 10. Nge2 f5 11. O-O Nd7 12. f3 Ne5 13. Bc2 c4 14. Be3 Qc7 15. Nd4 f4 16. Bf2 g5 17. Qd2 h5 18. a5 g4 19. hxg4 hxg4 20. Rfd1 g3 21. Be1 N7g6 22. Kf1 Qe7 23. Nce2 Qh4 24. Ng1 Qh1 25. Qe2 Nh4 26. Bc3 Rf6 27. Ne6 Bd7 28. Bxe5 dxe5 29. Ba4 Be8 30. Bxe8 Rxe8 31. Nxg7 Kxg7 32. d6 Rh6 33. Rd2 Ng6 34. d7 Reh8 35. Qe1 Qxg1+ 36. Ke2 Qxg2+ 37. Kd1 Qxf3+ 38. Kc2 Rh2 39. d8=Q Rxd8,d4,e6,c4,c5,d5,exd5,cxd5,d6,Nc3,g6,e4,Bg7,h3,a6,a4,Ne7,Bd3,O-O,Nge2,f5
"Dubov,Daniil",chess.com INT,0.5,Catalan Opening: Open Defense,1. d4 d5 2. c4 e6 3. Nf3 Nf6 4. g3 dxc4 5. Bg2 Bd7 6. Nbd2 Bc6 7. O-O Be7 8. Nxc4 O-O 9. b3 Bd5 10. Bb2 c5 11. dxc5 Na6 12. Qc2 Be4 13. Qc3 Nxc5 14. Rfd1 Qc7 15. Qe5 Qxe5 16. Nfxe5 Rfd8 17. Ba3 Kf8 18. Rac1 Bxg2 19. Kxg2 Ncd7 20. Nxd7+ Rxd7 21. Rxd7 Nxd7 22. Nd6 Nf6 23. Nb5 Bxa3 24. Nxa3 Rd8 25. Rc7 Rd2 26. Nc4 Rxe2 27. Kf3 Rxa2 28. Rxb7 h5 29. h3 Nd5 30. Rb8+ Ke7 31. Rb7+ Kf8 32. Rb8+ Ke7 33. Rb7+ Kf8,d4,d5,c4,e6,Nf3,Nf6,g3,dxc4,Bg2,Bd7,Nbd2,Bc6,O-O,Be7,Nxc4,O-O,b3,Bd5,Bb2,c5
"Sanchez Alvares,Kelvin Antonio",chess.com INT,1.0,Horwitz Defense,1. d4 e6 2. c4 c5 3. Nf3 g6 4. Nc3 Nf6 5. e4 cxd4 6. Nxd4 d5 7. cxd5 exd5 8. exd5 Bg7 9. Bb5+ Bd7 10. Qe2+ Qe7 11. O-O Qxe2 12. Bxe2 O-O 13. Bf3 Na6 14. d6 Nc5 15. Bg5 h6 16. Bxf6 Bxf6 17. Rad1 Kg7 18. Nd5 Be5 19. b4 Na4 20. Nc7 Rad8 21. Nb3 b6 22. Rd3 Bf5 23. Rd2 Bxd6 24. Nd5 Be5 25. g4 Be6 26. Rfd1 Rd6 27. Ne3 Rfd8 28. Rxd6 Rxd6 29. Rxd6 Bxd6 30. b5 Nc3 31. Bc6 Nxa2 32. Nd5 Bxg4 33. Nd4 Bc5,d4,e6,c4,c5,Nf3,g6,Nc3,Nf6,e4,cxd4,Nxd4,d5,cxd5,exd5,exd5,Bg7,Bb5+,Bd7,Qe2+,Qe7
"Sawlin,L",chess.com INT,1.0,Modern Defense: Standard Defense,1. e4 g6 2. d4 Bg7 3. Nc3 d6 4. Bg5 h6 5. Bh4 a6 6. Qd2 b5 7. O-O-O Nd7 8. f4 c5 9. dxc5 Nxc5 10. e5 g5 11. fxg5 hxg5 12. Bxg5 Bxe5 13. Nf3 Bg7 14. Nd4 b4 15. Nd5 Ne4 16. Qf4 Nxg5 17. Kb1 Ne6 18. Nxe6 Bxe6 19. Nxb4 Qb6 20. c3 Nf6 21. Bd3 Nd7 22. Rhe1 a5 23. Nc2 Bxc3 24. b3 Bxb3,e4,g6,d4,Bg7,Nc3,d6,Bg5,h6,Bh4,a6,Qd2,b5,O-O-O,Nd7,f4,c5,dxc5,Nxc5,e5,g5
"Kamsky,G",chess.com INT,0.5,Queen's Pawn Game: London System,1. d4 d5 2. Nf3 Nf6 3. Bf4 e6 4. e3 c5 5. c3 Nc6 6. Nbd2 cxd4 7. exd4 Nh5 8. Bg3 g6 9. Bd3 Bg7 10. O-O O-O 11. Re1 Nxg3 12. hxg3 f6 13. c4 dxc4 14. Bxc4 Nxd4 15. Nb3 Nxf3+ 16. Qxf3 Qb6 17. Qe3 Re8 18. Nc5 Kh8 19. Nxe6 Bxe6 20. Qxb6 axb6 21. Rxe6 Rxe6 22. Bxe6 f5 23. Rd1 Bxb2 24. Rd7 Re8 25. Bb3 Ba3 26. Rxb7 Bc5 27. Kf1 Bb4 28. f3 Bc5,d4,d5,Nf3,Nf6,Bf4,e6,e3,c5,c3,Nc6,Nbd2,cxd4,exd4,Nh5,Bg3,g6,Bd3,Bg7,O-O,O-O
"Aryan,C",lichess.org INT,0.0,Queen's Pawn Game: London System,1. d4 d5 2. Nf3 Nf6 3. Bf4 e6 4. e3 c5 5. Nbd2 Nc6 6. c3 cxd4 7. exd4 Nh5 8. Be3 Bd6 9. Ne5 g6 10. Nd3 O-O 11. g3 b6 12. Nf3 f6 13. Bg2 Ba6 14. O-O Qd7 15. Re1 Rae8 16. Bh6 Rf7 17. Bh3 Ng7 18. Nf4 Nf5 19. Bxf5 gxf5 20. Nh4 Bxf4 21. gxf4 Kh8 22. Kh1 Rg8 23. Qh5 Re7 24. Rg1 Ree8 25. Bg7+ Rxg7 26. Rxg7 Kxg7 27. Rg1+ Kf8 28. Qh6+ Ke7 29. Rg7+ Kd8 30. Rxd7+ Kxd7 31. Qxh7+ Ne7 32. Qf7 Rg8 33. Qxf6 Bd3 34. h3 a5 35. Kh2 b5 36. Nf3 Be4 37. Ng5 Kd6 38. Qxe6+,d4,d5,Nf3,Nf6,Bf4,e6,e3,c5,Nbd2,Nc6,c3,cxd4,exd4,Nh5,Be3,Bd6,Ne5,g6,Nd3,O-O
"Sadhwani,Raunak",lichess.org INT,1.0,Catalan Opening: Open Defense,1. d4 d5 2. c4 e6 3. Nf3 Nf6 4. g3 dxc4 5. Bg2 Nbd7 6. Qa4 a6 7. Qxc4 b5 8. Qc2 Bb7 9. O-O c5 10. dxc5 Bxc5 11. Nc3 O-O 12. Bg5 Qb6 13. Bxf6 Nxf6 14. e3 Rac8 15. Rac1 Rfd8 16. Qe2 Bc6 17. Ne5 Bxg2 18. Kxg2 Bd6 19. Nf3 Bb4 20. Nb1 Qb7 21. a3 Be7 22. Kg1 Ne4 23. Nbd2 Nc5 24. Nd4 Bf6 25. b4 Na4 26. Qf3 Qxf3 27. N2xf3 g6 28. Kg2 Kg7 29. g4 h6 30. h4 e5 31. Nc6 e4 32. Nxd8 exf3+ 33. Kxf3 Rxd8 34. Rc6 Bxh4 35. Rxa6 Rd2 36. Rc6 Ra2 37. Rc7 Rxa3 38. Rb7 Nc3 39. Rc1 Bf6 40. Rc2 Nd5 41. Rd2 Ne7 42. Rdd7 Rb3 43. Rxb5 Nc6 44. Rdb7 Nd4+ 45. Ke4 Nxb5 46. Rxb5 Be7,d4,d5,c4,e6,Nf3,Nf6,g3,dxc4,Bg2,Nbd7,Qa4,a6,Qxc4,b5,Qc2,Bb7,O-O,c5,dxc5,Bxc5
"Sadhwani,Raunak",lichess.org INT,1.0,Catalan Opening: Open Defense,1. d4 d5 2. c4 e6 3. Nf3 Nf6 4. g3 dxc4 5. Bg2 Nbd7 6. O-O c6 7. a4 a5 8. Nc3 Be7 9. e4 O-O 10. Qe2 b6 11. Rd1 Ba6 12. Bg5 h6 13. Bxf6 Nxf6 14. Ne5 Qc7 15. f4 Rfd8 16. g4 Nd7 17. Nxd7 Rxd7 18. d5 Qxf4 19. dxc6 Rd3 20. e5 Re3 21. Qf2 Qxe5 22. Rd7 Bc5 23. Qxf7+ Kh7 24. Kh1 Rf8,d4,d5,c4,e6,Nf3,Nf6,g3,dxc4,Bg2,Nbd7,O-O,c6,a4,a5,Nc3,Be7,e4,O-O,Qe2,b6
"Kukhmazov,A",lichess.org INT,0.0,Catalan Opening: Open Defense,1. d4 e6 2. c4 d5 3. Nf3 Nf6 4. g3 dxc4 5. Bg2 Bd7 6. Ne5 Bc6 7. Nxc6 Nxc6 8. O-O Qd7 9. e3 Nd5 10. Nd2 Nb6 11. Qe2 Na5 12. Ne4 Nd5 13. Bd2 Nc6 14. Qxc4 h5 15. h4 O-O-O 16. Rfc1 Kb8 17. a3 e5 18. Nc5 Bxc5 19. Qxc5 exd4 20. exd4 Rhe8 21. b4 Re2 22. Bg5 f6 23. b5 Nce7 24. Qc4 Re6 25. Bd2 Nb6 26. Qc2 Re2 27. Bf3 Re6 28. a4 Rd6 29. Bf4 Nf5 30. Bxd6 Nxd6 31. a5 Nbc8 32. a6 b6 33. Bc6 Qf5 34. Qc3 Ne7 35. Re1 Nxc6 36. Qxc6 Qxb5 37. Qg2 Qd7 38. Rac1 Qc8 39. Qc6 Qd7 40. Re6 Qxc6 41. Rxc6 Nf5 42. Rc4 Kc8 43. Rec6 Rd7 44. Re6 Rxd4 45. Re8+ Kd7 46. Rxd4+ Nxd4 47. Ra8 Nc6 48. Kf1 b5 49. Ke2 b4 50. Kd3 Kd6 51. Kc4 Ke5 52. Rg8 Ke4 53. Rxg7 Kf3 54. Rxc7 Ne5+ 55. Kxb4 Kxf2 56. Rc3 f5 57. Kb5 Nf3 58. Rc7 Kxg3 59. Rxa7 Kxh4 60. Rd7 Ne5 61. Rd4+ Kg3 62. a7 Nf3 63. Rd3 Kf2 64. a8=Q Ne5 65. Qa2+ Ke1 66. Rh3,d4,e6,c4,d5,Nf3,Nf6,g3,dxc4,Bg2,Bd7,Ne5,Bc6,Nxc6,Nxc6,O-O,Qd7,e3,Nd5,Nd2,Nb6
"Paravyan,D",chess.com INT,1.0,Catalan Opening: Open Defense,1. d4 e6 2. Nf3 d5 3. c4 Nf6 4. g3 dxc4 5. Bg2 Bd7 6. O-O Bc6 7. Nbd2 b5 8. Qc2 Be7 9. e4 O-O 10. Re1 a5 11. b3 cxb3 12. Nxb3 a4 13. Nc5 Bxc5 14. dxc5 Na6 15. Bb2 h6 16. Rad1 Qe7 17. Ne5 Nb8 18. Nxc6 Nxc6 19. Bxf6 gxf6 20. e5 Nxe5 21. Bxa8 Rxa8 22. Qe4 Rd8 23. Kg2 Rxd1 24. Rxd1 Qxc5 25. Qa8+ Kg7 26. Rd8 Qc6+ 27. Qxc6 Nxc6 28. Rc8 Nb4 29. Rxc7 Nxa2 30. Rc2 Nb4 31. Rb2 a3 32. Rb3 Nc2 33. Rxb5 a2,d4,e6,Nf3,d5,c4,Nf6,g3,dxc4,Bg2,Bd7,O-O,Bc6,Nbd2,b5,Qc2,Be7,e4,O-O,Re1,a5
Le Tuan Minh,lichess.org INT,1.0,Horwitz Defense,1. d4 e6 2. Nf3 c5 3. c3 Nf6 4. Bf4 Be7 5. e3 O-O 6. Bd3 b6 7. Nbd2 Ba6 8. Bxa6 Nxa6 9. O-O Qc8 10. Qe2 Qb7 11. a3 Rac8 12. e4 d5 13. e5 Ne4 14. Nxe4 dxe4 15. Nd2 cxd4 16. cxd4 Nc7 17. Nxe4 Nd5 18. Bg5 h6 19. Bxe7 Qxe7 20. Nd6 Rc7 21. Rac1 Rxc1 22. Rxc1 Qg5 23. Rc2 Nf4 24. Qf3 Ng6 25. g3 Nh4 26. Qe4 Ng6 27. h4 Qh5 28. Kg2 Qd1 29. Rc7 Qd2 30. h5 Nh8 31. Rxa7 Qxb2 32. a4 Qb4 33. Ra8 Rxa8 34. Qxa8+ Kh7 35. Qe4+ Kg8 36. d5 Qc5 37. dxe6 fxe6 38. Qa8+ Kh7 39. Qe4+ Kg8 40. f4 Qa5 41. Qc2 Qa8+ 42. Kh2 Qf3 43. Nc8 Qxh5+ 44. Kg2 Ng6 45. Qxg6 Qxg6 46. Ne7+ Kf7 47. Nxg6 Kxg6 48. g4 Kf7 49. Kg3 g6 50. Kf3 Ke7 51. Ke4 h5 52. gxh5 gxh5 53. Kf3 Kf7 54. f5 exf5 55. Kg3,d4,e6,Nf3,c5,c3,Nf6,Bf4,Be7,e3,O-O,Bd3,b6,Nbd2,Ba6,Bxa6,Nxa6,O-O,Qc8,Qe2,Qb7
"Sadhwani,Raunak",lichess.org INT,0.0,Queen's Pawn Game: London System,1. d4 e6 2. Bf4 c5 3. e3 Nf6 4. c3 Nc6 5. Nf3 d5 6. Nbd2 cxd4 7. exd4 Nh5 8. Be3 Bd6 9. Ne5 g6 10. Ndf3 f6 11. Nxc6 bxc6 12. Be2 O-O 13. O-O Nf4 14. Re1 Nxe2+ 15. Qxe2 a5 16. c4 Ba6 17. b3 Qd7 18. h3 e5 19. dxe5 fxe5 20. Qc2 Rae8 21. cxd5 cxd5 22. Rac1 d4 23. Bh6 Rxf3 24. gxf3 Bb4 25. Bd2 d3 26. Qc6 Qxc6 27. Rxc6 Bxd2 28. Rd1 Bb7 29. Rc7 Bxf3 30. Rxd2 e4 31. Kh2 Re5 32. Kg3 Rf5 33. Rd7 g5 34. a3 h5 35. h4 Bg4 36. Re7 Rf3+ 37. Kg2 Rf4 38. Kg3 Bf3 39. hxg5 Rg4+ 40. Kh3 Rxg5 41. b4 Kf8 42. Rh7 Kg8 43. Ra7 Rg1 44. bxa5 Rh1+ 45. Kg3 h4+ 46. Kf4 Rb1 47. a6 h3 48. Rb7 Ra1 49. a7 Rxa3 50. Rdb2 h2 51. Rc7,d4,e6,Bf4,c5,e3,Nf6,c3,Nc6,Nf3,d5,Nbd2,cxd4,exd4,Nh5,Be3,Bd6,Ne5,g6,Ndf3,f6
"Zhalmakhanov,Ramazan",lichess.org INT,0.0,Horwitz Defense,1. d4 e6 2. Bf4 c5 3. e3 Nf6 4. c3 Be7 5. Nd2 O-O 6. Ngf3 b6 7. Bd3 Ba6 8. Bxa6 Nxa6 9. Qe2 Nb8 10. e4 Nc6 11. O-O Rc8 12. h3 cxd4 13. cxd4 d5 14. e5 Ne4 15. Nxe4 dxe4 16. Qxe4 Nb4 17. Bd2 Qd5 18. Qxd5 Nxd5 19. Rac1 h6 20. Rxc8 Rxc8 21. Rc1 Rxc1+ 22. Bxc1 Nb4 23. Kf1 Kf8 24. Ke2 Nxa2 25. Bd2 Ke8 26. Kd3 b5 27. Ke4 Kd7 28. d5 exd5+ 29. Kxd5 Bb4 30. Be3 a6 31. Nd4 Be7 32. Bd2 Bb4 33. Be3 Be7 34. Nc6 Nb4+ 35. Nxb4 Bxb4 36. f4 g6 37. g4 h5 38. gxh5 gxh5 39. f5 Be1 40. e6+ fxe6+ 41. fxe6+ Ke8 42. Bc5 Bh4 43. Kc6 Bd8 44. Kb7 a5 45. Kc6 b4 46. Kb5 Bc7 47. b3 Bd8 48. Bb6 Bf6 49. Bxa5 Ke7 50. Bxb4+ Kxe6 51. Kc6 Be5 52. Bc5 Bf4 53. b4 Bb8 54. b5 Be5 55. b6 Bb8 56. b7 h4 57. Bb6 Kf5 58. Bd8 Ba7 59. Bxh4 Kf4 60. Bd8 Kg3 61. Bb6 Bb8 62. Bc7+ Kxh3 63. Bxb8,d4,e6,Bf4,c5,e3,Nf6,c3,Be7,Nd2,O-O,Ngf3,b6,Bd3,Ba6,Bxa6,Nxa6,Qe2,Nb8,e4,Nc6
"Goryachkina,A",chess.com INT,0.0,Owen Defense,1. e4 b6 2. d4 Bb7 3. Bd3 e6 4. Nf3 d5 5. e5 h6 6. c3 Qd7 7. Nbd2 c5 8. Nf1 Ne7 9. Ng3 Ba6 10. O-O Nec6 11. Bf4 g6 12. Bxa6 Nxa6 13. Qd2 c4 14. h4 Nc7 15. Nh2 Be7 16. h5 g5 17. Be3 O-O-O 18. b3 f5 19. exf6 Bxf6 20. bxc4 dxc4 21. Qe2 Qd5 22. Ng4 Bg7 23. Bd2 Bxd4 24. cxd4 Nxd4 25. Qe4 Qxe4 26. Nxe4 Ne2+ 27. Kh2 Rd4 28. f3 Nd5 29. Rfe1 Nef4 30. Bxf4 Nxf4 31. Re3 Nxh5 32. a4 Nf4 33. Rc1 Nd5 34. Re2 Kb8 35. Rec2 Rc8 36. Nd6 Rc6 37. Nxc4 Nb4 38. Nge5 Rc5 39. Re2 Nd3 40. Nxd3 Rxd3 41. Rec2 Rd4 42. Ne3 Rxc2 43. Rxc2 Rxa4 44. Rc6 Rb4 45. Rxe6 a5 46. Nd5 Rh4+ 47. Kg3 b5 48. Rb6+ Ka7 49. Rxb5 a4 50. Nc3 Ka6 51. Rb8 Ka5 52. Ra8+ Kb4 53. Rxa4+,e4,b6,d4,Bb7,Bd3,e6,Nf3,d5,e5,h6,c3,Qd7,Nbd2,c5,Nf1,Ne7,Ng3,Ba6,O-O,Nec6
"Aronian,L",chess.com INT,1.0,Queen's Pawn Game: London System,1. d4 d5 2. Nf3 Nf6 3. Bf4 e6 4. e3 c5 5. c3 Nc6 6. Nbd2 Nh5 7. Bg5 f6 8. Bh4 g6 9. Be2 cxd4 10. Nxd4 Ng7 11. O-O Be7 12. c4 Nxd4 13. exd4 Nf5 14. Bg3 Nxd4 15. cxd5 Nxe2+ 16. Qxe2 Qxd5 17. Rad1 O-O 18. Ne4 Qxa2 19. Bd6 Bxd6 20. Rxd6 b6 21. Qf3 Kg7 22. Nxf6 Rb8 23. Qc3 Rxf6 24. Qc7+ Rf7 25. Qxb8 Ba6 26. Rfd1 Qxb2 27. R6d2 Qf6 28. h3 Bc4 29. Re1 b5 30. Red1 a5 31. Qg3 a4 32. Rd7 Bd5 33. Rxf7+ Qxf7 34. Rc1 Bc4 35. Rd1 h5 36. Qe5+ Kh6 37. Rd8 g5 38. Qh8+ Kg6 39. Rg8+ Kf5 40. Rf8 Kg6 41. Rxf7 Kxf7 42. Qc3 Kg6 43. Qb4 Kf5 44. g4+ hxg4 45. hxg4+ Kxg4 46. Kg2 Kf4 47. f3 e5 48. Kf2 g4 49. Qf8+ Kg5 50. Qg7+ Kf5 51. Qf7+ Bxf7 52. fxg4+ Kxg4 53. Ke3 a3,d4,d5,Nf3,Nf6,Bf4,e6,e3,c5,c3,Nc6,Nbd2,Nh5,Bg5,f6,Bh4,g6,Be2,cxd4,Nxd4,Ng7
"Aronian,L",chess.com INT,0.0,Queen's Pawn Game: London System,1. d4 d5 2. Nf3 e6 3. Bf4 Nf6 4. e3 c5 5. Nbd2 Nc6 6. c3 cxd4 7. exd4 Nh5 8. Be3 Bd6 9. Bd3 Nf4 10. Bxf4 Bxf4 11. Qe2 O-O 12. h4 f6 13. g3 Bc7 14. O-O-O h6 15. Bc2 Qd6 16. Qd3 f5 17. Rhe1 b5 18. Qxb5 Rb8 19. Qa4 Bd7 20. Nb3 Bb6 21. Qa6 f4 22. Qd3 fxg3 23. Qh7+ Kf7 24. fxg3 Qxg3 25. Rg1 Qf4+ 26. Kb1 Ke8 27. Rxg7 Rb7 28. Rf1 Kd8 29. Nfd2 Qxf1+ 30. Nxf1 Rxf1+ 31. Nc1 Ba5 32. Bd3 Rd1 33. Kc2 Rh1 34. Qg8+ Kc7 35. Qxe6 Rh2+ 36. Ne2 Nb8 37. Qe5+ Kc8 38. Qxh2 Bd8 39. Qd6 Ba4+ 40. b3 Bxb3+ 41. axb3 Rxg7 42. Ba6+ Nxa6 43. Qxa6+ Kb8 44. Qb5+ Rb7 45. Qxd5 Kc8 46. c4 Rc7 47. Qe6+ Kb7 48. d5 Be7 49. Nd4 Bc5 50. d6,d4,d5,Nf3,e6,Bf4,Nf6,e3,c5,Nbd2,Nc6,c3,cxd4,exd4,Nh5,Be3,Bd6,Bd3,Nf4,Bxf4,Bxf4
"Aronian,L",chess.com INT,1.0,Queen's Pawn Game: London System,1. d4 e6 2. Nf3 Nf6 3. Bf4 d5 4. e3 c5 5. Nbd2 Nc6 6. c3 Nh5 7. Bg5 f6 8. Bh4 g6 9. Be2 Ng7 10. O-O Nf5 11. Bg3 h5 12. h4 Nxg3 13. fxg3 Bd6 14. Bd3 f5 15. c4 Bxg3 16. cxd5 Qxd5 17. Bc4 Qd6 18. Bb5 Bd7 19. Nc4 Qe7 20. dxc5 Qxc5 21. a4 a6 22. b4 Qa7 23. Nd6+ Ke7 24. Bxc6 Bxc6 25. b5 axb5 26. Nxb5 Bxb5 27. axb5 Qxa1 28. Qxa1 Rxa1 29. Rxa1 Rc8 30. Kf1 Rc5 31. Rb1 Rc2,d4,e6,Nf3,Nf6,Bf4,d5,e3,c5,Nbd2,Nc6,c3,Nh5,Bg5,f6,Bh4,g6,Be2,Ng7,O-O,Nf5
"Vykouk,Jan",chess.com INT,1.0,Modern Defense: Standard Defense,1. e4 d6 2. d4 g6 3. Nc3 Bg7 4. Be3 a6 5. h4 h6 6. h5 g5 7. Qd2 b5 8. O-O-O Bb7 9. f3 e6 10. Nh3 Ne7 11. Nf2 Nd7 12. Kb1 f5 13. exf5 exf5 14. Bd3 f4 15. Bxf4 gxf4 16. Qxf4 Rf8 17. Qg4 Rf7 18. Rde1 Kf8 19. Ne2 Nf6 20. Qg3 Nfd5 21. Ng4 Qd7 22. Bg6 Nf5 23. Qh3 Re7 24. Ng3 Nxd4 25. Rxe7 Qxe7 26. c3 Ne2 27. Nf5 Nexc3+ 28. bxc3 Nxc3+ 29. Kc1 Nxa2+ 30. Kb1 Nc3+ 31. Kc1 Qg5+ 32. f4 Qxf4+ 33. Kc2 Be4+ 34. Kb3 Bd5+ 35. Kc2 Be4+ 36. Kb3 Bxf5 37. Bxf5 Qa4+ 38. Kb2 Ne2+ 39. Kb1 Qa1+ 40. Kc2 Qb2+ 41. Kd3 Nf4+ 42. Ke4 Nxh3 43. gxh3 Qc2+ 44. Kf3 Qxf5+ 45. Kg3 Be5+ 46. Kh4 Qg5#,e4,d6,d4,g6,Nc3,Bg7,Be3,a6,h4,h6,h5,g5,Qd2,b5,O-O-O,Bb7,f3,e6,Nh3,Ne7
"Gukesh,D",chess24.com INT,0.0,Queen's Pawn Game: London System,1. d4 Nf6 2. Nf3 d5 3. Bf4 Bf5 4. e3 e6 5. c4 Bxb1 6. Rxb1 Bb4+ 7. Ke2 dxc4 8. Qa4+ Nc6 9. Ne5 a5 10. Nxc6 Qd7 11. g3 Nd5 12. Bg2 Ra6 13. a3 Be7 14. h4 Qxc6 15. Qxc6+ Rxc6 16. Be5 f6 17. e4 fxe5 18. exd5 exd5 19. Bxd5 Rd6 20. Bxc4 Rxd4 21. Rbc1 c6 22. Rhd1 Bf6 23. Rxd4 exd4 24. Bd3 Kd7 25. Be4 h6 26. a4 Ra8 27. Bd3 Re8+ 28. Kd2 Be7 29. Bf5+ Kc7 30. Bg6 Rf8 31. f4 Kd6 32. Kd3 Bf6 33. h5 Ra8 34. g4 Ra6 35. b3 Rb6 36. Bf7 Rb4 37. Re1 b5 38. g5 hxg5 39. Re6+ Kd7 40. Rxf6 Ke7 41. Rf5 bxa4 42. bxa4 gxf4 43. Bc4 Rxa4 44. Kxd4 Kd6 45. Rg5 c5+ 46. Rxc5 Ra3 47. Rf5 Rh3 48. Rxa5 Ke7 49. Bd3 Kf6 50. Bg6 f3 51. Rf5+ Ke6 52. Ke3 Rh1 53. Rxf3 Re1+ 54. Kf2 Rd1 55. Rf7 Rd7 56. Rf3 Ke5 57. Kg3 Ra7 58. Kg4 Ke6 59. Kg5 Ra5+ 60. Kg4 Ra4+ 61. Kg3 Ra7 62. Rf8 Rb7 63. Kg4 Rb4+ 64. Kg5 Rb5+ 65. Bf5+ Ke7 66. Ra8 Kf7 67. Ra7+ Kg8 68. Re7 Kf8 69. Re4 Kf7 70. Kf4 Rb8 71. Be6+ Kf6 72. Bc4 g5+ 73. Kg4 Rc8 74. Re6+ Kg7 75. Bd3 Rd8 76. Bf5 Rb8 77. Kxg5 Rf8 78. Re7+ Kh8 79. Kh6 Rf6+ 80. Bg6 Rf8 81. Rh7+ Kg8 82. Rg7+ Kh8 83. Bf7,d4,Nf6,Nf3,d5,Bf4,Bf5,e3,e6,c4,Bxb1,Rxb1,Bb4+,Ke2,dxc4,Qa4+,Nc6,Ne5,a5,Nxc6,Qd7
"Gukesh,D",chess.com INT,0.0,Queen's Pawn Game: London System,1. d4 d5 2. Nf3 Nf6 3. Bf4 Bf5 4. e3 e6 5. Bd3 Bd6 6. Bxf5 exf5 7. Bg5 Nbd7 8. Nbd2 h6 9. Bxf6 Nxf6 10. c4 dxc4 11. Nxc4 O-O 12. O-O Ne4 13. Nfd2 Re8 14. Rc1 c6 15. Nxe4 Rxe4 16. Qf3 g6 17. g3 Bc7 18. Rfd1 Qd7 19. b4 Rae8 20. Nd2 R4e6 21. Nb3 Bd6 22. a3 Qe7 23. Na5 h5 24. d5 cxd5 25. Qxd5 b6 26. Nc6 Qb7 27. Qf3 Bf8 28. Nd4 Re4 29. Rd3 h4 30. Kg2 Bg7 31. Ne2 a5 32. bxa5 bxa5 33. Rcd1 Qe7 34. Nf4 Qxa3 35. Rxa3,d4,d5,Nf3,Nf6,Bf4,Bf5,e3,e6,Bd3,Bd6,Bxf5,exf5,Bg5,Nbd7,Nbd2,h6,Bxf6,Nxf6,c4,dxc4
"Schreiner,Pe",Belgrade SRB,1.0,Catalan Opening: Open Defense,1. d4 d5 2. c4 e6 3. Nf3 Nf6 4. g3 dxc4 5. Bg2 c6 6. Ne5 Bb4+ 7. Bd2 Be7 8. e3 b5 9. b3 cxb3 10. axb3 Bb7 11. Ba5 Qc8 12. O-O Nbd7 13. Nxd7 Qxd7 14. b4 Nd5 15. Qb3 h5 16. Nd2 h4 17. Ne4 Nb6 18. Nd2 f6 19. Rfc1 Kf7 20. Qc2 Nd5 21. Rab1 hxg3 22. hxg3 Rh6 23. Nf1 Nb6 24. e4 Nc4 25. Qc3 Nxa5 26. bxa5 a6 27. Ne3 Rah8 28. Rd1 g6 29. Qb3 Kg7 30. Nc4 Qc8 31. Nb6 Qg8 32. d5 exd5 33. exd5 c5 34. Re1 Bd6 35. Qc3 Rh5 36. Nd7 Qf7 37. Nxf6 Qxf6 38. Qxf6+ Kxf6 39. Re6+ Kg7 40. Rxd6 Rf8 41. Rd1 c4 42. Rb6 Bc8 43. d6 Rf7 44. Rc6 Rh8 45. d7 Bxd7 46. Rxa6 Rc8 47. Rb6 c3 48. a6 c2 49. Rc1 Bf5 50. Rxb5 Rd8 51. Bf3 Rd3 52. g4 Be6 53. Be2 Rd2 54. Re5 Bb3 55. Kf1 Rd1+ 56. Bxd1 cxd1=Q+ 57. Rxd1 Bxd1 58. Ra5 Ra7 59. g5 Bb3,d4,d5,c4,e6,Nf3,Nf6,g3,dxc4,Bg2,c6,Ne5,Bb4+,Bd2,Be7,e3,b5,b3,cxb3,axb3,Bb7
"Shevchenko,Kirill",chess.com INT,1.0,Queen's Pawn Game: London System,1. d4 Nf6 2. Bf4 e6 3. Nf3 c5 4. e3 Nc6 5. c3 d5 6. Nbd2 cxd4 7. exd4 Nh5 8. Be3 Bd6 9. Bd3 Nf4 10. Bxf4 Bxf4 11. O-O O-O 12. Re1 f6 13. b4 Qd6 14. b5 Ne7 15. g3 Bh6 16. c4 Bd7 17. c5 Qc7 18. a4 Rae8 19. a5 Kh8 20. Nb3 g6 21. Ra2 Bg7 22. Rae2 Nc8 23. b6 Qb8 24. c6 Bxc6 25. bxa7 Nxa7 26. Rxe6 Rxe6 27. Rxe6 Re8 28. Rxe8+ Qxe8 29. Nc5 Nc8 30. h4 Nd6 31. Qc1 Nc4 32. h5 g5 33. Nh2 Nxa5 34. Qd1 Nc4 35. Qg4 Nd6 36. Ne6 Bd7 37. h6 Qxe6 38. hxg7+ Kxg7 39. Qh5 Qe1+ 40. Nf1 Ne4 41. Qf3 Bh3 42. g4 Bxf1,d4,Nf6,Bf4,e6,Nf3,c5,e3,Nc6,c3,d5,Nbd2,cxd4,exd4,Nh5,Be3,Bd6,Bd3,Nf4,Bxf4,Bxf4
"Shevchenko,Kirill",chess.com INT,1.0,Queen's Pawn Game: London System,1. d4 Nf6 2. Bf4 e6 3. Nf3 c5 4. e3 Nc6 5. c3 d5 6. Nbd2 cxd4 7. exd4 Nh5 8. Be3 Bd6 9. Bd3 Nf4 10. Bxf4 Bxf4 11. O-O O-O 12. Re1 f6 13. b4 Qd6 14. g3 Bh6 15. b5 Ne7 16. c4 Bd7 17. a4 Rae8 18. c5 Qc7 19. Qb3 e5 20. b6 axb6 21. cxb6 Qb8 22. dxe5 Bxd2 23. Nxd2 fxe5 24. Bb5 Bxb5 25. Qxb5 Qd6 26. a5 Nc6 27. Nb3 e4 28. Qc5 Qd7 29. Rad1 Ne5 30. Kg2 Nd3 31. Qd4 Rxf2+ 32. Kg1 Qh3,d4,Nf6,Bf4,e6,Nf3,c5,e3,Nc6,c3,d5,Nbd2,cxd4,exd4,Nh5,Be3,Bd6,Bd3,Nf4,Bxf4,Bxf4
"Shevchenko,Kirill",chess.com INT,0.0,Queen's Pawn Game: London System,1. d4 Nf6 2. Bf4 e6 3. Nf3 c5 4. e3 Nc6 5. c3 d5 6. Nbd2 cxd4 7. exd4 Nh5 8. Be3 Bd6 9. Bd3 Nf4 10. Bxf4 Bxf4 11. O-O O-O 12. Re1 f6 13. b4 Qd6 14. g3 Bh6 15. b5 Ne7 16. c4 Bd7 17. c5 Qc7 18. a4 Rae8 19. Nb3 g6 20. Bf1 Bg7 21. Bh3 Nf5 22. Rc1 Kh8 23. c6 bxc6 24. Nc5 Bc8 25. Nd3 Nd6 26. Rxc6 Qd8 27. Nc5 f5 28. Ne5 Ne4 29. Ncd3 Bb7 30. Rc2 Qb6 31. Nf4 g5 32. Nh5 Bxe5 33. dxe5 f4 34. g4 d4 35. Bg2 Nc3 36. Rxc3 Bxg2 37. Kxg2 dxc3 38. Qd7 f3+ 39. Kg1 Rg8 40. Nf6,d4,Nf6,Bf4,e6,Nf3,c5,e3,Nc6,c3,d5,Nbd2,cxd4,exd4,Nh5,Be3,Bd6,Bd3,Nf4,Bxf4,Bxf4
"Martirosyan,Haik M.",chess.com INT,0.5,Catalan Opening: Open Defense,1. d4 Nf6 2. Nf3 d5 3. c4 e6 4. g3 dxc4 5. Bg2 Bb4+ 6. Bd2 a5 7. O-O O-O 8. Qc2 b5 9. a4 Bxd2 10. Nfxd2 Ra7 11. axb5 Qxd4 12. Nxc4 Bd7 13. Qc3 Qc5 14. Rxa5 Rxa5 15. Nxa5 Qxb5 16. b4 Na6 17. Rc1 Nd5 18. Bxd5 exd5 19. Qd2 Nxb4 20. Nb3 Na6 21. Nd4 Qb8 22. Nf3 c6 23. Nc3 Re8 24. Na4 h6 25. Qa5 Qb5 26. Qxb5 cxb5 27. Nb6 Be6 28. Ra1 Nc7 29. Ra7 Rb8 30. Nd7 Bxd7 31. Rxc7 Be8 32. Nd4 b4 33. Rc2 b3 34. Rb2 Ba4 35. Kf1 Kf8 36. Ke1 Ke7 37. Kd2 Kd6 38. Kc3 Rc8+ 39. Kd3 Ke5 40. e3 h5 41. h4 g6 42. Rb1 Rb8 43. Kc3 Ke4 44. Kd2 Ke5 45. Ra1 Be8 46. Kc3 Ke4 47. Rb1 Ba4 48. Ra1 b2 49. Rb1 Rc8+ 50. Kd2 Rb8 51. f3+ Ke5 52. Kc3 f6 53. Rxb2 Rxb2 54. Kxb2 g5 55. Kc3 Bd7 56. Kb4 Kd6 57. Kc3 Kc5 58. f4 gxh4 59. gxh4 Kd6 60. Nb3 Bg4 61. Kd4 Bd7 62. Nc5 Bc8 63. Nd3 Bf5 64. Nb4 Be6 65. Nc2 Bf5 66. Na3 Bd7 67. Nb1 Bf5 68. Nc3 Be6 69. Nb5+ Kc6 70. Nc3 Kd6 71. Ne2 Bf5 72. Ng3 Bg4 73. Kd3 Kc5 74. Kc3 Kc6 75. Nf1 Kd6 76. Nd2 Kc5 77. Nb3+ Kd6 78. Na5 Kc5 79. Nb3+ Kd6,d4,Nf6,Nf3,d5,c4,e6,g3,dxc4,Bg2,Bb4+,Bd2,a5,O-O,O-O,Qc2,b5,a4,Bxd2,Nfxd2,Ra7
"Martirosyan,Haik M.",chess.com INT,0.0,Catalan Opening: Open Defense,1. d4 d5 2. Nf3 Nf6 3. c4 e6 4. g3 dxc4 5. Bg2 Bb4+ 6. Bd2 a5 7. O-O O-O 8. Qc2 Bxd2 9. Nbxd2 b5 10. a4 c6 11. b3 cxb3 12. Nxb3 Qb6 13. Rfc1 Rd8 14. e3 h6 15. Ne5 Nd5 16. axb5 a4 17. Nd2 Qxb5 18. Ndc4 Qb7 19. Qd2 Qc7 20. Ra3 Nd7 21. Qc2 Nb4 22. Qc3 Nd5 23. Qa1 c5 24. Nxd7 Bxd7 25. Ne5 Be8 26. dxc5 Ra5 27. Nd3 Bc6 28. Qe5 Qe7 29. e4 Nf6 30. Qc3 Raa8 31. f3 Rab8 32. Nb4 Be8 33. Bf1 Rdc8 34. Ba6 Rc7 35. Bd3 Nd7 36. Na6 Rbc8 37. Nxc7 Rxc7 38. c6 Ne5 39. Bb5 Bxc6 40. Rxa4 Qf6 41. f4 Bxe4 42. Qxc7 Nf3+ 43. Kf2 Qb2+ 44. Be2 Nd4 45. Rxd4 Qxd4+ 46. Kf1,d4,d5,Nf3,Nf6,c4,e6,g3,dxc4,Bg2,Bb4+,Bd2,a5,O-O,O-O,Qc2,Bxd2,Nbxd2,b5,a4,c6
"Martirosyan,Haik M.",chess.com INT,0.0,Catalan Opening: Open Defense,1. d4 d5 2. Nf3 Nf6 3. c4 e6 4. g3 dxc4 5. Bg2 c6 6. O-O b5 7. a4 Bb7 8. b3 cxb3 9. Qxb3 b4 10. a5 Na6 11. Ne5 Qxd4 12. Bb2 Qd6 13. Nc4 Qc7 14. Be5 Qc8 15. Nbd2 Nc5 16. Qxb4 Nd3 17. Qc3 Nxe5 18. Qxe5 Be7 19. Nd6+ Bxd6 20. Qxd6 Qd7 21. Nc4 Rd8 22. Qc5 Nd5 23. Qxa7 O-O 24. a6 Ba8 25. Qc5 Rb8 26. e4 Nc3 27. Qe3 Nb5 28. Rfd1 Qc7 29. Qc5 Nc3 30. Rd3 Rb5 31. Qe3 Nb1 32. Rd1 Rb4 33. Bf1 Qb8 34. a7 Qb7 35. Qd3 c5 36. Rdxb1 Rxb1 37. Qxb1,d4,d5,Nf3,Nf6,c4,e6,g3,dxc4,Bg2,c6,O-O,b5,a4,Bb7,b3,cxb3,Qxb3,b4,a5,Na6
"Martirosyan,Haik M.",chess.com INT,1.0,Catalan Opening: Open Defense,1. d4 Nf6 2. Nf3 e6 3. c4 d5 4. g3 dxc4 5. Bg2 c6 6. Ne5 Bb4+ 7. Nc3 Nd5 8. Bd2 Nb6 9. e3 N8d7 10. Nf3 O-O 11. a3 Bxc3 12. bxc3 Re8 13. O-O e5 14. Nxe5 Nxe5 15. dxe5 Rxe5 16. e4 Re8 17. a4 Be6 18. a5 Nd7 19. Be3 Ne5 20. Qb1 Qe7 21. Rd1 Bg4 22. Rd4 Nf3+ 23. Bxf3 Bxf3 24. Rxc4 Bxe4 25. Qd1 Qe6 26. Rd4 c5 27. Rd6 Qf5 28. a6 b6 29. c4 h5 30. Qe2 Bf3 31. Qd3 Re4 32. Qd5 Qh3 33. Qxa8+ Kh7 34. Qxe4+ Bxe4 35. f3 Bxf3 36. Rd2 Qe6 37. Bf4 Qxc4 38. h4 Bc6 39. Kf2 Qe4 40. Ra3 b5 41. Re3 Qg2+ 42. Ke1 Qg1+ 43. Ke2 b4 44. Re5 f6 45. Rxh5+ Kg6 46. Rh8 Bb5+ 47. Kf3 Qf1+ 48. Ke3 Qe1+ 49. Kf3 Bc6+ 50. Kg4 Qe6#,d4,Nf6,Nf3,e6,c4,d5,g3,dxc4,Bg2,c6,Ne5,Bb4+,Nc3,Nd5,Bd2,Nb6,e3,N8d7,Nf3,O-O
"Martirosyan,Haik M.",chess.com INT,1.0,Horwitz Defense,1. d4 e6 2. Nf3 Nf6 3. c3 d5 4. Bg5 Be7 5. Nbd2 O-O 6. Bxf6 Bxf6 7. e4 dxe4 8. Nxe4 Be7 9. Bd3 Nd7 10. h4 h6 11. Qe2 b6 12. O-O-O Bb7 13. g4 f5 14. gxf5 exf5 15. Ng3 Bd6 16. Nxf5 Qf6 17. Rhg1 Rf7 18. h5 Bf4+ 19. Kb1 Nf8 20. Ne5 Re8 21. Rde1 Bc8 22. Ne3 Bxe5 23. dxe5 Qxe5 24. Bc4 Be6 25. Bxe6 Qxe6 26. Qc2 Qe4 27. Re2 Qxc2+ 28. Kxc2 Re5 29. Rh1 Ne6 30. Rd2 Nf4 31. Ng4 Rxh5 32. Re1 Rg5 33. f3 h5 34. Nf2 Rg2 35. Ne4 Rxd2+ 36. Kxd2 Rd7+ 37. Kc2 Rd5 38. Rh1 Rf5 39. Kd2 g6 40. c4 Kg7 41. Ke3 Ne6 42. Rd1 c5 43. Rd6 Nd4 44. f4 Rf7 45. Ng5 Nf5+,d4,e6,Nf3,Nf6,c3,d5,Bg5,Be7,Nbd2,O-O,Bxf6,Bxf6,e4,dxe4,Nxe4,Be7,Bd3,Nd7,h4,h6
"Martirosyan,Haik M.",chess.com INT,0.0,Horwitz Defense,1. d4 e6 2. Nf3 c5 3. e3 Nf6 4. c4 d5 5. cxd5 exd5 6. Nc3 Nc6 7. Be2 cxd4 8. exd4 Bd6 9. O-O h6 10. Nb5 O-O 11. Nxd6 Qxd6 12. h3 Bf5 13. Be3 Rae8 14. Rc1 Ne4 15. Re1 g5 16. Ne5 Nxe5 17. dxe5 Qxe5 18. Bd4 Qf4 19. Bb5 Re6 20. Be3 Qe5 21. Bd4 Qb8 22. f3 Ng3 23. Qd2 Rfe8 24. Bxe8 Qxe8 25. Rxe6 Qxe6 26. Re1 Qd6 27. Be5 Qb6+ 28. Qf2,d4,e6,Nf3,c5,e3,Nf6,c4,d5,cxd5,exd5,Nc3,Nc6,Be2,cxd4,exd4,Bd6,O-O,h6,Nb5,O-O
Le Tuan Minh,chess.com INT,0.0,Queen's Pawn Game: London System,1. d4 Nf6 2. Nf3 d5 3. Bf4 e6 4. e3 c5 5. c3 Nc6 6. Nbd2 cxd4 7. exd4 Nh5 8. Be5 f6 9. Bg3 g6 10. Be2 Bg7 11. O-O O-O 12. Nb3 e5 13. c4 Nxg3 14. hxg3 e4 15. Nfd2 f5 16. cxd5 Nxd4 17. Nxd4 Bxd4 18. Nxe4 Bxb2 19. Rb1 Bg7 20. Nc5 b6 21. Ne6 Bxe6 22. dxe6 Qe7 23. Bc4 Rad8 24. Qf3 Bd4 25. Rbd1 Kg7 26. Rd3 Bf6 27. Rfd1 Rxd3 28. Rxd3 Rd8 29. Bb3 h5 30. Kh2 Rd4 31. Qe3 Rd6 32. f4 Rxd3 33. Qxd3 Qc7 34. Qd2 Be7 35. Qd4+ Bf6 36. Qd2 Be7 37. Ba4 Qd6 38. Qc3+ Bf6 39. Qc4 g5 40. Bc2 Kg6 41. Qc8 gxf4 42. Qg8+ Kh6 43. Bxf5 fxg3+ 44. Kh3 Bg7 45. Qh7+ Kg5 46. Qg6+ Kf4 47. Qxg3+,d4,Nf6,Nf3,d5,Bf4,e6,e3,c5,c3,Nc6,Nbd2,cxd4,exd4,Nh5,Be5,f6,Bg3,g6,Be2,Bg7
"Can,E",Sharjah UAE,1.0,Catalan Opening: Open Defense,1. d4 d5 2. c4 e6 3. Nf3 Nf6 4. g3 dxc4 5. Bg2 a6 6. Ne5 Bb4+ 7. Nc3 Nd5 8. O-O O-O 9. Ne4 c3 10. Qc2 cxb2 11. Bxb2 Be7 12. Rac1 Nd7 13. Nd3 a5 14. a3 b6 15. Nc3 c6 16. e4 Nxc3 17. Qxc3 Ba6 18. Rfd1 Rc8 19. Nf4 Bg5 20. Qf3 Qe7 21. h4 Bh6 22. d5 cxd5 23. exd5 Rxc1 24. Rxc1 e5 25. Re1 Qd6 26. Nd3 f6 27. Qf5 Bc4 28. Qe4 b5 29. g4 g6 30. g5 Bg7 31. gxf6 Qxf6 32. Rf1 Qf5 33. Qxf5 gxf5 34. Rd1 Kf7 35. Bh3 Ke7 36. d6+ Ke6 37. Ne1 Bh6 38. Bc3 Be2 39. Rb1 b4 40. axb4 Rc8 41. Bb2 axb4 42. Ng2 Bf3 43. Ne3 Bxe3 44. fxe3 Be4,d4,d5,c4,e6,Nf3,Nf6,g3,dxc4,Bg2,a6,Ne5,Bb4+,Nc3,Nd5,O-O,O-O,Ne4,c3,Qc2,cxb2
"Batsiashvili,N",Riga LAT,1.0,Horwitz Defense,1. d4 e6 2. c4 c5 3. d5 exd5 4. cxd5 d6 5. Nf3 g6 6. Nc3 a6 7. a4 Bg7 8. g3 Ne7 9. Bg2 O-O 10. O-O Re8 11. Nd2 Nd7 12. Nc4 Ne5 13. Na3 Nf5 14. h3 h5 15. e4 Nd4 16. Nc2 Nb3 17. Ra3 Nxc1 18. Qxc1 h4 19. g4 g5 20. Ne3 Nd3 21. Qd2 Nf4 22. Nf5 Bxf5 23. exf5 Bxc3 24. bxc3 Re2 25. Qd1 Qf6 26. Rb3 Re7 27. Rb6 c4 28. Kh2 Qxc3 29. Qb1 Qe5 30. Kh1,d4,e6,c4,c5,d5,exd5,cxd5,d6,Nf3,g6,Nc3,a6,a4,Bg7,g3,Ne7,Bg2,O-O,O-O,Re8
"Xiong,Jeffery",Riga LAT,0.0,Queen's Pawn Game: London System,1. d4 d5 2. Nf3 Nf6 3. Bf4 Bf5 4. c4 dxc4 5. e3 b5 6. a4 c6 7. axb5 cxb5 8. Nc3 Qb6 9. Ne5 e6 10. g4 Nxg4 11. Nxg4 Nc6 12. Bg2 Bd3 13. Ne5 Nxe5 14. Bxa8 Nc6 15. Qf3 Nb4 16. Kd2 Be7 17. Qb7 O-O 18. Qxb6 axb6 19. Ra7,d4,d5,Nf3,Nf6,Bf4,Bf5,c4,dxc4,e3,b5,a4,c6,axb5,cxb5,Nc3,Qb6,Ne5,e6,g4,Nxg4
"Praggnanandhaa,R",Kolkata IND,0.0,Queen's Pawn Game: London System,1. d4 d5 2. Nf3 Nf6 3. Bf4 Bf5 4. c4 e6 5. Qb3 dxc4 6. Qxb7 Be4 7. Qxc7 Qxc7 8. Bxc7 Bb4+ 9. Nbd2 O-O 10. Bg3 Nbd7 11. e3 Bd5 12. Kd1 Rfc8 13. Rc1 Nb6 14. a3 Ba5 15. Ne5 Bxd2 16. Kxd2 Ne4+ 17. Ke1 f6 18. Nf3 Na4 19. Nd2 Nxg3 20. hxg3 Nxb2 21. e4 Nd3+ 22. Bxd3 cxd3 23. Rc5 Bb7 24. f3 Rxc5 25. dxc5 Rc8 26. Nb3 Ba6 27. Kd2 Bc4 28. Rb1 h5 29. Na5 Rxc5 30. Nxc4 Rxc4 31. Kxd3 Ra4 32. Rb3 e5 33. Kc2 Kh7 34. Rd3 Rc4+ 35. Kb3 Rc1 36. Rd2 Kh6 37. Kb4 g6 38. a4 Rb1+ 39. Kc5 a5 40. f4 Rb4 41. fxe5 fxe5 42. Kd5 Kg5 43. Kxe5 Rxa4 44. Kd5 Ra3 45. e5 Rxg3 46. e6 Re3 47. Kd6 Kg4 48. e7 Kg3 49. Rd5 Rxe7 50. Kxe7 Kxg2 51. Kf6 h4 52. Kg5 h3 53. Kg4 h2 54. Rd2+ Kg1 55. Rd1+ Kg2 56. Rd2+ Kg1 57. Kg3 h1=N+ 58. Kf3 g5 59. Rc2 a4 60. Ra2 g4+ 61. Kxg4 Nf2+ 62. Kf3 Nd3 63. Ra1+ Kh2 64. Rxa4 Ne5+ 65. Kf4 Nd3+ 66. Ke3 Ne5 67. Re4 Ng6 68. Rg4 Ne7 69. Ke4 Kh3 70. Rg7 Nc6 71. Rc7 Nb4 72. Rc4 Na6 73. Kd5 Kg3 74. Kc6 Nb8+ 75. Kc7,d4,d5,Nf3,Nf6,Bf4,Bf5,c4,e6,Qb3,dxc4,Qxb7,Be4,Qxc7,Qxc7,Bxc7,Bb4+,Nbd2,O-O,Bg3,Nbd7
"Santarius,E",Sitges ESP,1.0,Catalan Opening: Open Defense,1. d4 Nf6 2. c4 e6 3. Nf3 d5 4. g3 dxc4 5. Bg2 c6 6. O-O b5 7. b3 cxb3 8. Qxb3 a5 9. Rd1 Be7 10. Ne5 Ra6 11. Nc3 O-O 12. Bf4 Bb7 13. Na4 Nd5 14. Nc5 Bxc5 15. dxc5 Qe7 16. Rac1 a4 17. Qf3 Ra8 18. e4 Nxf4 19. gxf4 f6 20. Ng4 Na6 21. Qc3 Rad8 22. Rxd8 Rxd8 23. Ne3 Qc7 24. e5 f5 25. Bf3 Rd7 26. Rd1 Rxd1+ 27. Nxd1 Qe7 28. Qa5 Nxc5 29. Qb6 Nd3 30. Bxc6 Bxc6 31. Qxc6 Nxf4 32. Qxb5 Qg5+ 33. Kf1 Qg2+ 34. Ke1 Qe4+ 35. Kd2 h6 36. h4 Kh7 37. Ne3 Nh3 38. Qc4 Qxe5 39. Qxa4 Nxf2 40. Qc4 Ne4+ 41. Kc1 Qf4 42. Qb3 Qxh4,d4,Nf6,c4,e6,Nf3,d5,g3,dxc4,Bg2,c6,O-O,b5,b3,cxb3,Qxb3,a5,Rd1,Be7,Ne5,Ra6
"Gelfand,B",Warsaw POL,0.5,Catalan Opening: Open Defense,1. Nf3 Nf6 2. c4 e6 3. g3 d5 4. d4 dxc4 5. Bg2 Nbd7 6. O-O c6 7. a4 a5 8. Qc2 b5 9. Ne5 Nxe5 10. dxe5 Nd5 11. axb5 cxb5 12. Nc3 Qb6 13. Nxd5 exd5 14. Bxd5 Ra7 15. b3 Bc5 16. bxc4 b4 17. Qe4 O-O 18. Kg2 b3 19. Bb2 a4 20. Ra3 Qh6 21. Rd1 Qh3+ 22. Kg1 Qf5 23. Qxf5 Bxf5 24. e4 Bg4 25. Rda1 Bd7 26. Kf1 Rb8 27. Ke2 Ra6 28. h4 g6 29. f4 h5 30. Kd3 Kf8 31. Rf1 Ke8 32. Rfa1 Bf2 33. f5 gxf5 34. exf5 Bxf5+ 35. Ke2 Bxg3 36. Rxa4 Rxa4 37. Rxa4 Bxh4 38. Ra7 Be7 39. Ra6 Bg6 40. e6 h4 41. exf7+ Bxf7 42. Rh6 Bxd5 43. Rh8+ Kf7 44. Rxb8 Bxc4+ 45. Kf2 Kg6 46. Bd4 Kf5 47. Rb7 Ke4 48. Rxe7+ Kxd4 49. Rh7 b2 50. Rxh4+ Kd3 51. Rh1 Ba2 52. Re1 Kc3 53. Re3+ Kd4 54. Re1 Kd3 55. Re3+,Nf3,Nf6,c4,e6,g3,d5,d4,dxc4,Bg2,Nbd7,O-O,c6,a4,a5,Qc2,b5,Ne5,Nxe5,dxe5,Nd5
"L'Ami,E",Wijk aan Zee NED,0.5,Catalan Opening: Open Defense,1. d4 Nf6 2. c4 e6 3. Nf3 d5 4. g3 dxc4 5. Bg2 Bb4+ 6. Bd2 c5 7. Bxb4 cxb4 8. Ne5 O-O 9. a3 Nd5 10. O-O bxa3 11. Nxa3 c3 12. b3 Nc6 13. Nxc6 bxc6 14. Qd3 a5 15. Rfc1 Ba6 16. Qd1 Ra7 17. e3 Rd7 18. Nc4 Bxc4 19. bxc4 Nb4 20. Qa4 e5 21. Bxc6 Nxc6 22. Qxc6 exd4 23. exd4 Rc7,d4,Nf6,c4,e6,Nf3,d5,g3,dxc4,Bg2,Bb4+,Bd2,c5,Bxb4,cxb4,Ne5,O-O,a3,Nd5,O-O,bxa3
"Tang,Andrew",chess.com INT,0.5,Horwitz Defense,1. d4 e6 2. Nf3 c5 3. c3 Nc6 4. Bf4 Qb6 5. Qd2 Nf6 6. e3 Nh5 7. Bg5 h6 8. Bh4 d5 9. Bd3 Bd7 10. O-O g5 11. Bg3 Nxg3 12. hxg3 c4 13. Be2 Qc7 14. b3 b5 15. a4 Na5 16. bxc4 Nb3 17. Qb2 bxc4 18. Ra2 Rb8 19. Qc2 Bd6 20. Nbd2 f5 21. Rb1 Nxd2 22. Nxd2 Rxb1+ 23. Nxb1 g4 24. e4 fxe4 25. Bxg4 h5 26. Bh3 h4 27. gxh4 Bh2+ 28. Kf1 Rxh4 29. Na3 Qf4 30. Qd2 Qxd2 31. Rxd2 Ke7 32. Rb2 Bc6 33. Nb5 Bb8 34. a5 a6 35. Na3 Bc7 36. Nc2 Bxa5 37. Ra2 Bxc3 38. Rxa6 Bd7 39. Ra3 Bd2 40. Ke2 c3 41. Ra7 Kd6 42. Ra6+ Kc7 43. Na3 Rh6 44. Kd1 Bc8 45. Ra5 Kd6 46. Nb1 Bg5 47. Nxc3 Bd7 48. Nxe4+ dxe4 49. Rxg5 Rh4 50. Kd2 Rh8 51. Ke3 Bc6 52. Rg6 Bd5 53. Bg4 Rh1 54. g3 Re1+ 55. Kd2 Ra1 56. Be2 Ra2+ 57. Ke3 Ra3+ 58. Kf4 Ra2 59. Ke3 Ra3+ 60. Kd2 Ra2+ 61. Kd1 Ra1+ 62. Kd2 Ra2+,d4,e6,Nf3,c5,c3,Nc6,Bf4,Qb6,Qd2,Nf6,e3,Nh5,Bg5,h6,Bh4,d5,Bd3,Bd7,O-O,g5
"Garriga Cazorla,Pere",chess.com INT,1.0,Horwitz Defense,1. d4 e6 2. c4 c5 3. d5 exd5 4. cxd5 d6 5. Nc3 g6 6. e4 Bg7 7. Bd3 Ne7 8. h4 O-O 9. h5 f5 10. hxg6 hxg6 11. Bg5 Nd7 12. Nge2 Ne5 13. Nf4 Bf6 14. Bxf6 Rxf6 15. Qd2 Qf8 16. Nh3 f4 17. Ng5 Bg4 18. Be2 f3 19. gxf3 Bxf3 20. Nxf3 Rxf3 21. O-O-O Rxf2 22. Rh4 Nf3 23. Rdh1 Nxd2 24. Rh8+ Kg7 25. R1h7+ Kf6 26. e5+ dxe5 27. Rxf8+ Rxf8 28. Kxd2 Rf4 29. Ke3 Nf5+ 30. Kd2 Rf7 31. Rh8 Rd4+ 32. Kc2 Ne3+ 33. Kb3 Rb4+,d4,e6,c4,c5,d5,exd5,cxd5,d6,Nc3,g6,e4,Bg7,Bd3,Ne7,h4,O-O,h5,f5,hxg6,hxg6
"Ponkratov,P",chess.com INT,1.0,Horwitz Defense,1. d4 e6 2. c4 c5 3. d5 exd5 4. cxd5 d6 5. e4 g6 6. f4 Bg7 7. Bb5+ Nd7 8. Nc3 a6 9. Bd3 b5 10. Nf3 c4 11. Bc2 Ngf6 12. O-O O-O 13. a3 Qb6+ 14. Kh1 Re8 15. Qe1 Nc5 16. Be3 Bg4 17. Qh4 Bxf3 18. gxf3 Qc7 19. Qf2 Nh5 20. f5 Qe7 21. Rg1 Kh8 22. Rad1 Be5 23. f4 Bxc3 24. bxc3 Nxe4 25. Bd4+ Nef6 26. fxg6 fxg6 27. Rde1 Qf7 28. Qf3 Rxe1 29. Rxe1 Re8 30. Rg1 Kg8 31. f5 Qxd5 32. Qxd5+ Nxd5 33. fxg6 h6 34. Rf1 Nhf4 35. a4 Ne2 36. axb5 axb5 37. Rf7 Nxd4 38. cxd4 Re1+ 39. Kg2 Re2+ 40. Kf3 Rxc2 41. Ke4 Nc3+ 42. Ke3 Re2+ 43. Kf3 Re6,d4,e6,c4,c5,d5,exd5,cxd5,d6,e4,g6,f4,Bg7,Bb5+,Nd7,Nc3,a6,Bd3,b5,Nf3,c4
"Niemann,Hans Moke",chess.com INT,1.0,Horwitz Defense,1. d4 e6 2. c4 c5 3. d5 exd5 4. cxd5 d6 5. Nc3 g6 6. e4 Bg7 7. f4 Ne7 8. Nf3 O-O 9. Be2 Bg4 10. O-O Nd7 11. Be3 Re8 12. Bf2 a6 13. a4 Bxf3 14. Bxf3 Qa5 15. Qc2 c4 16. Rae1 Nc5 17. Bxc5 Qxc5+ 18. Kh1 Nc8 19. Rd1 Qe3 20. e5 dxe5 21. d6 Nb6 22. a5 Nd7 23. Nd5 Qb3 24. Qxb3 cxb3 25. Nc7 e4 26. Bxe4 Rxe4 27. Nxa8 Bxb2 28. Nb6 Nxb6 29. axb6 Bf6 30. d7 Bd8 31. Rfe1 Re6 32. g4 Kf8 33. f5 gxf5 34. gxf5 Rxe1+ 35. Rxe1 b2 36. Kg2 Bf6 37. Kf3 a5 38. Rb1 Ke7 39. Rd1 Kd8 40. Ke4 a4 41. Kd5 a3 42. Kd6 Be7+ 43. Ke5 a2 44. f6 Bxf6+ 45. Kxf6,d4,e6,c4,c5,d5,exd5,cxd5,d6,Nc3,g6,e4,Bg7,f4,Ne7,Nf3,O-O,Be2,Bg4,O-O,Nd7
"Kamsky,G",chess.com INT,1.0,Horwitz Defense,1. d4 e6 2. Bf4 c5 3. e3 Nf6 4. c3 d5 5. Nd2 Qb6 6. Qb3 Nc6 7. Ngf3 c4 8. Qc2 Nh5 9. Bg3 Qa5 10. Be2 Be7 11. O-O Nxg3 12. hxg3 b5 13. e4 O-O 14. a3 Qc7 15. Rfe1 Bb7 16. exd5 exd5 17. Nf1 Bd6 18. Ng5 g6 19. Bf3 Ne7 20. Re2 Kg7 21. Rae1 Ng8 22. g4 Nf6 23. Nh3 h6 24. Qc1 Ne4 25. g3 Rae8 26. Nf4 Bxf4 27. Qxf4 Qxf4 28. gxf4 f5 29. g5 hxg5 30. fxg5 Nxg5 31. Rxe8 Nxf3+ 32. Kg2 Nxe1+ 33. Rxe1 Kf6 34. f4 Rh8 35. Nh2 Bc8 36. Nf3 Be6 37. Rh1 Re8 38. Ne5 Kg7 39. Kf2 a5 40. Ra1 Rh8 41. Kg3 Ra8 42. Kf2 Ra6 43. Kg3 Rb6 44. Nf3 Rb7 45. Re1 Bf7 46. Ng5 Kf6 47. Nh7+ Kg7 48. Ng5 Bg8 49. Re8 b4 50. axb4 axb4 51. Kf2 bxc3 52. bxc3 Rb2+ 53. Re2 Rb3 54. Re7+ Kf6 55. Re8 Kg7 56. Re7+ Kf8 57. Re3 Bf7 58. Kg3 Rb1 59. Nf3 Kg7 60. Ng5 Rb7 61. Re5 Bg8 62. Re8 Rb3 63. Re7+ Kf6 64. Re3 Rb7 65. Re8 Bf7 66. Re5 Rb3 67. Re3 Rb1 68. Nh7+ Kg7 69. Ng5 Kf8 70. Nh7+ Kg8 71. Ng5 Rb7 72. Kf2 Kf8 73. Nh7+ Kg7 74. Ng5 Rd7 75. Kg3 Bg8 76. Kf2 Kf8 77. Kg3 Ra7 78. Kf2 Ra2+ 79. Kg3 Ra1 80. Kf2 Rc1 81. Kg2 Rc2+ 82. Kg3 Rd2 83. Kf3 Rh2 84. Kg3 Rh1 85. Kg2 Rh4 86. Kg3 Rg4+ 87. Kf3 Rg1 88. Kf2 Ra1 89. Kg3 Ra7 90. Kf3 Bf7 91. Nh7+ Kg7 92. Ng5 Kh6 93. Kg3 Bg8 94. Kf3 Kg7 95. Kg3 Rf7 96. Kf3 Rf6 97. Kg3 Kf8 98. Re5 Rb6 99. Re3 Rb3 100. Kf2 Rxc3,d4,e6,Bf4,c5,e3,Nf6,c3,d5,Nd2,Qb6,Qb3,Nc6,Ngf3,c4,Qc2,Nh5,Bg3,Qa5,Be2,Be7
"Agibileg,Uurtsaikh",chess.com INT,1.0,Horwitz Defense,1. d4 e6 2. c4 c5 3. d5 exd5 4. cxd5 d6 5. e4 g6 6. Bd3 Bg7 7. h3 Ne7 8. Nf3 O-O 9. O-O Na6 10. Nc3 Qa5 11. Bg5 Re8 12. Qd2 Bd7 13. Qf4 Qb6 14. Rab1 f6 15. Bh6 g5 16. Bxg5 fxg5 17. Nxg5 Rf8 18. Qh4 h6 19. e5 dxe5 20. Nh7 Nf5 21. Bxf5 Rxf5 22. Qe4 Kxh7 23. d6 Qc6 24. Nd5 Nb4 25. Rbd1 Nxd5 26. Rxd5 Kh8 27. Rfd1 Raf8 28. f3 Be6 29. d7 Bxd5 30. Qxf5 Rxf5 31. d8=Q+ Bg8 32. Rd7 Rf8 33. Qc7 Qxc7 34. Rxc7,d4,e6,c4,c5,d5,exd5,cxd5,d6,e4,g6,Bd3,Bg7,h3,Ne7,Nf3,O-O,O-O,Na6,Nc3,Qa5
"Sadhwani,Raunak",chess.com INT,0.0,Queen's Pawn Game: London System,1. d4 e6 2. Nf3 c5 3. c3 Nf6 4. Bf4 Nc6 5. e3 d5 6. Nbd2 cxd4 7. exd4 Nh5 8. Be3 Bd6 9. Bd3 Nf4 10. Bxf4 Bxf4 11. g3 Bc7 12. O-O O-O 13. Re1 f6 14. c4 Nb4 15. Bf1 dxc4 16. Bxc4 Nd5 17. Rc1 Rf7 18. Qb3 Ba5 19. Re2 Rc7 20. Ne4 b6 21. Nc3 Bxc3 22. bxc3 Qd6 23. Rce1 Qc6 24. Nd2 Kf7 25. a4 Bd7 26. f4 g6 27. Ne4 a6 28. Bxd5 exd5 29. Nf2 Re8 30. Qb4 Rxe2 31. Rxe2 Bf5 32. g4 a5 33. Qb3 Be6 34. Kg2 Kg7 35. h3 Bf7 36. h4 Qd6 37. Nd3 Be6 38. Kg3 g5 39. hxg5 fxg5 40. Re5 gxf4+ 41. Nxf4 Bf7 42. Qc2 Qa3 43. Re3 Qa1 44. Qf2 Rxc3 45. Nd3 Qa3 46. Qf3 Qd6+ 47. Ne5 Rxe3 48. Qxe3 Qf6 49. Qc3 h5 50. Qc7 hxg4 51. Kxg4 Qe6+ 52. Kf4 Kf6 53. Qd8+ Kg7 54. Qg5+ Bg6 55. Qd8 Qf5+ 56. Kg3 Bh5 57. Qxb6 Qg5+ 58. Kh3 Bg6 59. Qxg6+ Qxg6 60. Nxg6 Kxg6 61. Kg4 Kf6 62. Kf4,d4,e6,Nf3,c5,c3,Nf6,Bf4,Nc6,e3,d5,Nbd2,cxd4,exd4,Nh5,Be3,Bd6,Bd3,Nf4,Bxf4,Bxf4
"Manigandan,S",New Delhi IND,1.0,Horwitz Defense,1. d4 e6 2. c4 c5 3. d5 exd5 4. cxd5 d6 5. Nc3 a6 6. a4 g6 7. e4 Bg7 8. Nf3 Bg4 9. Bf4 Qb6 10. Qc2 Bxf3 11. gxf3 Nf6 12. Bh3 O-O 13. O-O Nbd7 14. Ra3 Nh5 15. Bg3 Qc7 16. a5 Rae8 17. Na4 Be5 18. Nc3 Nf4 19. Bxf4 Bxf4 20. Ne2 Bh6 21. b4 Re5 22. f4 Rh5 23. Rg3 Re8 24. f3 Rh4 25. Bg4 Qd8 26. Bxd7 Qxd7 27. bxc5 Rc8 28. c6 bxc6 29. dxc6 Rxc6 30. Qd2 Qc7 31. Rg4 Rh5 32. Nd4 Rc4 33. Nb3 Rc2 34. Qd3 Rcxh2 35. Rf2 Rh1+ 36. Kg2 R5h2+ 37. Kg3 Rh3+ 38. Kg2 Bg7 39. Rg5 h5,d4,e6,c4,c5,d5,exd5,cxd5,d6,Nc3,a6,a4,g6,e4,Bg7,Nf3,Bg4,Bf4,Qb6,Qc2,Bxf3
"Lazavik,Denis",chess.com INT,1.0,Horwitz Defense,1. d4 e6 2. c4 c5 3. d5 exd5 4. cxd5 d6 5. Nc3 a6 6. a4 g6 7. e4 Bg7 8. h3 Ne7 9. Nf3 O-O 10. Bd3 Nd7 11. O-O Ne5 12. Nxe5 Bxe5 13. Bg5 f6 14. Bh6 Rf7 15. f4 Bd4+ 16. Kh1 Kh8 17. f5 Be5 18. Bf4 Bxf4 19. Rxf4 Bd7 20. Rb1 Qc7 21. Qd2 c4 22. Bc2 b5 23. Rbf1 g5 24. R4f2 b4 25. Ne2 Qc5 26. Nd4 c3 27. bxc3 bxc3 28. Qd3 Rc8 29. Ne6 Qc4 30. Qe3 Bxa4 31. Bxa4 Qxa4 32. Rc1 Rc4 33. Re2 Ng8 34. Kh2 Qb4 35. Rec2 h5 36. Rxc3 Rxe4 37. Qf2 Re5 38. Rc8 Qe4 39. Rf1 Rxd5 40. Rb8 Kh7 41. Nf8+ Kh6 42. Ne6 Ne7 43. Re1 Qxf5 44. Qa7 g4 45. Rh8+ Kg6 46. Nf8+ Kg7 47. Rxe7 Qf4+ 48. Kh1 Rd1+ 49. Qg1 Rxg1+ 50. Kxg1 Rxe7,d4,e6,c4,c5,d5,exd5,cxd5,d6,Nc3,a6,a4,g6,e4,Bg7,h3,Ne7,Nf3,O-O,Bd3,Nd7
"Lazavik,Denis",chess.com INT,0.0,Catalan Opening: Open Defense,1. d4 Nf6 2. c4 e6 3. Nf3 d5 4. g3 dxc4 5. Bg2 c6 6. a4 a5 7. Qc2 b5 8. Nc3 b4 9. Ne4 Nxe4 10. Qxe4 Qd5 11. Qf4 Bd6 12. Qg4 g6 13. Bg5 Qf5 14. Qh4 h5 15. Nd2 f6 16. Bxf6 O-O 17. Ne4 Nd7 18. Nxd6 Qxf6 19. Qxf6 Nxf6 20. Nxc4 Nd5 21. Ne5 Kg7 22. Rc1 Bb7 23. Nd7 Rfe8 24. Nc5 Ba6 25. f4 Kf7 26. Kd2 Ke7 27. Nxa6 Rxa6 28. Rc5 Kd6 29. Rhc1 h4 30. e4 Ne7 31. g4 h3 32. Bf3 Rf8 33. Ke3 b3 34. R1c3 Rb8 35. Bd1 Rb4 36. Rxb3 Rxb3+ 37. Bxb3 Rb6 38. Rc3 Rb4 39. Kd3 Kd7 40. Kc2 Rxd4 41. Rd3 c5 42. Rxd4+ cxd4 43. Kd3 Nc6 44. e5 g5 45. Ke4 gxf4 46. Kxf4 d3 47. Bc4 d2 48. Be2 Ke7 49. Ke3 Nxe5 50. Kxd2 Kf6 51. Kc3 Kg5 52. b4 axb4+ 53. Kxb4 Kf4 54. a5 Ke3 55. Bd1 Kf2 56. Kb5 Nf7 57. a6 Nd6+ 58. Kc6 Nc8 59. Kc7 Na7 60. g5 Kg1 61. g6 Kxh2 62. g7 Kg1 63. g8=Q+ Kf2 64. Qh7,d4,Nf6,c4,e6,Nf3,d5,g3,dxc4,Bg2,c6,a4,a5,Qc2,b5,Nc3,b4,Ne4,Nxe4,Qxe4,Qd5
"Lazavik,Denis",chess.com INT,0.5,Catalan Opening: Open Defense,1. d4 e6 2. c4 Nf6 3. Nf3 d5 4. g3 dxc4 5. Bg2 Bb4+ 6. Bd2 Bxd2+ 7. Nbxd2 O-O 8. Nxc4 Bd7 9. Nfe5 Bc6 10. Nxc6 Nxc6 11. e3 Rb8 12. O-O Ne7 13. Rc1 c6 14. b4 h6 15. Qb3 a6 16. a4 Ned5 17. Rfd1 Nb6 18. Ne5 Nbd7 19. Nd3 Qe7 20. b5 axb5 21. axb5 cxb5 22. Qxb5 b6 23. Nb4 Rbc8 24. Nc6 Qe8 25. Qb4 Kh8 26. e4 Rc7 27. d5 Qc8 28. Ra1 Nc5 29. Qxb6 Ncxe4 30. Bxe4 Nxe4 31. Na7 Qb7 32. Qxb7 Rxb7 33. Nc6 Nc3 34. d6 Nxd1 35. Rxd1 Rb6 36. d7 Rxc6 37. d8=Q Rxd8 38. Rxd8+ Kh7 39. h4 h5 40. Kg2 e5 41. Re8 f6 42. Re7 Kg6 43. Rd7 Re6 44. Rc7 Rd6 45. Re7 Rd8 46. Rc7 Rf8 47. Rc5 Rf7 48. Rc6 Kf5 49. Rc3 Rd7 50. Rf3+ Ke6 51. Ra3 e4 52. Ra5 Rd5 53. Ra7 g6 54. Ra3 Kf5 55. Ra2 Ke5 56. Rb2 Kf5 57. Re2 Re5 58. Rb2 g5 59. hxg5 fxg5 60. Rb8 Kg4 61. Rg8 h4 62. gxh4 Kxh4 63. Rh8+ Kg4 64. Rb8 Kf4 65. Rf8+ Rf5 66. Rb8 g4 67. Rc8 Rd5 68. Rf8+ Rf5 69. Re8 Rf7 70. Re6 Kf5 71. Re8 Rd7 72. Rf8+ Ke5 73. Re8+ Kf4 74. Rf8+ Ke5 75. Re8+ Kf4 76. Rf8+ Ke5,d4,e6,c4,Nf6,Nf3,d5,g3,dxc4,Bg2,Bb4+,Bd2,Bxd2+,Nbxd2,O-O,Nxc4,Bd7,Nfe5,Bc6,Nxc6,Nxc6
"Chigaev,M",chess.com INT,1.0,Horwitz Defense,1. d4 e6 2. Nf3 c5 3. g3 cxd4 4. Nxd4 d5 5. Bg2 e5 6. Nb3 Nf6 7. O-O Be6 8. Bg5 Nbd7 9. e4 dxe4 10. Nc3 Be7 11. Nxe4 Nxe4 12. Bxe7 Qxe7 13. Bxe4 Nf6 14. Bg2 O-O 15. Re1 Qc7 16. Qe2 Nd7 17. Rad1 a5 18. a3 Rad8 19. Qb5 b6 20. Qc6 Rc8 21. Qxc7 Rxc7 22. Bd5 Bxd5 23. Rxd5 f6 24. c3 Kf7 25. Red1 Ke7 26. Na1 Nc5 27. Nc2 Na4 28. Rb5 Rc5 29. Rxc5 bxc5 30. Ne3 Nxb2 31. Rb1 Na4 32. Nd5+ Kd6 33. c4 Kc6 34. Rb5 Ra8 35. g4 Ra6 36. Kg2 Ra7 37. h4 Rb7 38. Rxa5 Nb2 39. Ra6+ Kd7 40. Ne3 Nd3 41. Nf5 Nf4+ 42. Kf3 g6 43. Ne3 Ke7 44. Nd5+ Nxd5 45. cxd5 Rb2 46. Re6+ Kf7 47. Rc6 f5 48. gxf5 gxf5 49. Rxc5 Rb3+ 50. Kg2 Rxa3 51. Rc7+ Kg6 52. Re7 e4 53. d6 Rd3 54. d7 h6 55. f3 Kf6 56. Rh7 Kg6 57. Re7 exf3+ 58. Kg3 Kh5 59. Rf7 Kg6 60. Re7 f4+ 61. Kf2 Kf5 62. Rf7+ Kg4 63. h5 Rd2+ 64. Ke1 Rd4 65. Kf2 Rd3 66. Rg7+ Kxh5 67. d8=Q Rxd8 68. Kxf3 Rd4 69. Rg1 Ra4 70. Rg8 Rb4 71. Rg1 Rc4 72. Rg8 Ra4 73. Rg1 Kh4 74. Rg4+ Kh3 75. Rxf4 Ra3+ 76. Kf2 Ra6 77. Rf3+ Kg4 78. Rf4+ Kxf4,d4,e6,Nf3,c5,g3,cxd4,Nxd4,d5,Bg2,e5,Nb3,Nf6,O-O,Be6,Bg5,Nbd7,e4,dxe4,Nc3,Be7
"Muradli,Mahammad",chess.com INT,1.0,Queen's Pawn Game: London System,1. d4 e6 2. Nf3 Nf6 3. Bf4 c5 4. e3 Nc6 5. c3 d5 6. Nbd2 cxd4 7. exd4 Nh5 8. Bg5 f6 9. Bh4 Bd6 10. Bg3 O-O 11. Bd3 Nf4 12. Qc2 Nxg2+ 13. Kf1 Nf4 14. Bxh7+ Kh8 15. Nh4 Ne7 16. Rg1 g5 17. Bxf4 Bxf4 18. Ng6+ Nxg6 19. Qxg6 Qe7 20. Qh6 Qg7,d4,e6,Nf3,Nf6,Bf4,c5,e3,Nc6,c3,d5,Nbd2,cxd4,exd4,Nh5,Bg5,f6,Bh4,Bd6,Bg3,O-O
"Muradli,Mahammad",chess.com INT,0.5,Horwitz Defense,1. d4 e6 2. c3 c5 3. Nf3 Nf6 4. Bg5 d5 5. e3 Nbd7 6. Nbd2 Bd6 7. Bd3 O-O 8. O-O Qc7 9. Rc1 h6 10. Bh4 c4 11. Bb1 b5 12. Bxf6 Nxf6 13. e4 dxe4 14. Nxe4 Nxe4 15. Bxe4 Bb7 16. Qe2 Rab8 17. Rcd1 Bd5 18. Rfe1 b4 19. Bxd5 exd5 20. g3 Qa5 21. Ne5 Bxe5 22. dxe5 bxc3 23. bxc3 Qxc3 24. Rxd5 Rb2 25. Qe4 Rxa2 26. Rc5 Qd2 27. Qe3 Qxe3 28. Rxe3 Rc2 29. Ra3 Re8 30. Rxa7 Re2 31. Rxc4 R2xe5 32. Rf4 Re1+ 33. Kg2 R1e7 34. Rxe7 Rxe7 35. h4 h5 36. Kf3 g6 37. Re4 Ra7 38. Re8+ Kg7 39. Re3 Ra6 40. Kg2 Rb6 41. Rf3 Rf6 42. Rb3 Rf5 43. Ra3,d4,e6,c3,c5,Nf3,Nf6,Bg5,d5,e3,Nbd7,Nbd2,Bd6,Bd3,O-O,O-O,Qc7,Rc1,h6,Bh4,c4
"Mchedlishvili,M",Sharjah UAE,0.5,Queen's Pawn Game: London System,1. d4 Nf6 2. Bf4 d5 3. Nf3 c5 4. e3 Nc6 5. Nbd2 Bg4 6. c3 e6 7. Qb3 Qc8 8. Nh4 Bh5 9. h3 h6 10. g4 g5 11. Bh2 Bxg4 12. hxg4 gxh4 13. Be2 Rg8 14. Bf4 cxd4 15. cxd4 Nxg4 16. Rxh4 f5 17. Bxg4 fxg4 18. Bxh6 Bd6 19. Ke2 g3 20. Rg1 Qc7 21. fxg3 O-O-O 22. Bf4 e5 23. dxe5 Bxe5 24. Nf3 Bxf4 25. Rxf4 Kb8 26. Kf2 Qh7 27. Qc3 Rc8 28. Rh4 Qg6 29. Rf4 Ka8 30. g4 Ne7 31. Qf6 Qc2+ 32. Kg3 Ng6 33. Rf5 Qc7+ 34. Kg2 a6 35. Rf1 Qc2+ 36. Kg3 Rce8 37. Rxd5 Qc7+ 38. Qd6 Qh7 39. Rh5 Qf7 40. Rf5 Qc4 41. Kf2 Qxg4 42. Rg5 Qe4 43. Qd4 Qc6 44. Qd5 Qf6 45. Qd4 Qf7 46. Qd5 Qe7 47. Qc5 Qf6 48. Qd4 Qf7 49. Qd5 Qg7 50. Qd4 Qh7 51. Rfg1 Re6 52. Rd5 Qc7 53. Rd1 Ree8 54. Rd7 Qc6 55. Qd5 Qb6 56. Qd4 Qe6 57. Rd6 Qxa2 58. Qb6 Qc4 59. Rd8+ Rxd8 60. Rxd8+ Rxd8 61. Qxd8+ Ka7 62. Qf6 Qc2+ 63. Kg3 Qe4 64. Qc3 Ne7 65. Qc5+ Ka8 66. Kf2 Nd5 67. Qc8+ Ka7 68. Qc5+ Ka8 69. Qc8+ Ka7 70. Qc5+,d4,Nf6,Bf4,d5,Nf3,c5,e3,Nc6,Nbd2,Bg4,c3,e6,Qb3,Qc8,Nh4,Bh5,h3,h6,g4,g5
"Indjic,A",Sharjah UAE,1.0,Queen's Pawn Game: London System,1. d4 d5 2. Nf3 Nf6 3. Bf4 Bf5 4. e3 e6 5. c4 Bxb1 6. Qxb1 Bb4+ 7. Kd1 Bd6 8. Bg5 h6 9. Bxf6 Qxf6 10. c5 Be7 11. Qc2 O-O 12. Ne5 b6 13. cxb6 axb6 14. Qxc7 Qxf2 15. Nd3 Qh4 16. Be2 Bg5 17. Ne5 Bxe3 18. Nf3 Qg4 19. Qc3 Qxg2 20. Re1 Bf2 21. Rf1 Nd7 22. Qc7 Nf6 23. Qf4 Ng4 24. Rxf2 Nxf2+ 25. Kd2 Ne4+ 26. Kd3 Ng5 27. Ne5 Qh3+ 28. Kd2 Ne4+ 29. Ke1 g5 30. Nd7,d4,d5,Nf3,Nf6,Bf4,Bf5,e3,e6,c4,Bxb1,Qxb1,Bb4+,Kd1,Bd6,Bg5,h6,Bxf6,Qxf6,c5,Be7
"Vantika,Agrawal",chess24.com INT,0.5,Horwitz Defense,1. d4 e6 2. c4 c5 3. d5 exd5 4. cxd5 d6 5. Nc3 a6 6. a4 g6 7. e4 Bg7 8. h3 Nd7 9. Nf3 Ne5 10. Bf4 Nxf3+ 11. Qxf3 Qb6 12. Qe2 Ne7 13. a5 Qd8 14. Qd2 O-O 15. Bc4 f6 16. Bg3 g5 17. O-O Ng6 18. Nd1 Ne5 19. Bxe5 fxe5 20. Be2 Rf4 21. Qd3 Qe8 22. g3 Rf6 23. Bg4 h5 24. Bxc8 Qxc8 25. Kg2 g4 26. Ne3 gxh3+ 27. Kh2 Qd7 28. Nf5 Raf8 29. Kxh3 Rxf5 30. exf5 Rxf5 31. Kg2 Qf7 32. Ra4 e4 33. Rxe4 Bd4 34. Re8+ Kg7 35. Re7 Rxf2+ 36. Rxf2 Qxe7 37. Re2 Qg5 38. Qe4 Be5 39. Qe3 Qg6 40. Qb3 h4 41. Rxe5 dxe5 42. Qxb7+ Kh6 43. Qc6 hxg3 44. Qxg6+ Kxg6 45. Kxg3 Kf5 46. Kf3 e4+ 47. Ke3 Ke5 48. d6 Kxd6 49. Kxe4 Kc6 50. Ke5 Kb5 51. Kd5 c4 52. Kd4 Kb4 53. Kd5 Kb5 54. Kd4 Kb4 55. Kd5 Kb5,d4,e6,c4,c5,d5,exd5,cxd5,d6,Nc3,a6,a4,g6,e4,Bg7,h3,Nd7,Nf3,Ne5,Bf4,Nxf3+
"Jumabayev,R",chess.com INT,0.5,Horwitz Defense,1. d4 e6 2. c4 c5 3. d5 exd5 4. cxd5 d6 5. Nc3 a6 6. a4 g6 7. Bf4 Nf6 8. h3 Bg7 9. e3 Qb6 10. Ra3 Nh5 11. Rb3 Qc7 12. Bh2 Nd7 13. Nf3 O-O 14. Ne4 Qa5+ 15. Nfd2 Nhf6 16. Nc3 Qc7 17. Nc4 Ne8 18. Be2 Ne5 19. Nb6 Rb8 20. O-O h5 21. Qd2 Qe7 22. Re1 Nc7 23. a5 Na8 24. f4 Nd7 25. Nc4 Re8 26. Bf1 b5 27. axb6 Ndxb6 28. Na5 Bd7 29. e4 Bd4+ 30. Kh1 Nc7 31. e5 Bxc3 32. bxc3 Ncxd5 33. f5 Bxf5 34. Nc6 Qh4 35. Nxb8 Rxb8 36. exd6 Rd8 37. c4 Nb4 38. Rbe3 Nc6 39. Re8+ Kh7 40. Rxd8 Qxd8 41. Qe3 Nd7 42. Qe8 Qf6 43. Qe3 a5 44. Qa3 Nd4 45. Qxa5 Qh4 46. Qc3 Be6 47. Bg3 Qg5 48. Qe3 Qd8 49. Bd3 Bf5 50. Rf1 Be6 51. Qe4 Nf5 52. Bh2 Nf6 53. Qe5 Nd7 54. Qe4 Qf8 55. g4 Nxd6 56. Qxe6 fxe6 57. Rxf8 Nxf8 58. Bxd6 Nd7 59. gxh5 Kh6 60. hxg6 e5 61. Bf5 Nf6 62. Bxe5 Nh5 63. g7 Nxg7 64. Bxg7+ Kxg7 65. Be4 Kf6 66. Bd5 Ke5 67. Kg2 Kd4 68. Kf3 Kc3 69. Kf4 Kb4 70. Ke5 Kc3 71. Kd6 Kd4 72. Kc6 Kc3 73. Kxc5 Kd3,d4,e6,c4,c5,d5,exd5,cxd5,d6,Nc3,a6,a4,g6,Bf4,Nf6,h3,Bg7,e3,Qb6,Ra3,Nh5
"Xu,Xiangyu",chess.com INT,1.0,Catalan Opening: Open Defense,1. d4 e6 2. c4 Nf6 3. g3 d5 4. Bg2 dxc4 5. Nf3 Bd7 6. Ne5 Bc6 7. Nxc6 Nxc6 8. O-O Qd7 9. e3 Nd5 10. Qe2 h5 11. Qxc4 h4 12. Nc3 O-O-O 13. Bd2 f5 14. Rac1 g5 15. e4 Nb6 16. Qd3 hxg3 17. fxg3 Bc5 18. Nb5 Bxd4+ 19. Nxd4 Qxd4+ 20. Qxd4 Nxd4 21. Rf2 g4 22. exf5 Nxf5 23. Bc3 Rh7 24. Re1 Rh6 25. Be4 Nd5 26. Bd2 Rh5 27. Bg2 Rd6 28. Re5 Kd7 29. Re4 Nf6 30. Ra4 Rb6 31. Bc3 Nd5 32. Bxd5 exd5 33. Rxg4 c5 34. Rg8 d4 35. g4 dxc3 36. bxc3 Rb1+ 37. Kg2 Ne3+ 38. Kf3 Rh3+ 39. Ke4 Re1 40. Rf7+ Ke6,d4,e6,c4,Nf6,g3,d5,Bg2,dxc4,Nf3,Bd7,Ne5,Bc6,Nxc6,Nxc6,O-O,Qd7,e3,Nd5,Qe2,h5
"Gupta,Ab",chess24.com INT,1.0,Catalan Opening: Open Defense,1. d4 Nf6 2. c4 e6 3. Nf3 d5 4. g3 dxc4 5. Bg2 Bd7 6. Nbd2 Bb5 7. Ne5 Qxd4 8. Bxb7 Qxe5 9. Bxa8 c6 10. O-O Nd5 11. Nf3 Qc7 12. a4 Ba6 13. e4 Nb4 14. Bf4 Qc8 15. Ne5 Be7 16. Qg4 O-O 17. Rfd1 c5 18. Rac1 Nd3 19. Rc2 Nd7 20. Nc6 Re8 21. Nxe7+ Rxe7 22. Bh6 f6 23. Bxg7 N7e5 24. Qh3 Kxg7 25. f4 Ng6 26. f5,d4,Nf6,c4,e6,Nf3,d5,g3,dxc4,Bg2,Bd7,Nbd2,Bb5,Ne5,Qxd4,Bxb7,Qxe5,Bxa8,c6,O-O,Nd5
"Nihal,Sarin",chess.com INT,0.0,Queen's Pawn Game: London System,1. d4 Nf6 2. Nf3 d5 3. Bf4 Bf5 4. e3 e6 5. Bd3 Bxd3 6. cxd3 Bd6 7. Bg3 O-O 8. Qb3 b6 9. O-O c5 10. Nc3 Nc6 11. dxc5 Bxg3 12. hxg3 bxc5 13. Rac1 Nd7 14. Qa3 Qa5 15. Qxa5 Nxa5 16. Na4 Rfc8 17. Rc2 Nb7 18. Rfc1 a5 19. Nd2 Rab8 20. Nb3 Kf8 21. g4 Ke7 22. Nbxc5 Nbxc5 23. Nxc5 Rxc5 24. Rxc5 Nxc5 25. Rxc5 Rxb2 26. Rxa5 Kf6 27. d4 g5 28. Ra7 h6 29. a4 Ra2 30. a5 Ra1+ 31. Kh2 Ra2 32. Kg3 Ra3 33. a6 Kg7 34. Ra8 Kh7 35. Kh2 Kg7 36. a7 Ra2 37. f3 Ra3 38. Kg1 Ra2 39. e4 Kf6 40. Kf1 Ke7 41. exd5 exd5 42. Ke1 Ra4 43. Ke2 Ra3 44. Kd2 Kf6 45. Kc2 Ke7 46. Kb2 Ra6 47. Kb3 Rb6+ 48. Ka4 Rb1 49. Ka5 Ra1+ 50. Kb6 Rb1+ 51. Kc5 Ra1 52. Kxd5 Ra5+ 53. Kc6 Ra6+ 54. Kb7,d4,Nf6,Nf3,d5,Bf4,Bf5,e3,e6,Bd3,Bxd3,cxd3,Bd6,Bg3,O-O,Qb3,b6,O-O,c5,Nc3,Nc6
"Nihal,Sarin",chess.com INT,0.5,Queen's Pawn Game: London System,1. d4 Nf6 2. Nf3 d5 3. Bf4 c5 4. e3 Nc6 5. Nbd2 Bg4 6. c3 e6 7. h3 Bxf3 8. Nxf3 Bd6 9. Bxd6 Qxd6 10. Qb3 O-O 11. Qa3 b6 12. Bb5 a6 13. Bxc6 Qxc6 14. Ne5 Qc7 15. O-O Rfc8 16. Rfd1 Nd7 17. Nxd7 Qxd7 18. e4 Qb7 19. exd5 Qxd5 20. dxc5 Qxc5 21. Qxc5 bxc5 22. Rd7 Rd8 23. Rad1 Rxd7 24. Rxd7 g6 25. Kf1 a5 26. Rb7 a4 27. Ke2 Kg7 28. Rb5 Kf6 29. Kd3 Rd8+ 30. Kc2 Rd5 31. Ra5 Re5 32. Kd2 Rd5+ 33. Ke2 Re5+ 34. Kf1 Rd5 35. Rxa4 Rd1+ 36. Ke2 Rb1 37. b3 Ke5 38. Ra7 f5 39. Kd3 Rb2 40. Ke3 f4+ 41. Kf3 Rc2 42. c4 Rc3+ 43. Ke2 Rc2+ 44. Kf3 Rc3+ 45. Ke2 Rc2+ 46. Ke1 Ke4 47. Rc7 Rxa2 48. Rxh7 Rb2 49. Rb7 g5 50. Rb6 e5 51. Rb7 Rb1+ 52. Ke2 Rb2+ 53. Ke1 Rb1+ 54. Ke2 Rb2+ 55. Ke1,d4,Nf6,Nf3,d5,Bf4,c5,e3,Nc6,Nbd2,Bg4,c3,e6,h3,Bxf3,Nxf3,Bd6,Bxd6,Qxd6,Qb3,O-O
"Nihal,Sarin",chess.com INT,0.0,Queen's Pawn Game: London System,1. d4 Nf6 2. Nf3 d5 3. Bf4 c5 4. e3 Nc6 5. Nbd2 Bg4 6. c3 e6 7. h3 Bxf3 8. Nxf3 Bd6 9. Bxd6 Qxd6 10. Be2 O-O 11. O-O e5 12. dxe5 Nxe5 13. Nxe5 Qxe5 14. Bf3 Rad8 15. Qa4 Qc7 16. Rfd1 Rd6 17. Rd2 Rfd8 18. Qf4 Qe7 19. Rad1 R6d7 20. c4 dxc4 21. Rxd7 Rxd7 22. Rxd7 Nxd7 23. Qc7 g6 24. Bg4 f5 25. Bf3 Kf8 26. Qxb7 Ne5 27. Qb8+ Kg7 28. Bd5 g5 29. Qg8+ Kh6 30. Bxc4 f4 31. exf4 gxf4 32. Be6 Qf6 33. Qc8 f3 34. Bd5 fxg2 35. Qxc5 Qg5 36. Qe3 Qxe3 37. fxe3 Nd3 38. Kxg2 Nxb2 39. Kf3 Kg5 40. Ke4 Kf6 41. Kd4 Nd1 42. Bf3 Nf2 43. Bg2 Ke6 44. e4 h5 45. h4 Ke7 46. Bf3 Nh3 47. Bxh5 Nf4 48. Bg4 Ng6 49. h5 Nf8 50. e5,d4,Nf6,Nf3,d5,Bf4,c5,e3,Nc6,Nbd2,Bg4,c3,e6,h3,Bxf3,Nxf3,Bd6,Bxd6,Qxd6,Be2,O-O
"Le,Quang Liem",chess24.com INT,0.5,Catalan Opening: Open Defense,1. d4 Nf6 2. c4 e6 3. Nf3 d5 4. g3 dxc4 5. Bg2 a6 6. O-O Nc6 7. Be3 Rb8 8. Qc1 b5 9. b3 Nd5 10. bxc4 Nxe3 11. Qxe3 bxc4 12. Rc1 Be7 13. Nbd2 O-O 14. Nxc4 Bb7 15. a3 Bf6 16. Rd1 Ne7 17. Rac1 Nf5 18. Qd3 Bxf3 19. Qxf3 Nxd4 20. Qg4 Rb5 21. Kf1 h5 22. Qe4 Rd5 23. Qd3 Nf3 24. Qc2 Rxd1+ 25. Rxd1 Nd4 26. Qa4 Qb8 27. Qxa6 Qb3 28. Ne3 Nf5 29. Rd3 Nxe3+ 30. fxe3 Qb2 31. a4 Qc1+ 32. Kf2 c5 33. a5 c4 34. Rd7 Bc3 35. Bf3 Be1+ 36. Kg2 c3 37. Rc7 c2 38. Qd3 Qa1 39. Qxc2 Qxa5 40. Rc5 Qa3 41. Qc1 Qxc1 42. Rxc1 Bd2 43. Ra1 g6 44. Ra8 Rxa8 45. Bxa8 Bxe3 46. Kf3 Bc5 47. e4 Kg7 48. h3 Kf6 49. Bc6 g5 50. g4 h4 51. Ba4 Ke5 52. Be8 f6 53. Bd7 Bd4 54. Bc8 Bc5 55. Bd7 Bd4 56. Bc8 Bc5 57. Bd7,d4,Nf6,c4,e6,Nf3,d5,g3,dxc4,Bg2,a6,O-O,Nc6,Be3,Rb8,Qc1,b5,b3,Nd5,bxc4,Nxe3
"Caruana,F",chess.com INT,1.0,Modern Defense: Standard Defense,1. d4 d6 2. e4 g6 3. Nc3 Bg7 4. Be3 a6 5. g4 b5 6. h4 Nf6 7. f3 h5 8. g5 Nfd7 9. a4 b4 10. Nce2 c5 11. Qd2 Nc6 12. Bg2 Qc7 13. f4 Nb6 14. b3 Bg4 15. Nf3 Rc8 16. O-O Bxf3 17. Bxf3 cxd4 18. Nxd4 Nxd4 19. Bxd4 Bxd4+ 20. Qxd4 Qc5 21. Qxc5 Rxc5 22. a5 Nd7 23. Be2 O-O 24. Bxa6 Ra8 25. Bc4 Rcxa5 26. Rad1 Nb6 27. Bd3 Kg7 28. Kf2 d5 29. Ke3 Rd8 30. f5 d4+ 31. Ke2 Nd7 32. Bc4 Ne5 33. f6+ exf6 34. gxf6+ Kh6 35. Bd5 Ra2 36. Rxd4 Rxc2+ 37. Rd2 Rc3 38. Rd4 Rxb3 39. Bxb3 Rxd4 40. Bd5 b3 41. Rb1 Rb4 42. Rxb3 Rxb3 43. Bxb3 g5 44. hxg5+ Kxg5 45. Ke3 Kxf6 46. Kf4 Ng6+ 47. Kg3 Kg7 48. Ba2 f6 49. Be6 Kh6 50. Bc8 Kg5 51. Bd7 h4+ 52. Kh3 Nf4+ 53. Kh2 Nd3 54. Kh3 Nf2+ 55. Kg2 Nxe4 56. Kf3 f5 57. Kg2 Kg4 58. Bc8 h3+ 59. Kh2 Ng5 60. Bd7 Kf4 61. Bc8 Ke4 62. Bb7+ Ke3 63. Kg3 f4+ 64. Kh2 f3 65. Ba6 f2 66. Bf1 Kd2 67. Kg3 Ke1,d4,d6,e4,g6,Nc3,Bg7,Be3,a6,g4,b5,h4,Nf6,f3,h5,g5,Nfd7,a4,b4,Nce2,c5
"Tang,Andrew",Almaty KAZ,0.0,Queen's Pawn Game: London System,1. d4 e6 2. Bf4 Nf6 3. e3 c5 4. Nf3 Nc6 5. Nbd2 d5 6. c3 cxd4 7. exd4 Nh5 8. Be3 Bd6 9. Ne5 g6 10. g4 Ng7 11. h4 h5 12. Bg5 Be7 13. Bb5 Bd7 14. Bxc6 Bxc6 15. Qf3 f6 16. Nxg6 hxg4 17. Qxg4 Rh7 18. Bf4 Bd6 19. O-O-O Qc7 20. Bxd6 Qxd6 21. Ne5 O-O-O 22. Nf7 Qe7 23. Nxd8 Kxd8 24. h5 Nf5 25. Rde1 Be8 26. Qf4 Kd7 27. h6 Qd6 28. Qg4 Qf8 29. Rxe6 Kxe6 30. Re1+ Kd6 31. Qf4+ Kc6 32. Qxf5 Rxh6 33. Re6+ Kc7 34. Qxd5 Bc6 35. Qf5 Qg7 36. Qf4+ Kc8 37. Re1 Bd7 38. Ne4 Rg6 39. Nd6+ Kd8 40. Nxb7+ Kc8 41. Nd6+ Kd8 42. Qe4 f5 43. Qa8+ Kc7 44. Qxa7+,d4,e6,Bf4,Nf6,e3,c5,Nf3,Nc6,Nbd2,d5,c3,cxd4,exd4,Nh5,Be3,Bd6,Ne5,g6,g4,Ng7
"Pichot,A",chess.com INT,1.0,Modern Defense: Standard Defense,1. e4 d6 2. d4 g6 3. Nc3 Bg7 4. Be3 a6 5. Qd2 b5 6. h4 h6 7. a4 b4 8. Nd5 a5 9. c3 e6 10. Nf4 bxc3 11. bxc3 Nf6 12. f3 O-O 13. Nd3 h5 14. Bg5 Qe8 15. Nh3 Nbd7 16. Bh6 Nb6 17. Qg5 Nh7 18. Qc1 e5 19. Bxg7 Kxg7 20. Ng5 Nxg5 21. hxg5 Nxa4 22. Be2 Nb6 23. O-O a4 24. dxe5 dxe5 25. c4 Ba6 26. Nc5 Bc8 27. Qc3 Qe7 28. Nd3 Qxg5 29. f4 Qe7 30. Nxe5 f6 31. Nd3 Ba6 32. Nb4 Qc5+ 33. Kh1 Bb7 34. e5 Rae8 35. Nd3 Qxc4 36. Qxc4 Nxc4 37. Rfc1 Ne3 38. Rxc7+ Rf7 39. Rxf7+ Kxf7 40. Rxa4 Bxg2+ 41. Kg1 Bh3 42. Ra7+ Re7 43. Ra6 Be6 44. Nc5 fxe5 45. fxe5 Bd5 46. Bd3 Rxe5 47. Bxg6+ Kg7 48. Kf2 Ng4+ 49. Kg3 Rg5 50. Be4 Nf6+ 51. Kf4 Rg4+ 52. Kf5 Bxe4+ 53. Nxe4 Nxe4 54. Ra7+ Kf8 55. Ra8+ Ke7 56. Ra7+ Kd6 57. Ra6+ Kc5 58. Rh6 Ng3+ 59. Ke5 h4 60. Rh8 Kc4 61. Rh7 Kd3 62. Ra7 Re4+ 63. Kd5 Ke3 64. Ra3+ Kf4 65. Ra8 Kf3 66. Rf8+ Rf4 67. Rh8 Kg4 68. Ke5 Rf5+ 69. Kd4 h3 70. Ke3 h2,e4,d6,d4,g6,Nc3,Bg7,Be3,a6,Qd2,b5,h4,h6,a4,b4,Nd5,a5,c3,e6,Nf4,bxc3
"Maximov,D",chess.com INT,1.0,Modern Defense: Standard Defense,1. e4 d6 2. d4 g6 3. Nc3 Bg7 4. Be3 c6 5. Qd2 b5 6. f3 Nd7 7. h4 h6 8. Nh3 Nb6 9. Nf2 b4 10. Ncd1 a5 11. Bd3 Nf6 12. c4 bxc3 13. Nxc3 Ba6 14. Bxa6 Rxa6 15. Qe2 Ra7 16. Rc1 Nh5 17. Rh3 e5 18. d5 c5 19. Nb5 Rb7 20. g4 Nf4 21. Bxf4 exf4 22. Nd3 O-O 23. Kf1 Re8 24. Nxf4 Qf6 25. Qd2 Na4 26. b3 Rxb5 27. bxa4 Rb2 28. Qe3 Rxa2 29. g5 hxg5 30. hxg5 Qxg5 31. Re1 Bd4,e4,d6,d4,g6,Nc3,Bg7,Be3,c6,Qd2,b5,f3,Nd7,h4,h6,Nh3,Nb6,Nf2,b4,Ncd1,a5
"Skvortsov,Andrei",chess.com INT,1.0,Modern Defense: Standard Defense,1. e4 d6 2. d4 g6 3. Nc3 Bg7 4. Be3 a6 5. Qd2 Nd7 6. h3 b5 7. a3 Bb7 8. Nge2 Ngf6 9. Ng3 c5 10. dxc5 dxc5 11. f3 O-O 12. Bh6 Qc7 13. Bf4 Ne5 14. O-O-O b4 15. Nb1 Rfd8 16. Qe3 Rxd1+ 17. Kxd1 Rd8+ 18. Kc1 a5 19. Bb5 Ne8 20. Bxe8 Rxe8 21. Rd1 Nc4 22. Bxc7 Bxb2#,e4,d6,d4,g6,Nc3,Bg7,Be3,a6,Qd2,Nd7,h3,b5,a3,Bb7,Nge2,Ngf6,Ng3,c5,dxc5,dxc5
"Schmakel,Sam",chess.com INT,1.0,Modern Defense: Standard Defense,1. d4 d6 2. e4 g6 3. Nc3 Bg7 4. Be3 a6 5. Qd2 b5 6. O-O-O Nd7 7. f3 Nb6 8. h4 b4 9. Nb1 a5 10. h5 e6 11. g4 h6 12. hxg6 fxg6 13. Bd3 Kf7 14. Ne2 c5 15. dxc5 Na4 16. Bd4 Bxd4 17. Nxd4 Qf6 18. e5 dxe5 19. Bb5 exd4 20. Bxa4 e5 21. g5 hxg5 22. Rxh8 Qxh8 23. Qxg5 Qf6 24. Bb3+ Kg7 25. Rg1 Qxg5+ 26. Rxg5 Bf5 27. Nd2 Nf6 28. Nc4 a4 29. Nxe5 axb3 30. axb3 Ra5 31. Kd2 Rxc5 32. Nc4 Rc7 33. Rg1 Nd5 34. c3 dxc3+,d4,d6,e4,g6,Nc3,Bg7,Be3,a6,Qd2,b5,O-O-O,Nd7,f3,Nb6,h4,b4,Nb1,a5,h5,e6
"Vega,L",chess.com INT,1.0,Modern Defense: Standard Defense,1. e4 g6 2. d4 Bg7 3. Nc3 d6 4. Be3 a6 5. Qd2 b5 6. a3 Nd7 7. Nf3 Bb7 8. d5 Ngf6 9. h3 c6 10. Bh6 O-O 11. Bxg7 Kxg7 12. dxc6 Bxc6 13. Bd3 Nc5 14. Qe2 Qb6 15. O-O e5 16. Rfd1 b4 17. axb4 Qxb4 18. Ra2 Ncxe4 19. Bxe4 Bxe4 20. Nxe4 Qxe4 21. Qxe4 Nxe4 22. Rda1 Rfc8 23. c3 Rab8 24. Rxa6 Rxb2 25. Ra7 Rxf2 26. Re1 Rxf3 27. gxf3 Ng5 28. Kf2 Rxc3 29. Rb1 Rxf3+ 30. Kg2 Rxh3 31. Rbb7 Rd3 32. Rd7 Kf6 33. Ra6 Ke6 34. Rd8 h5 35. Re8+ Kf5 36. Re7 h4 37. Ra2 Kg4 38. Rea7 h3+ 39. Kh2 Nf3+ 40. Kh1 Rd1#,e4,g6,d4,Bg7,Nc3,d6,Be3,a6,Qd2,b5,a3,Nd7,Nf3,Bb7,d5,Ngf6,h3,c6,Bh6,O-O
"Movahed,Sina",chess.com INT,1.0,Modern Defense: Standard Defense,1. e4 d6 2. d4 g6 3. Nc3 Bg7 4. Be3 a6 5. h4 h6 6. Qd2 b5 7. O-O-O Nd7 8. f4 Nb6 9. e5 h5 10. Nf3 d5 11. Kb1 Nh6 12. Qe1 Ng4 13. Bc1 Bf5 14. Bd3 e6 15. Bxf5 gxf5 16. Ne2 a5 17. Qf1 b4 18. Ne1 Qd7 19. Nd3 Bf8 20. Nc5 Qc6 21. Qg1 a4 22. Bd2 Qb5 23. Nc1 Bxc5 24. dxc5 Nc4 25. Rh3 Kd7 26. b3 axb3 27. Rxb3 Ra4 28. Qd4 Rha8 29. Be1 Kc8 30. Rdd3 Qa5 31. c3 Rxa2 32. cxb4 Ra1+ 33. Kc2 Qa2+ 34. Kd1 Qxg2 35. b5 R8a2,e4,d6,d4,g6,Nc3,Bg7,Be3,a6,h4,h6,Qd2,b5,O-O-O,Nd7,f4,Nb6,e5,h5,Nf3,d5
"Kollars,Dmitrij",chess.com INT,1.0,Modern Defense: Standard Defense,1. e4 d6 2. d4 g6 3. Nc3 Bg7 4. Be3 a6 5. h4 Nf6 6. h5 Nxh5 7. Rxh5 gxh5 8. Qxh5 e6 9. Nf3 b5 10. O-O-O Nd7 11. e5 Bb7 12. d5 Nxe5 13. dxe6 Qe7 14. Nd4 O-O 15. f4 fxe6 16. fxe5 Bxe5 17. Bd3 Rf7 18. Ne4 c5 19. Nf3 Rf5 20. Qg4+ Qg7 21. Nxe5 Rxe5 22. Nf6+ Kf7 23. Bf4 Qxf6 24. Bxe5 Qxe5 25. Rf1+ Ke8 26. Qg8+ Kd7 27. Qxh7+ Kc6 28. Be4+ d5 29. Bg6 Rh8 30. Qe7 Qd6 31. Be8+ Rxe8 32. Qxe8+ Kb6 33. Qf7 d4 34. g4 Bg2 35. Qf4 Qd8 36. Rg1 Bd5 37. g5 c4 38. g6 e5 39. Qxe5 Bg8 40. Qf5 c3 41. Qf2 Ka5 42. a3 Qd5 43. Qf6 cxb2+ 44. Kd2 Qc5 45. Qd8+ Ka4,e4,d6,d4,g6,Nc3,Bg7,Be3,a6,h4,Nf6,h5,Nxh5,Rxh5,gxh5,Qxh5,e6,Nf3,b5,O-O-O,Nd7
"Gelfand,B",Malmo SWE,1.0,Catalan Opening: Open Defense,1. d4 Nf6 2. c4 e6 3. Nf3 d5 4. g3 dxc4 5. Bg2 Nbd7 6. O-O c6 7. a4 b6 8. Nfd2 Ba6 9. Bxc6 Rc8 10. Bb5 Bb7 11. Nc3 h5 12. e4 h4 13. g4 Bb4 14. Qe2 O-O 15. Bxc4 Nb8 16. g5 Ne8 17. Qe3 Nc6 18. d5 Ne5 19. Ba2 exd5 20. Nxd5 Rxc1 21. Nxb4 Rxa1 22. Rxa1 Qxd2 23. Qxd2 Nf3+ 24. Kg2 Nxd2 25. f3 a5 26. Nd5 Bxd5 27. Bxd5 Nc7 28. Ba2 Ne6 29. g6 Rc8 30. Kf2 Kf8 31. Rd1 Nc4 32. gxf7 Kxf7 33. Rc1 Nd6 34. Rxc8 Nxc8 35. e5 Ne7 36. Ke3 Nf5+ 37. Ke4 g6 38. Kd5 Ned4 39. Ke4+ Ke7 40. Bb1 Ne6 41. Bc2 h3,d4,Nf6,c4,e6,Nf3,d5,g3,dxc4,Bg2,Nbd7,O-O,c6,a4,b6,Nfd2,Ba6,Bxc6,Rc8,Bb5,Bb7
"Nurmanova,Alua",chess.com INT,1.0,Modern Defense: Standard Defense,1. e4 d6 2. d4 g6 3. Nc3 Bg7 4. Be3 a6 5. Nf3 b5 6. Bd3 Nd7 7. a4 b4 8. Ne2 Ngf6 9. Ng3 Bb7 10. O-O h5 11. h4 Ng4 12. Bd2 c5 13. c3 O-O 14. a5 e6 15. Qb3 d5 16. e5 Bc6 17. Be2 Bb5 18. Bxb5 axb5 19. Bg5 Qc7 20. cxb4 cxd4 21. Rac1 Qa7 22. Ne2 Ndxe5 23. Nfxd4 Nc4 24. Rcd1 Qb8 25. Bf4 e5 26. Bg3 Qe8 27. Nc2 d4 28. Rfe1 Qc6 29. Qa2 Rac8 30. b3 Nd6 31. Na3 Nf5 32. Rc1 Qd5 33. Red1 e4 34. Nc3 Qe6 35. Ncxb5 Nxg3 36. fxg3 d3 37. Rxc8 Rxc8 38. Nc4 e3 39. a6 d2 40. a7 e2 41. Qxd2 exd1=Q+ 42. Qxd1 Re8 43. Qf1 Qe1 44. Ncd6 Qe3+ 45. Kh1 Qxg3,e4,d6,d4,g6,Nc3,Bg7,Be3,a6,Nf3,b5,Bd3,Nd7,a4,b4,Ne2,Ngf6,Ng3,Bb7,O-O,h5
"Yeletsky,Ivan",chess.com INT,0.0,Modern Defense: Standard Defense,1. e4 d6 2. d4 g6 3. Nc3 Bg7 4. Be3 a6 5. g4 b5 6. Bg2 Bb7 7. h4 b4 8. Nd5 Nf6 9. h5 Nbd7 10. h6 Bf8 11. c4 e6 12. Nxf6+ Nxf6 13. Qa4+ Qd7 14. Qxb4 Rb8 15. g5 Nxe4 16. d5 Nc5 17. Qc3 Rg8 18. O-O-O Be7 19. Bxc5 dxc5 20. dxe6 Qxe6 21. Bxb7 Bxg5+ 22. Kb1 Rxb7 23. Nf3 Bf6 24. Qd3 Rxb2+ 25. Kc1 Kf8 26. Rhe1 Qc8 27. Qe3 Rh8 28. Qxc5+ Kg8 29. Qc6 Qf8 30. Re8,e4,d6,d4,g6,Nc3,Bg7,Be3,a6,g4,b5,Bg2,Bb7,h4,b4,Nd5,Nf6,h5,Nbd7,h6,Bf8
"Akhmedinov,Satbek",Almaty KAZ,1.0,Modern Defense: Standard Defense,1. e4 d6 2. d4 g6 3. Nc3 Bg7 4. Be3 a6 5. Qd2 b5 6. O-O-O Nd7 7. g4 Nb6 8. g5 Bb7 9. d5 b4 10. Nb1 a5 11. Bb5+ Kf8 12. Ne2 Qc8 13. Bd4 e5 14. dxe6 Qxe6 15. Bxb6 cxb6 16. Qxd6+ Qxd6 17. Rxd6 Be5 18. Rd7 Bxe4 19. Rhd1 Bf3 20. Nd2 Bg4 21. Rb7,e4,d6,d4,g6,Nc3,Bg7,Be3,a6,Qd2,b5,O-O-O,Nd7,g4,Nb6,g5,Bb7,d5,b4,Nb1,a5
"Matlakov,M",chess.com INT,0.5,Catalan Opening: Open Defense,1. Nf3 d5 2. d4 Nf6 3. c4 e6 4. g3 dxc4 5. Bg2 Bd7 6. O-O Bc6 7. Qc2 b5 8. b3 cxb3 9. axb3 Bb4 10. Bd2 Bxd2 11. Nbxd2 O-O 12. Rfc1 a5 13. e3 Ra6 14. Ne5 Bxg2 15. Kxg2 c6 16. Kg1 Qb6 17. Ne4 Nd5 18. h4 h6 19. g4 Ra7 20. g5 f6 21. Ng6 Re8 22. gxf6 gxf6 23. Kh1 Rg7 24. Rg1 Qd8 25. Rg2 f5 26. Nc5 Nf6 27. f3 Kh7 28. Rag1 Nh5 29. Nf8+ Kh8 30. Ng6+ Kh7 31. Nf8+ Kh8 32. Rxg7 Qxh4+ 33. Kg2 Kxg7 34. Ncxe6+ Kf6 35. Kf1 Qh3+ 36. Ke1 Qxf3 37. Qh2 Qxe3+ 38. Kd1 Qxb3+ 39. Kc1 Qc3+ 40. Kb1 Qb3+ 41. Ka1 Qa3+ 42. Kb1 Qb4+ 43. Ka1 Qa3+ 44. Kb1 Qd3+ 45. Ka1 Qc3+ 46. Kb1 Qb3+ 47. Ka1 Qa3+,Nf3,d5,d4,Nf6,c4,e6,g3,dxc4,Bg2,Bd7,O-O,Bc6,Qc2,b5,b3,cxb3,axb3,Bb4,Bd2,Bxd2
"Wafa,Hamed",chess.com INT,1.0,Modern Defense: Standard Defense,1. e4 d6 2. d4 g6 3. Nc3 Bg7 4. Be3 a6 5. h4 Nf6 6. f3 Nbd7 7. Qd2 b5 8. Bh6 Bxh6 9. Qxh6 b4 10. Nce2 c6 11. O-O-O Qa5 12. Kb1 Nb6 13. Nc1 Be6 14. Nb3 Bxb3 15. axb3 O-O-O 16. Qd2 c5 17. d5 Kb7 18. Nh3 Rc8 19. Bc4 Nfd7 20. Ng5 Ne5 21. Qe2 h6 22. Nh3 Ka7 23. f4 Nexc4 24. bxc4 Na4 25. Qd3 Nc3+ 26. Kc1 Nxd1 27. Rxd1 Qa1+ 28. Kd2 Qxb2 29. Nf2 g5 30. e5 gxf4 31. exd6 exd6 32. Ne4 Rcd8 33. Rf1 Qe5 34. Nf2 Rhg8 35. Rg1 Rg3,e4,d6,d4,g6,Nc3,Bg7,Be3,a6,h4,Nf6,f3,Nbd7,Qd2,b5,Bh6,Bxh6,Qxh6,b4,Nce2,c6
Le Tuan Minh,chess.com INT,0.0,Horwitz Defense,1. d4 e6 2. Nf3 c5 3. c3 Nf6 4. Bf4 Qb6 5. Qc2 cxd4 6. cxd4 Nc6 7. e3 Nd5 8. Bg3 Ndb4 9. Qd2 Be7 10. a3 Nd5 11. e4 Nf6 12. Nc3 Na5 13. Rd1 d5 14. e5 Ne4 15. Qc2 Bd7 16. Bd3 Rc8 17. Bxe4 dxe4 18. Qxe4 Qxb2 19. Ne2 Bb5 20. Nd2 Bc6 21. Qg4 O-O 22. Bf4 Rfd8 23. O-O Ba4 24. Bh6 Bf8 25. Ng3 Bxd1 26. Rxd1 Rxd4 27. Nge4 Rc1 28. Be3 Rd8 29. h4 Rxd1+ 30. Qxd1 Qc2 31. Qxc2,d4,e6,Nf3,c5,c3,Nf6,Bf4,Qb6,Qc2,cxd4,cxd4,Nc6,e3,Nd5,Bg3,Ndb4,Qd2,Be7,a3,Nd5
Le Tuan Minh,chess.com INT,1.0,Horwitz Defense,1. d4 e6 2. Nf3 c5 3. e3 Nf6 4. Bd3 d5 5. O-O Nbd7 6. c3 Be7 7. Nbd2 O-O 8. Qe2 Qc7 9. e4 dxe4 10. Nxe4 Nxe4 11. Qxe4 Nf6 12. Qh4 c4 13. Bc2 g6 14. Bg5 Nd5 15. Rfe1 b6 16. Be4 f6 17. Bxd5 fxg5 18. Qe4 exd5 19. Qxd5+ Kg7 20. Qxa8 Bb7 21. Qxa7 Bd6 22. Qa4 Rxf3 23. gxf3 Bxh2+ 24. Kf1 Bxf3 25. Qe8 Qf4 26. Qe5+ Kh6 27. Qxf4 Bxf4 28. a4 Kh5 29. a5 bxa5 30. Rxa5 Kg4 31. Re7 h5 32. Rg7 Be4 33. d5 h4 34. Rh7 Kf3 35. Rf7 h3 36. Rh7 g4 37. d6 Bxd6 38. Rf7+ Bf4 39. Rh7 g5 40. Rh6 Bd3+ 41. Ke1 Kg2 42. Ra8 h2 43. Rah8 g3 44. fxg3 Bxg3+ 45. Kd2 g4 46. Ke3 Be5 47. Rxh2+ Bxh2 48. Rg8 Bg1+ 49. Kf4 Be2 50. Rxg4+ Bxg4 51. Kxg4 Kf2 52. Kf4 Ke2 53. Ke4 Kd2 54. Kd5 Kd3 55. Kc6 Be3 56. Kb5 Bc1 57. b4 cxb3,d4,e6,Nf3,c5,e3,Nf6,Bd3,d5,O-O,Nbd7,c3,Be7,Nbd2,O-O,Qe2,Qc7,e4,dxe4,Nxe4,Nxe4
"Fressinet,L",chess.com INT,1.0,Modern Defense: Standard Defense,1. d4 g6 2. e4 Bg7 3. Nc3 d6 4. Be3 a6 5. h4 Nf6 6. h5 Nxh5 7. Rxh5 gxh5 8. Qxh5 e6 9. Nf3 Nd7 10. O-O-O Qe7 11. e5 d5 12. Bg5 Qf8 13. Bd3 h6 14. Bh4 c6 15. Ne2 Nb6 16. c3 Kd7 17. Bf6 Kc7 18. Qh4 Bxf6 19. exf6 Nd7 20. Nf4 h5 21. Ne5 Nxe5 22. dxe5 Bd7 23. g3 Qc5 24. Rd2 d4 25. c4 Qxe5 26. Re2 Qc5 27. Bc2 Qxc4 28. Nd3 e5 29. Rxe5 Rae8 30. Qf4 Kc8 31. Rc5 Qxa2 32. Ne5 h4 33. Qxd4 Qa1+ 34. Kd2 Rd8 35. Kc3 Qe1+ 36. Qd2 Qxd2+ 37. Kxd2 h3,d4,g6,e4,Bg7,Nc3,d6,Be3,a6,h4,Nf6,h5,Nxh5,Rxh5,gxh5,Qxh5,e6,Nf3,Nd7,O-O-O,Qe7
"Gukesh,D",Dusseldorf GER,0.5,Catalan Opening: Open Defense,1. d4 Nf6 2. c4 e6 3. g3 d5 4. Bg2 dxc4 5. Nf3 Nbd7 6. O-O c6 7. a4 a5 8. Bg5 Be7 9. Na3 Nb6 10. Qc2 h6 11. Bxf6 Bxf6 12. Nxc4 O-O 13. e3 Nd5 14. Nfe5 Qc7 15. Rac1 b6 16. Qb3 Ba6 17. Rfd1 Rab8 18. Nd3 c5 19. e4 Nb4 20. Nxb4 axb4 21. e5 Be7 22. Nd6 Rfd8 23. Nb5 Bxb5 24. axb5 Rbc8 25. Qa2 Qb8 26. d5 Qxe5 27. Re1 Qf6 28. Qc4 exd5 29. Bxd5 Bd6 30. b3 Re8 31. Kg2 Re5 32. Rcd1 Rc7 33. Rxe5 Bxe5 34. Rd3 g6 35. Rf3 Qg7 36. Qg4 Kh7 37. Qc4 f5 38. Re3 Re7 39. Qe2 Qf6 40. f4 Bd6 41. Rxe7+ Qxe7 42. Qxe7+,d4,Nf6,c4,e6,g3,d5,Bg2,dxc4,Nf3,Nbd7,O-O,c6,a4,a5,Bg5,Be7,Na3,Nb6,Qc2,h6
"Ostrovskiy,Al",chess.com INT,1.0,Modern Defense: Standard Defense,1. e4 d6 2. d4 g6 3. Nc3 Bg7 4. Be3 a6 5. h4 Nf6 6. f3 b5 7. Qd2 Nbd7 8. a4 b4 9. Nd1 a5 10. c3 c5 11. Bb5 O-O 12. Ne2 cxd4 13. cxd4 Nb6 14. Nf2 Bd7 15. Bxd7 Qxd7 16. b3 Rfc8 17. O-O d5 18. e5 Ne8 19. Rac1 Nc7 20. Nd3 Ne6 21. Nef4 Nxf4 22. Bxf4 h5 23. Nc5 Qf5 24. e6 fxe6 25. Rce1 Rc6 26. Be5 Bf6 27. Qh6 Ra7 28. Kh1 Nd7 29. Nxd7 Rxd7 30. g4 hxg4 31. fxg4 Qxg4 32. Rg1 Qh3+ 33. Bh2 Qf3+ 34. Rg2 g5 35. hxg5 Bg7 36. Qg6 Qf7 37. Qd3 Rc3 38. Qb5 Rd8 39. Rf1 Qg6 40. Qxa5 Rf8 41. Rfg1 Rxb3 42. Qc5 Rd3 43. Qxe7 Bxd4 44. Rb1 Rh3,e4,d6,d4,g6,Nc3,Bg7,Be3,a6,h4,Nf6,f3,b5,Qd2,Nbd7,a4,b4,Nd1,a5,c3,c5
"Lobanov,Sergei",chess.com INT,0.0,Horwitz Defense,1. d4 e6 2. c4 c5 3. d5 exd5 4. cxd5 d6 5. Nc3 g6 6. e4 Bg7 7. Nf3 a6 8. a4 Bg4 9. Be2 Bxf3 10. Bxf3 Nd7 11. O-O Ne7 12. Be2 O-O 13. Bg5 h6 14. Bf4 Ne5 15. Qd2 g5 16. Bg3 f5 17. f4 gxf4 18. Bxf4 fxe4 19. Nxe4 Nf5 20. Kh1 Qh4 21. g3 Qe7 22. Rae1 Qd7 23. Bh5 Nd4 24. Bxe5 dxe5 25. d6 Qc6 26. Qg2 c4 27. h4 Rxf1+ 28. Rxf1 Rf8 29. Rxf8+ Bxf8 30. Be8 Qb6 31. Qf2 Bg7 32. Qf7+ Kh8 33. Nf6,d4,e6,c4,c5,d5,exd5,cxd5,d6,Nc3,g6,e4,Bg7,Nf3,a6,a4,Bg4,Be2,Bxf3,Bxf3,Nd7
"Rustemov,A",chess.com INT,1.0,Horwitz Defense,1. d4 e6 2. c4 c5 3. d5 exd5 4. cxd5 d6 5. Nc3 a6 6. a4 g6 7. e4 Bg7 8. h3 Ne7 9. Nf3 O-O 10. Bd3 f5 11. exf5 Nxf5 12. O-O Nd7 13. Bg5 Qb6 14. Qd2 Ne5 15. Nxe5 Bxe5 16. Rae1 Nd4 17. Rxe5 dxe5 18. Be7 Bxh3 19. Bxf8 Rxf8 20. Qe3 Bf5 21. Bxf5 Rxf5 22. Ne4 Qxb2 23. Ng3 Rf7 24. Ne4 Rf4 25. Ng3 c4 26. d6 Rf7 27. Ne4 Nf5 28. Qc5 Qd4 29. Qc8+ Kg7 30. Ng5 Nxd6 31. Qe6 c3 32. Qh3 Kg8 33. Nxf7 Kxf7 34. Rc1 Ne4 35. Qxh7+ Kf6 36. Qh4+ Ke6 37. Qg4+ Kd5 38. Qf3 b5 39. g3 Kc4 40. Rd1 Qxf2+ 41. Qxf2 Nxf2 42. Kxf2 b4 43. Ke3 b3 44. Rd8 b2 45. Rc8+ Kd5 46. Rb8 c2,d4,e6,c4,c5,d5,exd5,cxd5,d6,Nc3,a6,a4,g6,e4,Bg7,h3,Ne7,Nf3,O-O,Bd3,f5
Le Tuan Minh,chess.com INT,1.0,Horwitz Defense,1. d4 e6 2. Nf3 c5 3. c3 Nc6 4. Bf4 cxd4 5. cxd4 Qb6 6. Qd2 Nf6 7. Nc3 Bb4 8. e3 Ne4 9. Qc2 Qa5 10. Nd2 Nxc3 11. bxc3 Bxc3 12. Rc1 Bb4 13. Bd3 d5 14. Ke2 Bd7 15. Nb3 Qa4 16. Nc5 Qxc2+ 17. Rxc2 Bxc5 18. Rxc5 Ke7 19. a3 Rhc8 20. Rhc1 b6 21. R5c3 Na5 22. Rc7 Nc4 23. Bxc4 Rxc7 24. Bxc7 dxc4 25. e4 Rc8 26. Bf4 c3 27. d5 exd5 28. exd5 Bf5 29. Be5 c2 30. Bxg7 Rg8 31. Be5 Rxg2 32. Bg3 Be4 33. d6+ Kd7 34. Kd2 f5 35. Ke3 h5 36. h4 b5 37. Bf4 a5 38. Bg3 b4 39. axb4 axb4 40. Kd4 b3 41. Kc3 f4 42. Bxf4 Rxf2 43. Bg5 Rf3+ 44. Kb2 Kxd6 45. Re1 Kd5 46. Rg1 Kc4 47. Re1 Bd5 48. Bc1 Rf6,d4,e6,Nf3,c5,c3,Nc6,Bf4,cxd4,cxd4,Qb6,Qd2,Nf6,Nc3,Bb4,e3,Ne4,Qc2,Qa5,Nd2,Nxc3
"Bortnyk,Olexandr",chess.com INT,0.5,Horwitz Defense,1. d4 e6 2. g3 c5 3. c3 Nc6 4. Bg2 d5 5. Nf3 Nf6 6. O-O Be7 7. Re1 O-O 8. a3 b6 9. b4 Bb7 10. Bf4 Rc8 11. Nbd2 cxd4 12. cxd4 Ne4 13. Qb3 g5 14. Be3 g4 15. Ne5 Nxd2 16. Bxd2 Nxd4 17. Qb2 Nc2 18. Nxg4 f6 19. Bh3 Nxa1 20. Rxa1 Kh8 21. Bh6 Rg8 22. Rd1 Rg6 23. Bf4 h5 24. Nh6 Qd7 25. Qb1 Kg7 26. Nf5+ exf5 27. Bxf5 Qe8 28. e4 Rd8 29. exd5 Bd6 30. Re1 Be5 31. Bxe5 fxe5 32. f4 Rxd5 33. Be4 Rd7 34. Bxg6 Qxg6 35. Qb2 Qf6 36. Rxe5 Kf7 37. Qb3+ Kf8 38. Qc2 Qd6 39. Qf5+ Rf7 40. Qxh5 Qd4+ 41. Kf1 Qd3+ 42. Kf2 Qd2+ 43. Kf1 Qg2+ 44. Ke1 Qg1+ 45. Ke2 Ba6+ 46. b5 Qg2+ 47. Ke1 Qg1+ 48. Ke2 Qg2+ 49. Ke1 Qg1+ 50. Ke2,d4,e6,g3,c5,c3,Nc6,Bg2,d5,Nf3,Nf6,O-O,Be7,Re1,O-O,a3,b6,b4,Bb7,Bf4,Rc8
"Janaszak,Daw",chess.com INT,1.0,Modern Defense: Standard Defense,1. e4 g6 2. Nc3 Bg7 3. d4 d6 4. Bg5 a6 5. f4 b5 6. Nf3 Bb7 7. Bd3 Nd7 8. e5 c5 9. Be4 Bxe4 10. Nxe4 Qa5+ 11. c3 f5 12. Ned2 cxd4 13. cxd4 dxe5 14. fxe5 Qb6 15. Qe2 Nh6 16. O-O O-O 17. Kh1 e6 18. Be7 Rfc8 19. Rac1 Nf7 20. h3 Qb7 21. Bh4 Nb6 22. Nb3 Qd5 23. Rc5 Rxc5 24. dxc5 Nc4 25. Rd1 Qe4 26. Qf2 Nfxe5 27. Ng5 Qc6 28. Nd4 Qxc5 29. Ngxe6 Qa7 30. b3 Nd6 31. Nxg7 Ne4 32. Qf4 Qxg7 33. Ne6 Qh8 34. Rd5 Nf7 35. Qc7 Qc3 36. Qxc3 Nxc3 37. Rd2 Re8 38. Nc7 Re4 39. Bf6 Re1+ 40. Kh2 Ne4 41. Rd7 Nxf6,e4,g6,Nc3,Bg7,d4,d6,Bg5,a6,f4,b5,Nf3,Bb7,Bd3,Nd7,e5,c5,Be4,Bxe4,Nxe4,Qa5+
"Indjic,A",chess.com INT,1.0,Modern Defense: Standard Defense,1. d4 g6 2. e4 Bg7 3. Nc3 d6 4. Be3 a6 5. Nf3 b5 6. Bd3 Bb7 7. a4 b4 8. Ne2 Nf6 9. Ng3 h5 10. Bg5 Nh7 11. Bd2 Nc6 12. c3 a5 13. Qe2 e6 14. h3 h4 15. Nf1 O-O 16. N1h2 f5 17. exf5 exf5 18. O-O Re8 19. Qd1 d5 20. Qb3 Bf6 21. Rfe1 Qd6 22. Bb5 Re4 23. Bd3 Kg7 24. Nf1 Rae8 25. Ne3 R4e6 26. Bb5 Nf8 27. Bxc6 Qxc6 28. cxb4 axb4 29. Rac1 Qd7 30. Qxb4 Rb6 31. Qa3 Ne6 32. b4 Nxd4 33. Nxd4 Bxd4 34. b5 Rbe6 35. Red1 Kh7 36. Ba5 Be5 37. Rc5 Bd6 38. Qc3 Bxc5 39. Qxc5 c6 40. b6 Re4 41. Bc3 Qe7 42. Qxe7+ R8xe7 43. a5 Ra4 44. Bd2 d4 45. Nf1 c5,d4,g6,e4,Bg7,Nc3,d6,Be3,a6,Nf3,b5,Bd3,Bb7,a4,b4,Ne2,Nf6,Ng3,h5,Bg5,Nh7
"Matlakov,M",Samarkand UZB,1.0,Catalan Opening: Open Defense,1. d4 d5 2. c4 e6 3. Nf3 Nf6 4. g3 dxc4 5. Bg2 a6 6. Ne5 Bb4+ 7. Nc3 Nd5 8. Bd2 b5 9. O-O Bxc3 10. bxc3 O-O 11. e4 Nb6 12. h4 Bb7 13. h5 f6 14. Ng6 Rf7 15. Nf4 e5 16. Ne6 Qe7 17. Nc5 Bc6 18. h6 g6 19. f4 exd4 20. cxd4 N8d7 21. Nxd7 Bxd7 22. d5 Qc5+ 23. Kh2 c3 24. Be1 b4 25. Bf2 Qf8 26. Qd4 Bb5 27. Rfb1 a5 28. a3 c2 29. Rb2 c5 30. dxc6 Nc4 31. Rxc2 Rd8 32. Qc5 Qxc5 33. Bxc5 b3 34. Rc3 Nd2 35. Bb6 b2 36. c7 Rxc7 37. Rxc7 bxa1=Q 38. Rg7+ Kh8 39. Bxd8 Nf1+,d4,d5,c4,e6,Nf3,Nf6,g3,dxc4,Bg2,a6,Ne5,Bb4+,Nc3,Nd5,Bd2,b5,O-O,Bxc3,bxc3,O-O
"Kezin,R",Samarkand UZB,0.5,Catalan Opening: Open Defense,1. d4 Nf6 2. c4 e6 3. Nf3 d5 4. g3 dxc4 5. Bg2 b5 6. a4 c6 7. O-O a6 8. Ne5 Nd5 9. e4 Nb4 10. Nc3 Bb7 11. Qh5 Qc7 12. Bf4 Bd6 13. Nxf7 Qxf7 14. Qxf7+ Kxf7 15. Bxd6 Nd3 16. e5 Nd7 17. axb5 axb5 18. Nxb5 Nb6 19. Nc7 Ra4 20. Bh3 Bc8 21. Bc5 Rxa1 22. Rxa1 Nd5 23. Nxe6 Bxe6 24. Ra7+ Kg6 25. Bxe6 Rb8 26. Ra6 Nc7 27. Rxc6 Nxe6 28. Rxe6+ Kf5 29. Rb6 Rxb6 30. Bxb6 Nxb2 31. Ba5 Nd1 32. Kf1 c3 33. Ke2 c2 34. Bd2 Ke6 35. f3 Nb2 36. Bc1 Nc4 37. Kd3 Kd5 38. Kxc2 Kxd4 39. e6 Kd5 40. e7 Nd6 41. Ba3 Ne8 42. Kd3 Ke6 43. Kd4 g6 44. h4 Ng7 45. g4 Ne8 46. Ke4 Nf6+ 47. Kf4 h6 48. g5 hxg5+ 49. Kxg5 Kf7 50. Bc5 Ne8 51. f4 Ng7 52. Ba3 Ne6+ 53. Kg4 Ng7 54. Bb4 Ne6 55. f5 gxf5+ 56. Kxf5 Nd4+ 57. Kg5 Nc6 58. Ba3 Nxe7 59. h5 Nd5 60. h6 Nf6 61. Bb2 Nh7+ 62. Kf5 Nf8 63. Ba3 Nh7 64. Bb4 Nf8 65. Bc3 Nh7 66. Bg7 Nf8 67. Bxf8 Kxf8 68. h7 Kg7 69. Kg5 Kxh7,d4,Nf6,c4,e6,Nf3,d5,g3,dxc4,Bg2,b5,a4,c6,O-O,a6,Ne5,Nd5,e4,Nb4,Nc3,Bb7
"Bindrich,F",chess.com INT,1.0,Horwitz Defense,1. d4 e6 2. c4 c5 3. d5 exd5 4. cxd5 d6 5. Nc3 a6 6. Nf3 b5 7. e4 Bg4 8. h3 Bxf3 9. Qxf3 Nd7 10. Bf4 Qf6 11. Qg3 Qg6 12. O-O-O Qxg3 13. Bxg3 Ngf6 14. Bd3 g6 15. Kb1 Ke7 16. f4 Nh5 17. Bh2 Bg7 18. g4 Bxc3 19. bxc3 Ng7 20. e5 f5 21. Rhg1 Rhf8 22. Bg3 Nb6 23. Bh4+ Kd7 24. Bf6 Ne8 25. gxf5 Nxf6 26. exf6 Nxd5 27. Kb2 Nxf4 28. fxg6 hxg6 29. Bxg6 Rxf6 30. Be4 Re8 31. Rg7+ Re7 32. Bc6+ Kd8 33. Rxe7 Kxe7 34. Bb7 a5 35. Bc6 b4 36. h4 Rh6 37. Rh1 d5 38. a3 bxc3+ 39. Kxc3 Rxc6,d4,e6,c4,c5,d5,exd5,cxd5,d6,Nc3,a6,Nf3,b5,e4,Bg4,h3,Bxf3,Qxf3,Nd7,Bf4,Qf6
"Costachi,M",chess.com INT,1.0,Modern Defense: Standard Defense,1. Nc3 g6 2. d4 Bg7 3. e4 d6 4. Be2 Nc6 5. Be3 e5 6. dxe5 dxe5 7. Qxd8+ Nxd8 8. O-O-O c6 9. Bc4 Nf6 10. f3 Be6 11. Bxe6 Nxe6 12. Nge2 h5 13. Na4 Bh6 14. Bxh6 Rxh6 15. b3 h4 16. h3 Ke7 17. Nb2 Rh5 18. Nd3 Rg5 19. g4 hxg3 20. h4 Rh5 21. Nxg3 Rh7 22. Nxe5 Rah8 23. Kd2 Rxh4 24. Rxh4 Rxh4 25. Rh1 Rxh1 26. Nxh1 Nh5 27. Ke3 c5 28. c3 Nhf4 29. Ng3 f6 30. Nd3 Nxd3 31. Kxd3 Kd6 32. Ke3 Ke5 33. Ne2 g5 34. Nc1 Nf4 35. a4 b6 36. b4 c4 37. b5 f5 38. exf5 Nd5+ 39. Kd2 Kf4 40. Ne2+ Kxf3 41. Nd4+ Kf2 42. Nc6 g4 43. Nxa7 g3 44. a5 g2 45. axb6 g1=Q 46. b7 Qe1+ 47. Kc2 Qxc3+ 48. Kb1 Qb3+,Nc3,g6,d4,Bg7,e4,d6,Be2,Nc6,Be3,e5,dxe5,dxe5,Qxd8+,Nxd8,O-O-O,c6,Bc4,Nf6,f3,Be6
"Drygalov,Sergey",chess.com INT,1.0,Horwitz Defense,1. d4 e6 2. c4 c5 3. d5 exd5 4. cxd5 d6 5. Nc3 a6 6. a4 g6 7. e4 Bg7 8. h3 Ne7 9. Nf3 O-O 10. Bd3 f5 11. O-O Nd7 12. Re1 Ne5 13. Ng5 f4 14. Be2 N7c6 15. Ne6 Bxe6 16. dxe6 Nd4 17. Nd5 Nxe6 18. Bg4 Nxg4 19. Qxg4 Qe8 20. Nxf4 Nd4 21. Qd1 Qf7 22. Be3 Rae8 23. Qd3 c4 24. Qb1 Nb3 25. Ra3 Bd4 26. Rxb3 cxb3 27. Bxd4 Qxf4 28. Qd3 Qf7 29. Re2 d5 30. e5 Qe6 31. Qxb3 Rf4 32. Qd3 Rc8 33. b3 Qf5 34. Qd2 Re4 35. Rxe4 Qxe4 36. Bc3 d4 37. Qxd4 Qxd4 38. Bxd4 Rc1+ 39. Kh2 Rb1 40. e6 Rxb3 41. Bf6 Rb6 42. e7 Kf7 43. Bg5 Rb4 44. a5 Rb5 45. Bd2 Kxe7 46. Kg3 Ke6 47. Kf4 Rb2 48. Ke3 b6 49. axb6 Rxb6 50. Kd4 Rb2 51. Kc3 Ra2 52. Be3 Kd5 53. Kb3 Re2 54. Kb4 Rxe3,d4,e6,c4,c5,d5,exd5,cxd5,d6,Nc3,a6,a4,g6,e4,Bg7,h3,Ne7,Nf3,O-O,Bd3,f5
"Pakleza,Z",chess.com INT,1.0,Horwitz Defense,1. d4 e6 2. Nf3 c5 3. c3 Nc6 4. Bf4 cxd4 5. cxd4 Qb6 6. e3 Qxb2 7. Nbd2 Nf6 8. Be2 Nd5 9. O-O Nxf4 10. exf4 Nxd4 11. Bd3 Be7 12. Ne5 Nc6 13. Ndc4 Qd4 14. Qf3 O-O 15. Rad1 Qc5 16. Rfe1 d5 17. Nxc6 bxc6 18. Ne5 Qd6 19. Bxh7+ Kxh7 20. Qh5+ Kg8 21. Rd3 Qb4 22. Rc1 Qxf4 23. Re1 Qf5,d4,e6,Nf3,c5,c3,Nc6,Bf4,cxd4,cxd4,Qb6,e3,Qxb2,Nbd2,Nf6,Be2,Nd5,O-O,Nxf4,exf4,Nxd4
"Norowitz,Yaacov",chess.com INT,1.0,Horwitz Defense,1. d4 e6 2. e3 c5 3. c3 Nc6 4. f4 Nf6 5. Nf3 b6 6. Bd3 Bb7 7. O-O Rc8 8. Nbd2 Be7 9. a3 O-O 10. e4 cxd4 11. cxd4 Qc7 12. e5 Nd5 13. Ne4 f5 14. exf6 Nxf6 15. Qe2 Na5 16. Bd2 Nb3 17. Rae1 Nxe4 18. Bxe4 Bxe4 19. Qxe4 Qc2 20. Bc3 Qxe4 21. Rxe4 Bxa3 22. Ne5 Rxc3 23. bxc3 Nd2 24. Ree1 Nxf1 25. Rxf1 Bb2 26. Nxd7 Rd8 27. Ne5 Bxc3 28. Nc6 Rd7 29. Rd1 b5 30. Kf2 Rc7 31. Nd8 a5 32. Nxe6 Rd7 33. Ke3 a4 34. Nc5 Rd8 35. d5 a3 36. d6 Bb4 37. Nb7 Rd7 38. Rd5 a2 39. Rd1 Rxb7,d4,e6,e3,c5,c3,Nc6,f4,Nf6,Nf3,b6,Bd3,Bb7,O-O,Rc8,Nbd2,Be7,a3,O-O,e4,cxd4
"Rustemov,A",chess.com INT,1.0,Horwitz Defense,1. d4 e6 2. c4 c5 3. d5 exd5 4. cxd5 d6 5. Nc3 a6 6. e4 b5 7. Bd3 g6 8. h3 Bg7 9. Nf3 Ne7 10. O-O O-O 11. Bf4 c4 12. Bc2 Qb6 13. Qd2 Nd7 14. Bh6 Nc5 15. Bxg7 Kxg7 16. Qd4+ f6 17. b4 cxb3 18. axb3 Bb7 19. b4 Nd7 20. Qxb6 Nxb6 21. Bd3 f5 22. Nd4 Rfc8 23. Rfc1 fxe4 24. Ne6+ Kh6 25. Nxe4 Bxd5 26. Nc7 Bxe4 27. Bxe4 Ra7 28. Ne6 Rxc1+ 29. Rxc1 d5 30. Bd3 Nc4 31. h4 Nc6 32. g4 Re7 33. Nf4 Nxb4 34. g5+ Kg7 35. Bf1 Re4 36. Ng2 a5 37. f3 Rd4 38. Re1 Kf7 39. f4 a4 40. h5 a3 41. f5 gxf5 42. h6 a2,d4,e6,c4,c5,d5,exd5,cxd5,d6,Nc3,a6,e4,b5,Bd3,g6,h3,Bg7,Nf3,Ne7,O-O,O-O
"Eljanov,P",chess.com INT,1.0,Horwitz Defense,1. d4 e6 2. c4 c5 3. d5 exd5 4. cxd5 d6 5. Nc3 a6 6. a4 g6 7. e4 Bg7 8. h3 Ne7 9. Nf3 O-O 10. Bd3 Nd7 11. O-O f5 12. exf5 Nxf5 13. Bg5 Qb6 14. Qd2 Ne5 15. Nxe5 Bxe5 16. a5 Qb4 17. Rfe1 Bd7 18. Re4 Nd4 19. f4 Bg7 20. Be7 c4 21. Bc2 Qxb2 22. Ra2 Nb3 23. Bxb3 Qxd2 24. Rxd2 cxb3 25. Rb2 Rfc8,d4,e6,c4,c5,d5,exd5,cxd5,d6,Nc3,a6,a4,g6,e4,Bg7,h3,Ne7,Nf3,O-O,Bd3,Nd7
"Meins,G",Germany GER,1.0,Catalan Opening: Open Defense,1. d4 d5 2. c4 e6 3. Nf3 Nf6 4. g3 dxc4 5. Bg2 c6 6. a4 Nbd7 7. O-O b6 8. Na3 Ba6 9. Qc2 Bxa3 10. Rxa3 O-O 11. Rd1 Rc8 12. e4 h6 13. h3 Qe7 14. g4 e5 15. g5 Nh5 16. gxh6 g6 17. Nxe5 Nxe5 18. dxe5 Qxe5 19. Qc3 f6 20. Qxe5 fxe5 21. Bg5 Rc7 22. Rd6 Kh7 23. Bf3 Nf4 24. Bg4 Nd3 25. f3 Nxb2 26. h4 Bc8 27. Bd8 Rd7 28. Bxd7 Rxd8 29. Rxc6 Bxd7 30. Rd6 Kxh6 31. f4 exf4 32. e5 Re8 33. Rxd7 Rxe5 34. Rxa7 Nd3 35. Rf7 Kh5 36. Ra2 Kg4 37. Rg2+ Kf3 38. Rxg6 Re1+ 39. Kh2 Re2+ 40. Kg1 Ne5,d4,d5,c4,e6,Nf3,Nf6,g3,dxc4,Bg2,c6,a4,Nbd7,O-O,b6,Na3,Ba6,Qc2,Bxa3,Rxa3,O-O
"Timerkhanov,Alexander",chess.com INT,1.0,Horwitz Defense,1. d4 e6 2. Nf3 c5 3. g3 cxd4 4. Nxd4 Nf6 5. Bg2 Bb4+ 6. c3 Ba5 7. O-O O-O 8. c4 Nc6 9. b3 d5 10. cxd5 Nxd4 11. Qxd4 Bb6 12. Qh4 Nxd5 13. Qxd8 Rxd8 14. Bb2 Bd7 15. Bxd5 exd5 16. e3 Bh3 17. Rd1 Rac8 18. Nc3 d4 19. Na4 dxe3 20. Nxb6 exf2+ 21. Kxf2 axb6 22. Rxd8+ Rxd8 23. Ke3 h5 24. Rc1 Re8+ 25. Kf2 b5 26. b4 Bg4 27. Rc2 f6 28. Bd4 Re4 29. Bc5 Kh7 30. a3 g5 31. Be3 Kg6 32. Rc5 Bd7 33. Rd5 Bc6 34. Rd6 Re5 35. Bd4 Rf5+ 36. Ke3 Rf3+ 37. Ke2 g4 38. Be3 Kf5 39. Rd8 Ke4 40. Rd4+ Ke5 41. Rd8 h4 42. Bf4+ Kf5 43. Rh8 hxg3 44. hxg3 Rxa3 45. Rh7 Ke6 46. Rg7 Kf5 47. Rh7 Ke4 48. Re7+ Kd4 49. Bd6 Ra2+ 50. Ke1 Kc4 51. Bc5 Ra3 52. Re3 Rxe3+ 53. Bxe3 Kxb4 54. Kd2 Kb3 55. Kc1 b4 56. Bd4 f5 57. Be5 Be4 58. Bd4 Ka2 59. Be5 b3 60. Bd4 f4 61. gxf4 g3,d4,e6,Nf3,c5,g3,cxd4,Nxd4,Nf6,Bg2,Bb4+,c3,Ba5,O-O,O-O,c4,Nc6,b3,d5,cxd5,Nxd4
"Sahakyan,Aleks",chess.com INT,1.0,Modern Defense: Standard Defense,1. e4 d6 2. d4 g6 3. Nc3 Bg7 4. h4 Nc6 5. d5 Ne5 6. h5 gxh5 7. Qxh5 Nf6 8. Qd1 c6 9. Be2 Qa5 10. Bd2 Qb6 11. Nf3 Nfg4 12. O-O Rg8 13. Na4 Qd8 14. Nxe5 Bxe5 15. Bxg4 Bxg4 16. Qc1 Bf3 17. g3 e6,e4,d6,d4,g6,Nc3,Bg7,h4,Nc6,d5,Ne5,h5,gxh5,Qxh5,Nf6,Qd1,c6,Be2,Qa5,Bd2,Qb6
Le Tuan Minh,chess.com INT,0.0,Horwitz Defense,1. d4 e6 2. Nf3 c5 3. c3 Nf6 4. Bf4 cxd4 5. cxd4 Qb6 6. Qc1 Nc6 7. e3 Bb4+ 8. Nbd2 d5 9. Bd3 Bd7 10. a3 Rc8 11. Qb1 Be7 12. b4 Nh5 13. Bg3 Nxg3 14. hxg3 h6 15. O-O O-O 16. Rc1 Bd6 17. Nb3 Nb8 18. Qb2 Bb5 19. Qe2 a6 20. g4 Nd7 21. g5 hxg5 22. Nxg5 Nf6 23. Nc5 e5 24. Bxb5 axb5 25. Qf3 e4 26. Qf5 Rfd8 27. g3 Be7 28. Kg2 g6 29. Qf4 Rf8 30. Rh1 Nh5 31. Qe5 Bf6 32. Nd7 Qd8 33. Nxf6+ Qxf6 34. Qxd5 Rfd8 35. Qxb5 Rc2 36. Raf1 Qe7 37. Qe5 Re8 38. Qxe7 Rxe7 39. g4 Nf6 40. Kg3 Kg7 41. Rc1 Ra2 42. Rc8 Rxa3 43. Rhc1 Rb3 44. R1c7 Nd5 45. Rxe7 Nxe7 46. Rc7 Kf8 47. Rxb7 f5 48. gxf5 gxf5 49. b5 Nd5 50. Ne6+ Ke8 51. Nf4 Nc3 52. b6 Rb1 53. Nh5 Rg1+ 54. Kf4 Kd8 55. Kxf5 Rf1 56. Ke6 Rxf2 57. Rd7+ Kc8 58. Rc7+ Kb8 59. Rxc3 Kb7 60. Nf6 Kxb6 61. Nxe4,d4,e6,Nf3,c5,c3,Nf6,Bf4,cxd4,cxd4,Qb6,Qc1,Nc6,e3,Bb4+,Nbd2,d5,Bd3,Bd7,a3,Rc8
"Sourath,Biswas",chess.com INT,1.0,Horwitz Defense,1. d4 e6 2. Bf4 c5 3. e3 cxd4 4. exd4 Qb6 5. Nc3 Nf6 6. Nf3 Nc6 7. Be2 Bb4 8. O-O O-O 9. Nb5 Nd5 10. Bg3 a6 11. Nd6 Bxd6 12. Bxd6 Re8 13. Ba3 Nf6 14. c3 d5 15. Ne5 Qc7 16. f4 Ne4 17. Bf3 f6 18. Nxc6 Qxc6 19. Qe2 b5 20. Rae1 Bb7 21. g4 a5 22. Qe3 Qc4 23. Bc5 Qxa2 24. Re2 b4 25. cxb4 Ba6 26. Bxe4 dxe4 27. Qxe4 Bxe2 28. Qxe2 axb4 29. Bxb4 Rab8 30. Bc3 Qd5 31. Re1 Rb5 32. Qf2 h5 33. h3 Kf7 34. Kh2 hxg4 35. hxg4 Rh8+ 36. Kg3 Rbb8 37. Qg2 Qd6 38. Rh1 g5 39. Bd2 Rb3+ 40. Kf2 Qxd4+ 41. Ke2 Rxb2,d4,e6,Bf4,c5,e3,cxd4,exd4,Qb6,Nc3,Nf6,Nf3,Nc6,Be2,Bb4,O-O,O-O,Nb5,Nd5,Bg3,a6
"Novoselov,R",chess.com INT,1.0,Modern Defense: Standard Defense,1. e4 d6 2. Nc3 g6 3. d4 Bg7 4. Be3 Nc6 5. Qd2 a6 6. a4 Nf6 7. f3 O-O 8. Bc4 e5 9. Nge2 Na5 10. Ba2 exd4 11. Nxd4 Nd7 12. O-O-O Ne5 13. Qe2 b5 14. axb5 axb5 15. Ndxb5 Bd7 16. h4 Qb8 17. h5 Bxb5 18. Nxb5 Nac6 19. Bd5 Ra1+ 20. Kd2 Ra5 21. Nc3 Qxb2 22. Nb1 Nb4 23. Bb3 c5 24. hxg6 c4 25. gxh7+ Kh8 26. Bxc4 Qxc2+ 27. Ke1 Nxc4,e4,d6,Nc3,g6,d4,Bg7,Be3,Nc6,Qd2,a6,a4,Nf6,f3,O-O,Bc4,e5,Nge2,Na5,Ba2,exd4
"Yankelevich,L",chess.com INT,0.0,Horwitz Defense,1. d4 e6 2. Nf3 c5 3. e3 Nf6 4. Bd3 b6 5. O-O Bb7 6. Nbd2 d5 7. b3 Nbd7 8. Bb2 Bd6 9. Ne5 cxd4 10. exd4 Qc7 11. Qe2 O-O 12. f4 Rac8 13. Rac1 a6 14. Rf3 b5 15. Rh3 g6 16. g4 Kg7 17. g5 Nh5 18. Rxh5 gxh5 19. Qxh5 f5 20. Qh6+ Kh8 21. Qxe6 Rce8 22. Qh6 Nxe5 23. fxe5 Bb4 24. c3 Ba5 25. Nf3 Qb6 26. Qxb6 Bxb6 27. Ba3 Rf7 28. Bd6 Bc8 29. b4 Be6 30. Kf2 Ra8 31. Bc5 Bd8 32. Rg1 a5 33. g6 Rg7 34. gxh7 axb4 35. Rxg7 Rxa2+ 36. Ke3 Kxg7 37. cxb4 Bd7 38. Kf4 Rf2 39. Kg3 Rb2 40. Kf4 Kxh7 41. Bxf5+ Bxf5 42. Kxf5 Rb3 43. Ng5+ Kg8 44. Ne6 Bh4 45. Nf4 Kf7 46. Nxd5 Bd8 47. e6+ Ke8 48. e7 Rh3 49. exd8=Q+ Kxd8 50. Ke6 Rh6+ 51. Nf6 Rxh2 52. d5 Re2+ 53. Kd6 Kc8 54. Kc6 Kd8 55. d6 Re6 56. Nd5 Rh6 57. Kxb5 Kd7 58. Nb6+ Ke6 59. Kc6 Rh8 60. d7 Rd8 61. Be3,d4,e6,Nf3,c5,e3,Nf6,Bd3,b6,O-O,Bb7,Nbd2,d5,b3,Nbd7,Bb2,Bd6,Ne5,cxd4,exd4,Qc7
"Urazayev,Arystanbek",chess.com INT,0.0,Modern Defense: Standard Defense,1. d4 d6 2. e4 g6 3. Nc3 Bg7 4. Be3 a6 5. h4 b5 6. h5 Bb7 7. h6 Bf8 8. a3 Nd7 9. Nf3 Ngf6 10. e5 Nd5 11. e6 fxe6 12. Ng5 N7f6 13. Nxe6 Qd7 14. Nxd5 Nxd5 15. Ng7+ Kd8 16. Be2 Nf6 17. Bf3 Kc8 18. Bxb7+ Kxb7 19. Qf3+ Qc6 20. Qxc6+ Kxc6 21. Ne6 Nd5 22. O-O-O Kd7 23. Ng5 e6 24. Bd2 Be7 25. Ne4 Rhf8 26. f3 Rf5 27. Rde1 Rg8 28. Re2 g5 29. Nf2 Rg6 30. Ng4 Nf6 31. Ne3 Rf4 32. c3 Rh4 33. Rhe1 Rhxh6 34. Nf5 exf5 35. Rxe7+ Kc6 36. Rf7 f4 37. b3 Nd5 38. c4 bxc4 39. bxc4 Nb6 40. d5+ Kc5 41. Rxc7+ Kd4 42. Kc2 Nxc4 43. Re4+ Kxd5 44. Rcxc4 Rh2 45. Rcd4+ Kc5 46. Bb4+ Kc6 47. Rd2 h5 48. Rc4+ Kd7 49. Rcd4 h4 50. Bxd6 Ke6 51. Bc7 Rg7 52. Re2+ Kf5 53. Rd5+ Kg6 54. Bd8 Kh5 55. Kd3 h3 56. gxh3 Rxh3 57. Ke4 Rg8 58. Rg2 Rg3 59. Rh2+ Kg6 60. Rd6+ Kf7 61. Bf6 g4 62. fxg4 f3 63. Kf5 R3xg4 64. Rh7+ R4g7 65. Rxg7+ Rxg7 66. Bxg7 f2 67. Rd1,d4,d6,e4,g6,Nc3,Bg7,Be3,a6,h4,b5,h5,Bb7,h6,Bf8,a3,Nd7,Nf3,Ngf6,e5,Nd5
"Duda,J",Warsaw POL,0.0,Catalan Opening: Open Defense,1. Nf3 Nf6 2. c4 e6 3. g3 d5 4. d4 dxc4 5. Bg2 a6 6. O-O Nc6 7. e3 Rb8 8. Qe2 b5 9. b3 cxb3 10. axb3 Bb7 11. Bb2 Be7 12. Rc1 O-O 13. Nbd2 Nb4 14. Ne5 Bxg2 15. Kxg2 Rb6 16. Ba3 Nd7 17. Ndf3 Nxe5 18. Nxe5 f6 19. Bxb4 Bxb4 20. Nc6 Qa8 21. Qf3 Bd6 22. Ra2 Qe8 23. h4 g6 24. Rac2 Kg7 25. Na5 e5 26. dxe5 fxe5 27. Qe4 Rf7 28. Nc6 Qa8 29. h5 Rf6 30. hxg6 Rxg6 31. Rh1 h6 32. Rh4 Rf6 33. Kg1 Qe8 34. f4 Re6 35. f5 Rf6 36. Nd4 Kh8 37. Ne6 Qf7 38. Qa8+ Qg8 39. Qe4 Qxg3+ 40. Rg2 Qe1+ 41. Kh2 Rb8 42. Qg4 e4+ 43. Nf4,Nf3,Nf6,c4,e6,g3,d5,d4,dxc4,Bg2,a6,O-O,Nc6,e3,Rb8,Qe2,b5,b3,cxb3,axb3,Bb7
"Aldokhin,I",chess.com INT,1.0,Modern Defense: Standard Defense,1. e4 d6 2. d4 g6 3. Nc3 Bg7 4. Bg5 a6 5. Qd2 b5 6. f4 Nd7 7. Nf3 Nb6 8. Bd3 Nf6 9. O-O O-O 10. f5 b4 11. Ne2 c5 12. dxc5 dxc5 13. e5 c4 14. exf6 exf6 15. Be4 fxg5 16. Bxa8 Nxa8 17. fxg6 fxg6 18. Qxd8 Rxd8 19. Rad1 Re8 20. Ned4 g4 21. Ng5 Nb6 22. Nf7 Bd7 23. Nd6 Re7 24. b3 c3 25. Nc4 Nd5 26. Nf5 Bxf5 27. Rxd5 h5 28. Rdxf5 gxf5 29. Rxf5 Re2 30. Rxh5 Rxc2,e4,d6,d4,g6,Nc3,Bg7,Bg5,a6,Qd2,b5,f4,Nd7,Nf3,Nb6,Bd3,Nf6,O-O,O-O,f5,b4
Le Tuan Minh,chess.com INT,1.0,Horwitz Defense,1. d4 e6 2. Nf3 c5 3. c3 Nf6 4. Bg5 Qb6 5. Qb3 cxd4 6. cxd4 Nc6 7. Bxf6 gxf6 8. e3 Qxb3 9. axb3 Nb4 10. Kd2 d5 11. Bb5+ Kd8 12. Nc3 a6 13. Bd3 Nxd3 14. Kxd3 Bd7 15. Kd2 Rc8 16. Ne1 h5 17. h4 Bd6 18. Nd3 Ke7 19. g3 Bc6 20. Rac1 e5 21. Rc2 Rcg8 22. Ne2 Bb5 23. Rhc1 Rg4 24. Nc5 Rb8 25. Nd3 Bd7 26. Rc3 Bf5 27. Nc5 a5 28. Nd3 Rgg8 29. Kd1 b6 30. Ne1 Be4 31. Nd3 Kd7 32. Kd2 Bf5 33. Rc6 Rb7 34. R6c2 Ra8 35. Ra1 Rba7 36. Rcc1 Be4 37. Nc3 exd4 38. exd4 Rc7 39. Re1 f5 40. Rf1 Rac8 41. f3 Bxd3 42. Kxd3 Bxg3 43. Nxd5 Rc6 44. b4 Rd6 45. Ne3 f4 46. Nf5 Rd5 47. Ke4 Rb5 48. bxa5 Re8+ 49. Kd3 Rxf5 50. axb6 Rb5 51. Ra7+ Kc6 52. Rc1+ Kxb6 53. Rxf7 Re3+ 54. Kc4 Reb3 55. Rf6+ Kb7 56. Ra1 R3b4+ 57. Kd3 Rxb2 58. Rf7+ Kb6 59. Rf6+ Kc7 60. Rf7+ Kd6 61. Ra6+ Rb6 62. Rxb6+ Rxb6 63. Rf6+ Kc7 64. Rf7+ Kd8 65. Rh7 Rb3+ 66. Ke4 Re3+ 67. Kf5 Rxf3 68. Rxh5 Rd3 69. Ke4 Re3+ 70. Kd5 f3 71. Rf5 f2 72. h5 Re1 73. h6 f1=Q,d4,e6,Nf3,c5,c3,Nf6,Bg5,Qb6,Qb3,cxd4,cxd4,Nc6,Bxf6,gxf6,e3,Qxb3,axb3,Nb4,Kd2,d5
"Ter Sahakyan,S",chess.com INT,1.0,Horwitz Defense,1. d4 e6 2. c4 c5 3. d5 exd5 4. cxd5 d6 5. Nc3 a6 6. e4 b5 7. Bd3 g6 8. a4 c4 9. Bb1 b4 10. Nce2 Bg7 11. Nf3 a5 12. h3 Nf6 13. O-O O-O 14. Ned4 Re8 15. Re1 Ba6 16. Bf4 Qb6 17. Bc2 b3 18. Bb1 Nbd7 19. Nc6 Nc5 20. e5 Nfd7 21. Qd2 dxe5 22. Nfxe5 Nxe5 23. Bxe5 Bxe5 24. Nxe5 Qb4 25. Qc1 Rad8 26. Re3 Qb7 27. Ng4 Qb6 28. Qc3 Rxe3 29. fxe3 h5 30. Nf6+ Kf8 31. Be4 Nd3 32. Rf1 Qxe3+ 33. Kh2 Qb6 34. Bxg6 Qd6+ 35. Kh1 Qe5 36. Nh7+ Kg7 37. Bxd3 Qxc3 38. bxc3 cxd3 39. Ng5 d2 40. Rd1 b2 41. Nf3 Be2,d4,e6,c4,c5,d5,exd5,cxd5,d6,Nc3,a6,e4,b5,Bd3,g6,a4,c4,Bb1,b4,Nce2,Bg7
"Aradhya,Garg",chess.com INT,1.0,Queen's Pawn Game: London System,1. d4 d5 2. Nf3 Nf6 3. Bf4 c5 4. e3 Nc6 5. Nbd2 e6 6. c3 c4 7. e4 Be7 8. e5 Nd7 9. h4 b5 10. a3 a5 11. h5 h6 12. g4 Nb6 13. Rg1 Bd7 14. g5 b4 15. gxh6 gxh6 16. a4 b3 17. Nh2 Na7 18. Ng4 Nxa4 19. Qc1 Qb6 20. Nxh6 Nxc3 21. bxc3 b2 22. Qb1 bxa1=Q 23. Qxa1 Nc6 24. Ng8 a4 25. Nf6+ Bxf6 26. exf6 a3 27. Bxc4 Nxd4 28. cxd4 dxc4 29. Ne4 Qb2 30. Nd6+ Kf8 31. Qd1 a2 32. Rg8+ Rxg8 33. Bh6+ Rg7 34. fxg7+ Kg8 35. Ne4 f5 36. Nf6+ Kf7 37. Nxd7 a1=Q 38. Ne5+ Kg8,d4,d5,Nf3,Nf6,Bf4,c5,e3,Nc6,Nbd2,e6,c3,c4,e4,Be7,e5,Nd7,h4,b5,a3,a5
"Smirnov,P",chess.com INT,1.0,Catalan Opening: Open Defense,1. d4 Nf6 2. c4 e6 3. g3 d5 4. Nf3 dxc4 5. Bg2 Nbd7 6. O-O c6 7. a4 b6 8. Nfd2 Ba6 9. Bxc6 Rc8 10. Bg2 Nb8 11. Nf3 Bb7 12. Nc3 Bb4 13. Bg5 O-O 14. Rc1 a6 15. Ne5 Bxg2 16. Kxg2 h6 17. Bxf6 gxf6 18. Nf3 f5 19. Na2 Be7 20. Nc3 Nc6 21. e4 fxe4 22. Nxe4 Na5 23. Qe2 b5 24. axb5 axb5 25. Rcd1 b4 26. d5 exd5 27. Ne5 f5 28. Ng6 Rf7 29. Qh5 Rc6 30. Qxh6 Rh7 31. Nxe7+ Qxe7 32. Qg5+ Qxg5 33. Nxg5 Rd7 34. Nf3 Rf6 35. Nd4 Nc6 36. Nc2 d4 37. Rfe1 Rfd6 38. Re8+ Kf7 39. Rc8 Ke6 40. Re1+ Kd5 41. Rd1 Kc5 42. Rf8 Rd5 43. h4 c3 44. bxc3 bxc3 45. Ne1 d3 46. Nxd3+ Rxd3 47. Rxf5+ Kc4 48. Rf4+ R7d4 49. Rxd3 Kxd3 50. Rf6 c2 51. Rxc6 Rc4 52. Rxc4 Kxc4 53. h5 c1=Q,d4,Nf6,c4,e6,g3,d5,Nf3,dxc4,Bg2,Nbd7,O-O,c6,a4,b6,Nfd2,Ba6,Bxc6,Rc8,Bg2,Nb8
"Fedoseev,Vl3",chess.com INT,0.0,Queen's Pawn Game: London System,1. d4 d5 2. Nf3 Nf6 3. Bf4 c5 4. e3 Nc6 5. Nbd2 e6 6. c3 c4 7. a4 Be7 8. b3 cxb3 9. Qxb3 Nh5 10. Be5 O-O 11. Bd3 b6 12. h3 Nf6 13. Bh2 Bd6 14. Bxd6 Qxd6 15. O-O Bd7 16. Qa3 Qxa3 17. Rxa3 Rfc8 18. Nb3 Kf8 19. Rc1 Ne8 20. Kf1 Nd6 21. Ke2 Ke7 22. a5 Nd8 23. axb6 axb6 24. Rxa8 Rxa8 25. Ra1 Rxa1 26. Nxa1 Bb5 27. Nd2 Nc6 28. Bxb5 Nxb5 29. Kd3 e5 30. Kc2 h5 31. Nab3 e4 32. Nc1 h4 33. c4 Nd6 34. cxd5 Nb4+ 35. Kb3 Nxd5 36. Ne2 f5 37. Nb1 g5 38. Nbc3 Nc7 39. g3 g4 40. Nf4 gxh3 41. Nxh3 hxg3 42. fxg3 Kf6 43. Ka4 Nc4 44. g4 fxg4 45. Nxe4+ Kg6 46. Nf4+ Kf5 47. Ng3+ Kg5 48. d5 b5+ 49. Kb4 Nxe3 50. d6 Kxf4 51. Ne2+ Ke4 52. Nc3+ Ke5 53. dxc7 g3 54. c8=Q g2 55. Qc5+ Kf4 56. Qd4+ Kf3 57. Qe4+,d4,d5,Nf3,Nf6,Bf4,c5,e3,Nc6,Nbd2,e6,c3,c4,a4,Be7,b3,cxb3,Qxb3,Nh5,Be5,O-O
"Yilmaz,M",chess.com INT,1.0,Horwitz Defense,1. d4 e6 2. c4 c5 3. d5 exd5 4. cxd5 d6 5. Nc3 a6 6. a4 g6 7. e4 Bg7 8. Bd3 Ne7 9. h3 O-O 10. Nf3 Nd7 11. O-O f5 12. Re1 Ne5 13. Nxe5 Bxe5 14. Bh6 Rf7 15. f4 Bd4+ 16. Kh2 fxe4 17. Nxe4 Nf5 18. Bg5 Qf8 19. Ng3 Nxg3 20. Kxg3 h6 21. Bxg6 hxg5 22. Qh5 gxf4+ 23. Kh2 Re7 24. Rxe7 Qxe7 25. Re1 Be5 26. Kh1 Bd7 27. g3 fxg3 28. Re4 Qf6 29. Qh7+ Kf8 30. Qh6+ Ke7 31. Qh7+ Kd8 32. Re1 Qf3+,d4,e6,c4,c5,d5,exd5,cxd5,d6,Nc3,a6,a4,g6,e4,Bg7,Bd3,Ne7,h3,O-O,Nf3,Nd7
"Galchenko,Matvey",chess.com INT,1.0,Owen Defense,1. e4 b6 2. d4 Bb7 3. Bd3 e6 4. Nf3 Nf6 5. Qe2 d5 6. e5 Nfd7 7. O-O c5 8. c3 Nc6 9. a3 Be7 10. b4 g5 11. b5 Na5 12. Nbd2 g4 13. Ne1 h5 14. f3 Qc7 15. fxg4 hxg4 16. Qxg4 cxd4 17. cxd4 Nxe5 18. dxe5 Qxe5 19. Qf4 Qxa1 20. Qxf7+ Kd7 21. Nef3 Qf6 22. Qxf6 Bxf6 23. Re1 Rac8 24. Nf1 Nc4 25. Ng3 Nb2 26. Bb1 Rc5 27. Bf4 Rhc8 28. Ne5+ Bxe5 29. Bxe5 Rc1 30. Kf2 Rxe1,e4,b6,d4,Bb7,Bd3,e6,Nf3,Nf6,Qe2,d5,e5,Nfd7,O-O,c5,c3,Nc6,a3,Be7,b4,g5
"Kadric,D",chess.com INT,1.0,Owen Defense,1. e4 b6 2. d3 Bb7 3. g3 g6 4. Bg2 Bg7 5. Nh3 e5 6. O-O Ne7 7. f4 exf4 8. gxf4 f5 9. Nc3 O-O 10. Qe2 Nbc6 11. Be3 Nd4 12. Qf2 c5 13. a4 fxe4 14. dxe4 d5 15. exd5 Nxd5 16. Nxd5 Bxd5 17. Rad1 Bxg2 18. Qxg2 Qe8 19. Rfe1 Rd8 20. c3 Nf5 21. Rxd8 Qxd8 22. Bf2 Qd2 23. Ng5 Qd7 24. Qe4 Bf6 25. Qc4+ Kh8 26. Nf3 Kg7 27. Ne5 Qb7 28. a5 Rd8 29. Qb5 Nh4 30. axb6 Qg2#,e4,b6,d3,Bb7,g3,g6,Bg2,Bg7,Nh3,e5,O-O,Ne7,f4,exf4,gxf4,f5,Nc3,O-O,Qe2,Nbc6
"Rasulov,Vu",chess.com INT,0.0,Owen Defense,1. e4 b6 2. d4 Bb7 3. Bd3 e6 4. Nf3 Nf6 5. Nbd2 d5 6. Qe2 Be7 7. O-O c5 8. exd5 exd5 9. Bb5+ Nbd7 10. Re1 a6 11. Bd3 c4 12. Bf5 g6 13. Bh3 Kf8 14. Nxc4 dxc4 15. Bh6+ Ke8 16. Ng5 Bd5 17. b3 c3 18. Rad1 Rg8 19. Rd3 Ra7 20. Rxc3 Bb7 21. Rc7 a5 22. c4 a4 23. d5 axb3 24. d6 Ne4 25. Bxd7+ Qxd7 26. Rxd7 Kxd7 27. Nxe4 bxa2 28. dxe7 a1=Q 29. e8=Q+ Rxe8 30. Nf6+ Qxf6 31. Qxe8+ Kd6 32. Bf8+ Kc7 33. Re7+ Kd6 34. Re6+ Kc7 35. Bd6#,e4,b6,d4,Bb7,Bd3,e6,Nf3,Nf6,Nbd2,d5,Qe2,Be7,O-O,c5,exd5,exd5,Bb5+,Nbd7,Re1,a6
"Sadek,S",Almaty KAZ,0.5,Horwitz Defense,1. d4 e6 2. Nf3 c5 3. e3 b6 4. c4 cxd4 5. exd4 Bb7 6. Nc3 Bb4 7. Bd2 Nf6 8. Bd3 O-O 9. O-O d5 10. cxd5 Bxc3 11. bxc3 Bxd5 12. c4 Be4 13. Be2 Nc6 14. Bc3 Rc8 15. Rc1 Bg6 16. Re1 Qd6 17. Qa4 Rfd8 18. Red1 Ne4 19. Be1 a5 20. c5 bxc5 21. dxc5 Qc7 22. Rxd8+ Qxd8 23. Bb5 Qc7 24. Bxc6 Qxc6 25. Qxc6 Rxc6 26. Ne5 Rxc5 27. Rxc5 Nxc5 28. Nxg6 hxg6 29. Bxa5 f6 30. Kf1 e5 31. Ke2 Kf7 32. Bb4 Ne6 33. g3 g5 34. h3 Nd4+ 35. Kd3 Ke6 36. a4 Kd5 37. a5 Nc6 38. Bd2 e4+ 39. Ke2 Ne5 40. a6 Kc6 41. a7 Kb7 42. Bb4 Kxa7 43. Bf8 g6 44. Be7 Nd7 45. Ke3 Kb7 46. Kxe4 Kc6 47. f4 f5+ 48. Kf3 gxf4 49. Kxf4 Kd5 50. Kg5 Ke6 51. Bd8 Kf7 52. Bc7 Nc5 53. Kh6 Ne6 54. Bb8 Kf6 55. h4 Kf7 56. Be5 Nc5 57. h5 gxh5 58. Kxh5 Ke6 59. Bf4 Nd3 60. Kg5 Nf2 61. Kg6 Ne4 62. Kh5 Nf6+ 63. Kg6 Ng4 64. Kg5 Nh2 65. Kg6 Nf3 66. Kh5 Kd5 67. g4,d4,e6,Nf3,c5,e3,b6,c4,cxd4,exd4,Bb7,Nc3,Bb4,Bd2,Nf6,Bd3,O-O,O-O,d5,cxd5,Bxc3
"Carlsen,M",chess.com INT,0.0,Catalan Opening: Open Defense,1. d4 Nf6 2. c4 e6 3. Nf3 d5 4. g3 dxc4 5. Bg2 a6 6. Ne5 Bb4+ 7. Nc3 Nd5 8. O-O Nxc3 9. bxc3 Bxc3 10. Rb1 Qxd4 11. Qa4+ Nd7 12. Bf4 Qc5 13. Bxb7 Bxe5 14. Be3 Qe7 15. Bxa8 c3 16. Bd4 c2 17. Rbc1 O-O 18. Bxe5 Nxe5 19. Qxc2 a5 20. Be4 Ba6 21. Bxh7+ Kh8 22. Be4 f5 23. Bg2 f4 24. Qe4 Qg5 25. Rxc7 f3 26. Bxf3 Bd3 27. Qb7 Rxf3 28. exf3 Qf5 29. f4 Be4 30. Qb8+ Kh7 31. Rxg7+,d4,Nf6,c4,e6,Nf3,d5,g3,dxc4,Bg2,a6,Ne5,Bb4+,Nc3,Nd5,O-O,Nxc3,bxc3,Bxc3,Rb1,Qxd4
"Dinu,DD",chess.com INT,1.0,Owen Defense,1. e4 b6 2. d4 Bb7 3. Bd3 e6 4. Nf3 Nf6 5. Qe2 d5 6. Nbd2 c5 7. c3 Be7 8. O-O O-O 9. exd5 Qxd5 10. Re1 cxd4 11. cxd4 Nc6 12. Nb3 Rac8 13. Be3 Nb4 14. Qd1 Qh5 15. Ne5 Qxd1 16. Rexd1 Nxd3 17. Rxd3 Nd5 18. Rd2 a5 19. Rad1 a4 20. Nc1 Bb4 21. Re2 a3 22. bxa3 Nc3 23. axb4 Nxd1 24. Ncd3 Ba6 25. g3 f6 26. Nd7 Bxd3 27. Rd2 Nxe3 28. fxe3 Rfd8 29. Nxb6 Rb8 30. Rxd3 Rxb6 31. a3 Ra8,e4,b6,d4,Bb7,Bd3,e6,Nf3,Nf6,Qe2,d5,Nbd2,c5,c3,Be7,O-O,O-O,exd5,Qxd5,Re1,cxd4
"Durarbayli,Vasif",chess.com INT,1.0,Owen Defense,1. e4 b6 2. d4 Bb7 3. Nc3 e6 4. a3 Nf6 5. e5 Nd5 6. Nxd5 Bxd5 7. Nf3 Be7 8. c4 Bb7 9. Bd3 d6 10. Bf4 Nd7 11. Qe2 dxe5 12. dxe5 Nc5 13. Bc2 a5 14. Rd1 Qc8 15. h4 h6 16. Rh3 a4 17. Rg3 Kf8 18. h5 Qe8 19. Nd4 Bh4 20. Rg4 Qe7 21. Qe3 Rd8 22. g3 Bg5 23. Rxg5 hxg5 24. Bxg5 f6 25. exf6 gxf6 26. Qf4 Kg7 27. Bh4 Bc8 28. Qg4+ Kf8 29. Qg6 Rg8 30. Bxf6 Qd6 31. Qh6+ Kf7 32. Bxd8 Rxd8 33. Bg6+ Kf6 34. f4 Qf8 35. Qg5+ Kg7 36. Bc2+ Kh8 37. h6 Nd7 38. Nxe6 Re8 39. f5 Nc5 40. Qg7+ Qxg7 41. hxg7+ Kg8 42. Kf2 Bxe6 43. fxe6 Rxe6 44. Kf3 Kxg7 45. Bf5 Rh6 46. Rd2 Kf6 47. Kf4 Rh1 48. g4 Rf1+ 49. Kg3 Kg5 50. Rd5 Rc1 51. Bd3+ Kf6 52. g5+ Ke6 53. g6 c6,e4,b6,d4,Bb7,Nc3,e6,a3,Nf6,e5,Nd5,Nxd5,Bxd5,Nf3,Be7,c4,Bb7,Bd3,d6,Bf4,Nd7
"Demchenko,A",chess.com INT,0.5,Owen Defense,1. e4 b6 2. d4 Bb7 3. Bd3 e6 4. Ne2 Nf6 5. f3 d5 6. e5 Nfd7 7. c3 c5 8. O-O Qc8 9. f4 g6 10. g4 Nc6 11. f5 gxf5 12. gxf5 Rg8+ 13. Ng3 cxd4 14. fxe6 fxe6 15. Qh5+ Kd8 16. Qxh7 Rxg3+ 17. hxg3 Kc7 18. cxd4 Nxd4 19. Rf7 Bc5 20. Kf1 Ba6 21. Nc3 Bxd3+ 22. Qxd3 Qg8 23. Qh7 Qxh7 24. Rxh7 Kc6 25. Bf4 Rf8 26. Kg2 Rf5 27. Re1 b5 28. a3 a5 29. Rc1 Nb3 30. Rc2 Nb6 31. Rh6 Kd7 32. Rh7+ Kc6 33. Rh6 Kd7 34. Rh7+ Kc6,e4,b6,d4,Bb7,Bd3,e6,Ne2,Nf6,f3,d5,e5,Nfd7,c3,c5,O-O,Qc8,f4,g6,g4,Nc6
"Dilanian,G",chess.com INT,1.0,Modern Defense: Standard Defense,1. d4 g6 2. e4 Bg7 3. Nc3 d6 4. Be3 a6 5. Qd2 b5 6. Bd3 Nd7 7. h4 c5 8. Nf3 Ngf6 9. e5 dxe5 10. dxe5 Ng4 11. e6 fxe6 12. Be4 Ra7 13. Bg5 Ndf6 14. Bc6+ Kf7 15. Qe2 h6 16. Bf4 Nh5 17. Be5 Qb6 18. Bxg7 Kxg7 19. Ne5 Nxe5 20. Qxe5+ Nf6 21. Bf3 Rd7 22. O-O Rhd8 23. h5 g5 24. Ne4 Rd5 25. Qc3 b4 26. Qe3 Re5 27. Rfe1 g4 28. Bxg4 Rxe4 29. Qh3 Rxg4 30. f3 c4+ 31. Kh1 Rg5 32. g4 e5 33. f4 Bb7+ 34. Kh2 Qf2+,d4,g6,e4,Bg7,Nc3,d6,Be3,a6,Qd2,b5,Bd3,Nd7,h4,c5,Nf3,Ngf6,e5,dxe5,dxe5,Ng4
"Tsaruk,Maksim",chess.com INT,1.0,Owen Defense,1. e4 b6 2. d4 Bb7 3. Bd3 e6 4. Qe2 Nf6 5. Nf3 d5 6. Nbd2 Be7 7. O-O c5 8. e5 Nfd7 9. c3 Nc6 10. a3 g5 11. Nb1 g4 12. Ne1 cxd4 13. cxd4 Nxd4 14. Qxg4 Nb3 15. Bf4 Nxa1 16. Nd2 Rc8 17. Qd1 Rg8 18. Qxa1 Bg5 19. Be3 d4 20. Bxg5 Qxg5 21. Ne4 Qxe5 22. Nf3 Qf4 23. Ng3 Bxf3 24. gxf3 Ne5 25. Qd1 h5 26. Bb5+ Ke7 27. Kh1 h4,e4,b6,d4,Bb7,Bd3,e6,Qe2,Nf6,Nf3,d5,Nbd2,Be7,O-O,c5,e5,Nfd7,c3,Nc6,a3,g5
"Mikhailovsky,Vladimir",chess.com INT,0.0,Modern Defense: Standard Defense,1. e4 d6 2. d4 g6 3. Nc3 Bg7 4. g3 Nc6 5. Nge2 h5 6. h3 e5 7. Be3 Nge7 8. Bg2 Bd7 9. Qd2 exd4 10. Nxd4 Ne5 11. Qe2 a6 12. f4 c5 13. Nb3 N5c6 14. Qd2 Be6 15. O-O-O Bxb3 16. axb3 Qa5 17. Kb1 Nb4 18. e5 d5 19. Na4 d4 20. c3 dxe3 21. Qd7+ Kf8 22. cxb4 cxb4 23. Rd5 b5 24. Nc5 Re8 25. Rd6 h4 26. Nb7 hxg3 27. Nxa5 Rh4 28. Nc6 Nf5 29. Bd5 Nxd6 30. exd6 Rxf4 31. Qc7 e2 32. Ka2 Rf1 33. d7 e1=Q 34. dxe8=Q+ Kxe8 35. Rxf1 Qxf1 36. Qd8#,e4,d6,d4,g6,Nc3,Bg7,g3,Nc6,Nge2,h5,h3,e5,Be3,Nge7,Bg2,Bd7,Qd2,exd4,Nxd4,Ne5
"Fedoseev,Vl3",chess.com INT,0.5,Horwitz Defense,1. d4 e6 2. Nf3 d5 3. c4 c6 4. Bg5 f6 5. Bd2 f5 6. Bf4 Nf6 7. e3 Ne4 8. Bd3 Nd7 9. Nc3 g5 10. Bg3 h5 11. cxd5 exd5 12. Qc2 h4 13. Be5 Rh6 14. h3 a5 15. Bh2 a4 16. a3 Qa5 17. O-O Be7 18. Ne5 Ndf6 19. f3 Nd6 20. e4 dxe4 21. fxe4 f4 22. Nf3 Nh5 23. e5 Nf7 24. Bg6 Be6 25. Rad1 Kf8 26. Qe4 Rd8 27. Bf5 Bb3 28. Rd2 Kg7 29. Bg4 Ng3 30. Bxg3 hxg3 31. h4 Rdh8 32. e6 Nd8 33. d5 cxd5 34. Nxd5 Bc5+ 35. Kh1 Nxe6 36. Qe5+ Kf8 37. Qb8+ Qd8 38. Qxd8+ Nxd8 39. Nxg5 Rxh4+ 40. Bh3 Bf2 41. Nf3 Rxh3+ 42. gxh3 Ne6 43. Kg2 Rh5 44. Nf6 Rb5 45. Rfxf2 gxf2 46. Kxf2 Ke7 47. Ne4 Rh5 48. h4 Bd5 49. Neg5 Nxg5 50. hxg5 Bc6 51. Rd4 b5 52. Rxf4 Bxf3 53. Rxf3 Rxg5 54. b3 b4 55. bxa4 bxa3 56. Rxa3 Kd6 57. a5 Kc7 58. a6 Kb8 59. a7+ Ka8 60. Ke2 Rg7 61. Kd2 Rxa7 62. Rxa7+ Kxa7,d4,e6,Nf3,d5,c4,c6,Bg5,f6,Bd2,f5,Bf4,Nf6,e3,Ne4,Bd3,Nd7,Nc3,g5,Bg3,h5
"Sivanandan,Bodhana",London ENG,1.0,Modern Defense: Standard Defense,1. e4 g6 2. d4 d6 3. Nc3 Bg7 4. Be3 c6 5. Qd2 b5 6. a3 Bb7 7. f3 Nd7 8. Bd3 a6 9. a4 Ngf6 10. Nge2 e5 11. O-O O-O 12. axb5 axb5 13. dxe5 Nxe5 14. Bh6 Bxh6 15. Qxh6 Qb6+ 16. Kh1 Rxa1 17. Rxa1 Nfg4 18. fxg4 Nxg4 19. Qh4 Nf2+ 20. Kg1 Nxd3+ 21. Kf1 Nxb2 22. Qf2 Qxf2+ 23. Kxf2 Ra8 24. Rxa8+ Bxa8 25. g3 Kg7 26. Ng1 b4 27. Nb1 Nc4 28. Nf3 Na3 29. Nbd2 Nxc2 30. Ke2 c5 31. Kd3 Na3 32. h4 d5 33. exd5 Bxd5 34. Ne5 c4+ 35. Nexc4 Nxc4 36. Nxc4 Bxc4+ 37. Kxc4 Kf6 38. Kxb4 Kf5 39. Kc5 Kg4 40. Kd6 Kxg3 41. Ke5 Kxh4 42. Kf6 g5 43. Kxf7 g4 44. Kg7 g3 45. Kxh7 g2 46. Kh6 g1=Q 47. Kh7 Kh5 48. Kh8 Kg6 49. Kg8 Qf2 50. Kh8 Qf8#,e4,g6,d4,d6,Nc3,Bg7,Be3,c6,Qd2,b5,a3,Bb7,f3,Nd7,Bd3,a6,a4,Ngf6,Nge2,e5
"Stevanic,David",chess.com INT,1.0,Owen Defense,1. e4 b6 2. d4 Bb7 3. Nc3 g6 4. Be3 Bg7 5. Qd2 d6 6. Bd3 Nd7 7. f4 e6 8. Nf3 a6 9. O-O b5 10. a3 Ngf6 11. h3 c5 12. e5 Nd5 13. Nxd5 Bxd5 14. c3 Qc7 15. Qf2 c4 16. Bc2 f5 17. a4 O-O 18. a5 Rab8 19. Bd2 Rfd8 20. Qh4 Bxf3 21. Rxf3 dxe5 22. fxe5 Nxe5 23. Rff1 Nc6 24. Bg5 Re8 25. b4 e5 26. d5 Nd8 27. Rad1 Nf7 28. Be3 Rbd8 29. Bb6 Qd7 30. Bxd8 Rxd8 31. Qf2 e4 32. Qb6 Bxc3 33. Qxa6 Bxb4 34. Qb6 Rc8 35. a6 Bc5+ 36. Qxc5 Rxc5,e4,b6,d4,Bb7,Nc3,g6,Be3,Bg7,Qd2,d6,Bd3,Nd7,f4,e6,Nf3,a6,O-O,b5,a3,Ngf6
"Cuellar Montes,Alejandro",chess.com INT,1.0,Owen Defense,1. e4 b6 2. c4 Bb7 3. Nc3 e5 4. Nf3 Nc6 5. d4 exd4 6. Nxd4 Bb4 7. Nxc6 Bxc3+ 8. bxc3 Bxc6 9. Bd3 Ne7 10. O-O O-O 11. f4 Ng6 12. e5 f6 13. Bxg6 hxg6 14. Be3 Qe7 15. Bd4 fxe5 16. fxe5 Qe6 17. Qe2 Bb7 18. c5 bxc5 19. Bxc5 Rxf1+ 20. Qxf1 Qxe5 21. Bd4 Qd5 22. Qf2 c5 23. Bxc5 Re8 24. Bd4 Re4 25. Rf1 Rf4 26. Qe2 Rxf1+ 27. Qxf1 Qxa2 28. Qf2 Qa4 29. h3 a5 30. Qg3 Qc6 31. Qf2 a4 32. Qa2+ Kh7 33. Qf2 Qe4 34. Kh2 a3 35. Kg1 Bd5 36. Kh2 a2 37. c4 Bxc4 38. Ba1 g5 39. Qb2 Qf4+ 40. Kg1 Qf1+ 41. Kh2 Qf7 42. Qd4 Qf4+ 43. Qxf4 gxf4 44. Kg1 g5 45. Kf2 Kg6 46. g3 Kf5 47. gxf4 Kxf4 48. Bb2 Be6 49. Ba1 Bxh3 50. Kg1 Bf5 51. Kh2 d5 52. Kg1 Ke3 53. Kg2 d4 54. Kf1 d3,e4,b6,c4,Bb7,Nc3,e5,Nf3,Nc6,d4,exd4,Nxd4,Bb4,Nxc6,Bxc3+,bxc3,Bxc6,Bd3,Ne7,O-O,O-O
"Matinian,N",chess.com INT,1.0,Owen Defense,1. e4 b6 2. d4 Bb7 3. Bd3 Nf6 4. Nc3 e6 5. Nf3 Bb4 6. e5 Ne4 7. Bd2 Nxd2 8. Qxd2 Bxf3 9. gxf3 Nc6 10. a3 Nxd4 11. Be4 Bxc3 12. Qxc3 c5 13. Rg1 O-O 14. Bxa8 Qxa8 15. Rg3 Qd5 16. Kf1 Qxe5 17. Re1 Qf5 18. Re4 d5 19. Reg4 g6 20. Qe3 Qxc2 21. Rh3 Qd1+ 22. Kg2 Nc2 23. Qf4 Ne1+ 24. Kg3 Nd3 25. Qf6 Qg1+ 26. Kh4 Qxf2+ 27. Kg5 Qe3+ 28. f4 Qxh3 29. Rh4 Qf5+,e4,b6,d4,Bb7,Bd3,Nf6,Nc3,e6,Nf3,Bb4,e5,Ne4,Bd2,Nxd2,Qxd2,Bxf3,gxf3,Nc6,a3,Nxd4
"Corrales Jimenez,F",chess.com INT,0.0,Modern Defense: Standard Defense,1. e4 g6 2. d4 Bg7 3. Nc3 d6 4. Be3 a6 5. Qd2 b5 6. f3 Nd7 7. Nge2 Bb7 8. a4 b4 9. Nd1 c5 10. c3 a5 11. Nf4 Ngf6 12. Bb5 O-O 13. O-O e5 14. dxe5 Nxe5 15. c4 Ba6 16. Rc1 Bxb5 17. cxb5 c4 18. Nf2 Rc8 19. Kh1 Bh6 20. Rfd1 c3 21. bxc3 Nc4 22. Qe2 Nxe3 23. Qxe3 bxc3 24. g3 Nh5 25. Ng4 Bxf4 26. gxf4 Qc7 27. f5 c2 28. Rd2 Qc3 29. Qxc3 Rxc3 30. Rdxc2 Rxf3 31. Rb1 Rf4 32. Ne3 Rxe4 33. Nd5 Re5 34. Nc7 Nf6 35. b6 Nd7 36. fxg6 hxg6 37. b7 Nb8 38. Nb5 d5 39. Rc8 Re7 40. Nd6 Rd7 41. Rb6 d4 42. Kg2 d3 43. Kf2 Rdd8 44. Ke3 Nd7 45. Rxd8 Rxd8 46. Rc6 Kg7 47. Rc8 Rh8 48. Kxd3 Rh3+ 49. Kc4 Rxh2 50. Kb5 Rb2+ 51. Kc6 Ne5+ 52. Kc7 Rc2+ 53. Kd8 Rb2 54. Rc7 g5 55. Kc8 g4 56. Nb5 Nc4 57. b8=Q Rc2 58. Rxc4 Rxc4+ 59. Kb7 Rxa4 60. Qe5+ Kg6 61. Nd6 Rb4+ 62. Ka6 f6 63. Qf5+ Kg7 64. Ne4 g3 65. Qxf6+,e4,g6,d4,Bg7,Nc3,d6,Be3,a6,Qd2,b5,f3,Nd7,Nge2,Bb7,a4,b4,Nd1,c5,c3,a5
"Naroditsky,D",chess.com INT,1.0,Owen Defense,1. e4 b6 2. d4 Bb7 3. Nc3 e6 4. Bd3 Nf6 5. Nge2 c5 6. d5 exd5 7. exd5 g6 8. Bf4 Bg7 9. Bd6 Nxd5 10. Bc4 Ne7 11. O-O O-O 12. Nf4 Nbc6 13. Ncd5 Bxb2 14. Rb1 Bg7 15. Re1 Nf5 16. Bxf8 Qxf8 17. c3 Ne5 18. Bb3 c4 19. Bc2 Nh4 20. Be4 Bc6 21. g3 Nf5 22. Bxf5 gxf5 23. Qh5 Qc5 24. Rbd1 Re8 25. Re3 Re6 26. Qxf5 h6 27. Nxe6 dxe6 28. Nf6+ Bxf6 29. Qxf6 Nd3 30. Rdxd3 cxd3 31. Rxd3 Bd5 32. Qxh6 Qb5 33. Qg5+ Kf8 34. Qd8+ Kg7 35. Qg5+ Kf8 36. Rd1 Qe2 37. Qd8+ Kg7 38. Qg5+ Kf8 39. Qh6+ Kg8 40. Rxd5 Qe1+ 41. Kg2 Qe4+ 42. Kh3 Qxd5 43. Qf6 Qxa2 44. Qg5+ Kf8 45. Qd8+ Kg7 46. Qg5+ Kf8 47. Qd8+ Kg7 48. Qd4+ Kf8 49. f4 Qd5 50. Qh8+ Ke7 51. Qb8 Qh5+ 52. Kg2 Qd5+ 53. Kh3 Qd7 54. Qe5 a5 55. Qg5+ Kd6 56. Qe5+ Kc6 57. c4 a4 58. Qb5+ Kc7 59. Qa6 e5+ 60. Kh4 exf4 61. Qa7+ Kc8 62. Qa8+ Kc7 63. Qa7+ Kd8 64. Qxb6+ Qc7 65. Qd4+ Ke8 66. Qh8+ Kd7 67. Qd4+ Ke8 68. Qh8+ Kd7 69. Qd4+ Kc8 70. gxf4 Qd8+ 71. Qxd8+ Kxd8 72. Kg5 a3 73. Kf6 a2 74. h4 a1=Q+ 75. Kxf7 Qh8 76. f5 Qxh4 77. Ke6 Qxc4+ 78. Kd6 Ke8,e4,b6,d4,Bb7,Nc3,e6,Bd3,Nf6,Nge2,c5,d5,exd5,exd5,g6,Bf4,Bg7,Bd6,Nxd5,Bc4,Ne7
"Oparin,G",chess.com INT,0.0,Owen Defense,1. e4 b6 2. d4 Bb7 3. Nc3 e6 4. Bd3 Nf6 5. Nf3 Bb4 6. Qe2 d5 7. exd5 Qxd5 8. O-O Bxc3 9. bxc3 Nbd7 10. Re1 O-O 11. a4 c5 12. a5 Rac8 13. c4 Qh5 14. axb6 axb6 15. c3 Bxf3 16. Qxf3 Qxf3 17. gxf3 Rfd8 18. Be3 Nb8 19. Bf1 h6 20. Rab1 Nc6 21. Red1 cxd4 22. cxd4 Na5 23. Rdc1 Nd7 24. f4 Rc7 25. d5 exd5 26. cxd5 Rxc1 27. Rxc1 Nb7 28. Rc6 Nbc5 29. Bh3 Nf6 30. d6 Nce4 31. Bf5 Nxd6 32. Bxb6 Nxf5 33. Bxd8 Nh5 34. Bc7 Nd4 35. Rc4 Nf5 36. Rc5 g6 37. Be5 f6 38. Bb8 Nhg7 39. Rc7 Ne6 40. Ra7 h5 41. Kg2 Kf8 42. Kf3 Ke8 43. Ke4 Nc5+ 44. Kd5 Nd3 45. Ke6 Nc5+ 46. Kxf6 Nd7+ 47. Kxg6 Ne7+ 48. Kxh5 Nxb8 49. Ra8 Nc6 50. Kg6 Kd7 51. Kg7 Ke6 52. h4 Nd7 53. Ra6 Nb8 54. Rb6 Kf5 55. h5 Kxf4 56. h6 Nd4 57. Rxb8 Nf5+ 58. Kg6 Ne7+ 59. Kf7 Nc6 60. h7 Nxb8 61. h8=Q Nc6 62. Qf6+,e4,b6,d4,Bb7,Nc3,e6,Bd3,Nf6,Nf3,Bb4,Qe2,d5,exd5,Qxd5,O-O,Bxc3,bxc3,Nbd7,Re1,O-O
"Antonio,R",chess.com INT,1.0,Modern Defense: Standard Defense,1. e4 d6 2. d4 g6 3. Nc3 Bg7 4. Be3 a6 5. Qd2 b5 6. h4 Nf6 7. f3 Nbd7 8. a4 b4 9. Nce2 c5 10. Bh6 Bxh6 11. Qxh6 cxd4 12. Nxd4 Bb7 13. Qd2 Rb8 14. a5 Qc7 15. Nge2 d5 16. exd5 Nxd5 17. h5 e5 18. Nb3 N7f6 19. hxg6 fxg6 20. Ng3 Rd8 21. Bd3 O-O 22. O-O Nf4 23. Qxb4 Bd5 24. Nc5 Rb8 25. Nxa6 Nxd3 26. Qxb8 Qxc2 27. Qd6 Qxb2 28. Qb6 Qc3 29. Nc7 Nf4 30. Rad1 Bb3 31. Rd6 N6d5 32. Qf2 Qxc7 33. Rb6 Nxb6 34. axb6 Qb7 35. Qc5 Bd5 36. Re1 Bxf3 37. Rxe5 Bxg2 38. Re7 Qd5 39. Qxd5+ Bxd5 40. Kf2 Rb8 41. Ke3 g5,e4,d6,d4,g6,Nc3,Bg7,Be3,a6,Qd2,b5,h4,Nf6,f3,Nbd7,a4,b4,Nce2,c5,Bh6,Bxh6
"Praggnanandhaa,R",Wijk aan Zee NED,0.0,Catalan Opening: Open Defense,1. d4 Nf6 2. c4 e6 3. Nf3 d5 4. g3 dxc4 5. Bg2 c5 6. O-O Nc6 7. dxc5 Qxd1 8. Rxd1 Bxc5 9. Nbd2 c3 10. bxc3 O-O 11. Ne1 Bd7 12. Rb1 Na5 13. Nb3 Nxb3 14. axb3 Bc6 15. Bxc6 bxc6 16. Nd3 Be7 17. Be3 Rfc8 18. Bc5 Kf8 19. Ra1 Rc7 20. Kf1 Nd7 21. Bxe7+ Kxe7 22. Ra3 c5 23. c4 Rb7 24. Rda1 a5 25. Ke1 Kd6 26. Nc1 Rba7 27. Na2 Kc6 28. Nc3 Nb6 29. f4 Nc8 30. Nb5 Ra6 31. Rd1 Nb6 32. Ra2 Rf8 33. Rd6+ Kb7 34. Nc3 Raa8 35. Rad2 Rfc8 36. Ra2 Rf8 37. Rd1 Ra7 38. Rda1 Rfa8 39. Nb5 Ra6 40. Nd6+ Kc7 41. Nxf7 Nd7 42. Ng5 Nf6 43. Nf3 Ne4 44. Nd2 Nf6 45. Kf2 Ng4+ 46. Kg2 e5 47. Ne4 exf4 48. gxf4 Re8 49. Nxc5 Rc6 50. Nd3 Rg6 51. h3 Ne3+ 52. Kf2 Rg2+ 53. Kf3 Rh2 54. Nf2 g5 55. Rxa5 gxf4 56. Ra7+ Kd6 57. Ne4+ Ke6 58. R1a6+ Ke5 59. Ra5+ Kd4 60. Rd7+,d4,Nf6,c4,e6,Nf3,d5,g3,dxc4,Bg2,c5,O-O,Nc6,dxc5,Qxd1,Rxd1,Bxc5,Nbd2,c3,bxc3,O-O
"Bartel,Mat",chess.com INT,0.0,Owen Defense,1. e4 b6 2. d4 Bb7 3. Nc3 e6 4. Bd3 Nf6 5. Nge2 d5 6. exd5 Nxd5 7. O-O Be7 8. Nxd5 Qxd5 9. Nf4 Qd7 10. c3 Nc6 11. Qe2 O-O 12. Bd2 Rad8 13. Rae1 Rfe8 14. Bc1 g6 15. Bb5 Bf6 16. a4 Bg7 17. Rd1 Qd6 18. Rfe1 Ra8 19. Qf1 a6 20. Bc4 Na5 21. Ba2 Bc6 22. b4 Bxa4 23. bxa5 Bxd1 24. Rxd1 bxa5 25. Nd3 Qc6 26. Nc5 e5 27. Qc4 exd4 28. Qxf7+ Kh8 29. Ne6 Rg8 30. Nxg7 Rxg7 31. Qd5 Qxd5 32. Bxd5 Rd8 33. Bc4 c5 34. Bg5 Rf8 35. cxd4 Rf5 36. Be3 Rd7 37. d5 Kg7 38. g4 Re5 39. Bxc5 Re4 40. Bxa6 Rxg4+ 41. Kf1 Rg5 42. Bc4 Rc7 43. Bd4+ Kf8 44. Bb3 a4 45. Bxa4 Ke7 46. Be3,e4,b6,d4,Bb7,Nc3,e6,Bd3,Nf6,Nge2,d5,exd5,Nxd5,O-O,Be7,Nxd5,Qxd5,Nf4,Qd7,c3,Nc6
"Rozman,Levy",chess.com INT,1.0,Horwitz Defense,1. d4 e6 2. Nf3 b6 3. Bg5 Be7 4. h4 Bb7 5. Nbd2 Nf6 6. e3 h6 7. Bxf6 Bxf6 8. Bd3 d5 9. c3 c5 10. a4 Nc6 11. Qe2 Qc7 12. O-O O-O 13. dxc5 bxc5 14. e4 c4 15. Bc2 a5 16. g3 Rad8 17. Rfe1 Qb6 18. Rab1 Ba6 19. e5 Be7 20. Kg2 f6 21. exf6 Rxf6 22. Nf1 Rdf8 23. N1h2 e5 24. Rf1 e4 25. Ng1 Bc5 26. f3 Bxg1,d4,e6,Nf3,b6,Bg5,Be7,h4,Bb7,Nbd2,Nf6,e3,h6,Bxf6,Bxf6,Bd3,d5,c3,c5,a4,Nc6
"Shafer,Logan C",chess.com INT,0.0,Owen Defense,1. e4 b6 2. d4 Bb7 3. Bd3 e6 4. Ne2 Nf6 5. Nd2 d5 6. e5 Nfd7 7. c3 c5 8. O-O Nc6 9. f4 g6 10. Nf3 Be7 11. Be3 h5 12. Kh1 h4 13. Bf2 Qc8 14. Rc1 Ba6 15. c4 Nb4 16. b3 Nxd3 17. Qxd3 dxc4 18. bxc4 cxd4 19. Nexd4 h3 20. g3 Qb7 21. Qe3 Rc8 22. Nb5 O-O 23. Rfd1 Nc5 24. Nd6 Bxd6 25. exd6 Qc6 26. Kg1 Bb7 27. Rc3 Rfd8 28. Qe5 Ne4 29. Bd4 f6 30. Qxe6+ Kh7 31. Qf7+ Kh6 32. Bxf6 Rd7 33. Bg5+ Nxg5 34. fxg5+ Kh5 35. Qf4 Qc5+ 36. Rd4,e4,b6,d4,Bb7,Bd3,e6,Ne2,Nf6,Nd2,d5,e5,Nfd7,c3,c5,O-O,Nc6,f4,g6,Nf3,Be7
"Tregubov,P",chess.com INT,0.0,Owen Defense,1. e4 b6 2. d4 Bb7 3. Nc3 e6 4. Nf3 Nf6 5. Bd3 Bb4 6. Qe2 d5 7. exd5 Qxd5 8. O-O Qh5 9. Ne4 Nbd7 10. Bf4 O-O-O 11. c4 Qg4 12. Qe3 Bxe4 13. Bxe4 Bd6 14. Bxd6 Qxe4 15. Bf4 Qxe3 16. Bxe3 Kb7 17. h3 h6 18. b4 Ne4 19. a4 Nd6 20. Rfc1 Nf5 21. a5 f6 22. Ra3 a6 23. axb6 Nxb6 24. g4 Ne7 25. Nd2 Nc6 26. Nb3 Nxb4 27. Nc5+ Kc6 28. Nxe6 Rdg8 29. d5+ Kd7 30. Nc5+ Kd6 31. Nxa6 Nxa6 32. Rxa6 Ke5 33. Bxb6 cxb6 34. Rxb6 Rc8 35. Re6+ Kd4 36. Re7 g5 37. d6 Rhd8 38. Re6 Rf8 39. c5 Rxc5 40. Rxc5 Kxc5 41. d7 Rd8 42. Rxf6 Rxd7 43. Rxh6 Rg7 44. Kg2 Kd5 45. Kg3 Ke5 46. h4,e4,b6,d4,Bb7,Nc3,e6,Nf3,Nf6,Bd3,Bb4,Qe2,d5,exd5,Qxd5,O-O,Qh5,Ne4,Nbd7,Bf4,O-O-O
"Koellner,Ruben Gideon",chess.com INT,1.0,Horwitz Defense,1. d4 e6 2. Nf3 b6 3. e4 Bb7 4. Nbd2 Nf6 5. Bd3 d5 6. e5 Nfd7 7. c3 c5 8. O-O Be7 9. h4 Qc8 10. h5 Ba6 11. Qe2 Bxd3 12. Qxd3 Qa6 13. Qe3 Nc6 14. h6 gxh6 15. Qxh6 Qd3 16. Qf4 Rg8 17. Re1 h5 18. Qe3 Qg6 19. g3 cxd4 20. Nxd4 Ncxe5 21. N2f3 Ng4 22. Qe2 h4 23. Bf4 hxg3 24. fxg3 Rh8 25. Kg2 Ngf6 26. Nxe6 fxe6 27. Qxe6 Rh7 28. Nh4 Qg4 29. Nf5 Kd8 30. Rh1 Nh5 31. Raf1 Rc8 32. Qxd5 Nf6 33. Qd3 Rxh1 34. Rxh1 Nh5 35. Nxe7 Nxf4+ 36. Kf2 Nxd3+ 37. Ke3 Qxg3+ 38. Kd4 Kxe7 39. Rh7+ Kd6 40. Rh6+ Kc7 41. Rh7 Re8 42. Rxd7+ Kxd7 43. Kc4 Nxb2+ 44. Kb3 Nd1 45. Ka4 Nxc3+ 46. Kb4 Re4+ 47. Ka3 Nb5+ 48. Kb2 Re2+ 49. Kc1 Qe1#,d4,e6,Nf3,b6,e4,Bb7,Nbd2,Nf6,Bd3,d5,e5,Nfd7,c3,c5,O-O,Be7,h4,Qc8,h5,Ba6
"Goltsev,Dmitry",chess.com INT,0.0,Owen Defense,1. e4 b6 2. Nf3 Bb7 3. Nc3 e6 4. d4 Bb4 5. Bd3 Nf6 6. Qe2 d5 7. exd5 Qxd5 8. Bd2 Qh5 9. a3 Bd6 10. Nb5 Bxf3 11. Nxd6+ cxd6 12. gxf3 Nc6 13. Bb5 Rc8 14. Qc4 Qxf3 15. Rg1 O-O 16. c3 Ng4 17. Qe2 Nxh2 18. Bh6 g6 19. Bxf8 Kxf8 20. Bxc6 Rxc6 21. Rd1 h5 22. Rd3 Qxe2+ 23. Kxe2 Ng4 24. d5 Rc5 25. Rgd1 e5 26. f3 Nf6 27. b3 b5 28. Kf2 Kg7 29. Rc1 g5 30. c4 Kg6 31. b4 Rxc4 32. Rxc4 bxc4 33. Rc3 Nxd5 34. Rxc4 Kf5 35. Rc6 Ke6 36. Ra6 f5 37. Rxa7 g4 38. Rh7 Nf6 39. Rh6 f4 40. b5 d5 41. Rxf6+ Kxf6 42. b6 e4 43. b7 e3+ 44. Ke2,e4,b6,Nf3,Bb7,Nc3,e6,d4,Bb4,Bd3,Nf6,Qe2,d5,exd5,Qxd5,Bd2,Qh5,a3,Bd6,Nb5,Bxf3
"Sorensen,Hampus",chess.com INT,1.0,Horwitz Defense,1. d4 e6 2. c4 c5 3. d5 exd5 4. cxd5 d6 5. Nc3 a6 6. a4 g6 7. e4 Bg7 8. h3 Ne7 9. Nf3 O-O 10. Bd3 Nd7 11. O-O f5 12. exf5 Nxf5 13. Bf4 Nh4 14. Nxh4 Rxf4 15. Nf3 Ne5 16. Be2 Qb6 17. Qd2 Qb4 18. a5 Nxf3+ 19. Bxf3 Rd4 20. Qg5 Bf5 21. Qe7 Bf8 22. Qe2 Qb3 23. Bg4 Qc2 24. Bxf5 Qxf5 25. Rfe1 Bg7 26. Rad1 Rxd1 27. Rxd1 Be5 28. Rd3 Re8 29. Re3 Kg7 30. Kh1 Rf8 31. Rf3 Qg5 32. Rxf8 Qc1+ 33. Qd1 Qxd1+ 34. Nxd1 Kxf8 35. b3 Bd4 36. g3 Ke7 37. Kg2 Kd7 38. Kf3 Kc7 39. Ke4 b5 40. axb6+ Kxb6 41. Kd3 Kb5 42. Ne3 Bxe3 43. fxe3 Kb4 44. Kc2 c4 45. bxc4 Kxc4 46. e4 Kd4,d4,e6,c4,c5,d5,exd5,cxd5,d6,Nc3,a6,a4,g6,e4,Bg7,h3,Ne7,Nf3,O-O,Bd3,Nd7
"Craciun,Sasha-Matei",chess.com INT,1.0,Owen Defense,1. e4 b6 2. d4 Bb7 3. Bd3 e6 4. Nf3 Nf6 5. Qe2 d5 6. Nbd2 Be7 7. O-O c5 8. e5 Nfd7 9. c3 Nc6 10. a3 g5 11. b4 g4 12. Ne1 cxd4 13. cxd4 h5 14. Nb3 a5 15. b5 Na7 16. a4 Rc8 17. Bd2 Bb4 18. Nc2 Bxd2 19. Qxd2 Qc7 20. Rac1 Qc3 21. Nca1 Qxd2 22. Nxd2 Ke7 23. Nab3 f6 24. exf6+ Nxf6 25. f3 Rxc1 26. Rxc1 Rc8 27. Rxc8 Nxc8 28. Kf2 Nd6 29. Ke3 Bc8 30. Nc1 gxf3 31. gxf3 Bd7 32. Ne2 Be8 33. Nf4 Bf7 34. Kf2 Ng8 35. Kg3 Nh6 36. Ne2 Kf6 37. Kf4 h4 38. Nf1 Bh5 39. Ne3 Ndf7 40. Ng4+ Bxg4 41. fxg4 Ng5 42. Ng1 Nhf7 43. Bc2 e5+ 44. dxe5+ Nxe5 45. Ne2 Ne6+ 46. Ke3 Nxg4+ 47. Kf3 Nxh2+ 48. Kg2 Ng4 49. Kh3 Kg5 50. Bh7 d4 51. Kg2 Nf4+ 52. Nxf4 Kxf4 53. Kh3 d3 54. Kxh4 d2 55. Bc2 Ne3,e4,b6,d4,Bb7,Bd3,e6,Nf3,Nf6,Qe2,d5,Nbd2,Be7,O-O,c5,e5,Nfd7,c3,Nc6,a3,g5
"Ragger,M",chess.com INT,0.5,Horwitz Defense,1. d4 e6 2. c4 c5 3. d5 exd5 4. cxd5 d6 5. Nc3 a6 6. a4 g6 7. Bf4 Bg7 8. e3 Ne7 9. Nf3 Bg4 10. Be2 Bxf3 11. Bxf3 Qb6 12. O-O Nd7 13. Ne4 Ne5 14. a5 Qc7 15. Rc1 O-O 16. b4 c4 17. Be2 b5 18. axb6 Qxb6 19. Bxe5 Bxe5 20. Rxc4 a5 21. bxa5 Rxa5 22. Bf3 Nxd5 23. Rc1 Kg7 24. Rb1 Qa7 25. Rc1 Rb8 26. Nxd6 Nxe3 27. fxe3 Qxe3+ 28. Kh1 Qh6 29. Bh5 f6 30. Nf5+ gxf5 31. Qd7+ Kh8 32. Rc8+ Rxc8 33. Qxc8+ Kg7 34. Qd7+ Kh8 35. Qe8+ Kg7 36. Qd7+ Kh8 37. Qe8+ Kg7 38. Qe7+ Kh8 39. Qe8+,d4,e6,c4,c5,d5,exd5,cxd5,d6,Nc3,a6,a4,g6,Bf4,Bg7,e3,Ne7,Nf3,Bg4,Be2,Bxf3
"Chor,Kevin",chess.com INT,1.0,Owen Defense,1. e4 b6 2. d4 Bb7 3. Bd3 e6 4. Nf3 Nf6 5. Nbd2 d5 6. e5 Nfd7 7. O-O c5 8. c3 Nc6 9. Re1 Be7 10. Nf1 g5 11. Bb5 g4 12. N3d2 h5 13. Nb3 c4 14. Nbd2 a6 15. Ba4 b5 16. Bc2 Qc7 17. f4 O-O-O 18. Ne3 Rdg8 19. Ndf1 Bh4 20. g3 Be7 21. f5 Ndxe5 22. dxe5 Nxe5 23. Re2 h4 24. Ng2 Nf3+ 25. Kf2 Nxh2 26. Bf4 Bc5+ 27. Nge3 e5,e4,b6,d4,Bb7,Bd3,e6,Nf3,Nf6,Nbd2,d5,e5,Nfd7,O-O,c5,c3,Nc6,Re1,Be7,Nf1,g5
"Yurovskykh,Oleksandr",chess.com INT,1.0,Horwitz Defense,1. d4 e6 2. Nf3 c5 3. c3 b6 4. Bf4 Bb7 5. e3 Nf6 6. Nbd2 Nh5 7. Bg5 Be7 8. Bxe7 Qxe7 9. g3 O-O 10. Bg2 d6 11. O-O Nd7 12. Qe2 f5 13. Ne1 Bxg2 14. Nxg2 Nhf6 15. Rad1 e5 16. dxe5 Nxe5 17. Nc4 Nxc4 18. Qxc4+ d5 19. Qb3 Qf7 20. a4 g5 21. a5 Rab8 22. axb6 axb6 23. Qc2 Qe6 24. Rd3 Ng4 25. Rdd1 Rbd8 26. h3 Nf6 27. Kh2 Ne4 28. f3 Nd6 29. Rd3 Nc4 30. b3 Ne5 31. Rd2 g4 32. Nh4 gxh3 33. Rfd1 b5 34. b4 cxb4 35. cxb4 Nc4 36. Re2 Nxe3 37. Qd3 d4 38. Qxb5 Rfe8 39. Rde1 Rd5 40. Qd3 Qd7 41. b5 Qxb5 42. Qxb5 Rxb5 43. Kxh3 Re6 44. Rd2 Rd5 45. Rd3 Kf7 46. Re2 Nc4 47. Rc2 Ne5 48. Ra3 d3 49. Rc7+ Nd7 50. Raa7 Red6 51. Ra1 d2 52. Rd1 Kf6 53. Kg2 Nc5 54. Kf2 Nd3+ 55. Ke2 Nb2 56. f4 Re6+ 57. Kf3 Nxd1 58. Rxh7 Rd3+ 59. Kg2 Ne3+ 60. Kh3 d1=Q 61. Rh6+ Kf7 62. Rh7+ Kg8 63. Ra7 Qh1#,d4,e6,Nf3,c5,c3,b6,Bf4,Bb7,e3,Nf6,Nbd2,Nh5,Bg5,Be7,Bxe7,Qxe7,g3,O-O,Bg2,d6
"Tymrakiewicz,R",chess.com INT,1.0,Owen Defense,1. e4 b6 2. d4 Bb7 3. Nd2 e6 4. Bd3 d5 5. e5 c5 6. c3 Nc6 7. Ndf3 Be7 8. Ne2 g5 9. h3 h5 10. h4 gxh4 11. Be3 Nh6 12. Bxh6 Rxh6 13. Qd2 Rh8 14. O-O-O c4 15. Bc2 b5 16. Nf4 b4 17. Qe3 Qa5 18. a4 b3 19. Bb1 Qxa4 20. Nxd5 exd5 21. e6 f6 22. Bg6+ Kd8 23. Kd2 Qa2 24. Rb1 Kc7 25. Ke2 Rag8 26. Nxh4 Kb8 27. Qf4+ Ka8 28. Qc1 Qa5 29. Ra1 Qc7 30. g3 Bd6 31. Rg1 Nd8 32. Bf5 Re8 33. Qe3 Bc8 34. Kf1 Nxe6 35. Qf3 Bb7 36. Bxe6 Rxe6 37. Nf5 Qd8 38. Rh1 Bb8 39. Kg2 Qg8 40. Rhe1 Rxe1 41. Rxe1 Qg4 42. Qxg4 hxg4 43. Ne7 Re8 44. Nc6 Rxe1,e4,b6,d4,Bb7,Nd2,e6,Bd3,d5,e5,c5,c3,Nc6,Ndf3,Be7,Ne2,g5,h3,h5,h4,gxh4
"Martinez Fernandez,Adrian",chess.com INT,1.0,Owen Defense,1. e4 b6 2. d4 Bb7 3. Bd3 e6 4. Nf3 Nf6 5. Qe2 d5 6. Nbd2 Be7 7. h4 h6 8. c3 dxe4 9. Nxe4 Nbd7 10. Bf4 c5 11. O-O-O Qc8 12. dxc5 Nxc5 13. Bb5+ Bc6 14. Nd6+ Bxd6 15. Rxd6 Bxb5 16. Qxb5+ Kf8 17. Rhd1 Nfe4 18. R6d4 Nxf2 19. Rf1 Nfe4 20. Ne5 Kg8 21. Nxf7 Kxf7 22. Rxe4 Nxe4 23. Qh5+ Kg8 24. Be5 Qd7 25. Qg6 Nc5 26. Kc2 Rd8 27. b4 Qd2+ 28. Kb1 Qd3+ 29. Qxd3 Nxd3 30. Rd1 Kh7,e4,b6,d4,Bb7,Bd3,e6,Nf3,Nf6,Qe2,d5,Nbd2,Be7,h4,h6,c3,dxe4,Nxe4,Nbd7,Bf4,c5
"Manvelyan,Mikayel",chess.com INT,1.0,Owen Defense,1. e4 b6 2. d4 Bb7 3. Nc3 e6 4. a3 Nf6 5. Bd3 d5 6. exd5 Nxd5 7. Nxd5 Qxd5 8. Nf3 Nc6 9. O-O Nxd4 10. Be2 Nxf3+ 11. Bxf3 Qxd1 12. Bxd1 O-O-O 13. Be2 Be7 14. Be3 Bf6 15. c3 Rd7 16. a4 a5 17. Bb5 Rd6 18. Rfe1 Rhd8 19. h3 h6 20. Bf4 Rd5 21. Be3 Bg5 22. Bd4 Bf6 23. Bxf6 gxf6 24. Re3 Rd1+ 25. Rxd1 Rxd1+ 26. Kh2 Rd2 27. Rg3 c6 28. Bc4 Rxb2 29. Rg8+ Kc7 30. Rg7 b5 31. Rxf7+ Kb6 32. Bxe6 Rxf2 33. Kg1 Rc2 34. Rxf6 bxa4 35. Rxh6 a3 36. h4 a2 37. Bxa2 Rxa2 38. h5 a4 39. Rh8 c5 40. Rg8 a3 41. h6 Be4 42. Rg4 Re2 43. Rg8 a2,e4,b6,d4,Bb7,Nc3,e6,a3,Nf6,Bd3,d5,exd5,Nxd5,Nxd5,Qxd5,Nf3,Nc6,O-O,Nxd4,Be2,Nxf3+
"Sychev,K",chess.com INT,1.0,Owen Defense,1. e4 b6 2. d4 Bb7 3. Bd3 e6 4. Nf3 Nf6 5. Qe2 d5 6. e5 Ne4 7. Nbd2 Nxd2 8. Bxd2 c5 9. c3 Be7 10. h4 h6 11. h5 Qc8 12. a4 Ba6 13. Bb5+ Bxb5 14. axb5 c4 15. Qd1 Qd7 16. Qa4 a5 17. Rh3 O-O 18. Rg3 Kh8 19. O-O-O Qe8 20. Rh1 Rg8 21. Nh4 Nd7 22. f4 Nf8 23. Nf3 Nh7 24. Rgh3 f5 25. exf6 Nxf6 26. Ne5 Ne4 27. Re1 Bf6 28. Ng6+ Kh7 29. g4 Qd7 30. g5 hxg5 31. fxg5 Bxg5 32. Bxg5 Nxg5 33. Qc2 Qf7 34. Rg3 Ne4 35. Reg1 Qf5 36. Ne7 Qf4+ 37. Kb1 Qf7 38. Nxg8 Rxg8 39. Rg6 Qf5 40. Ka1 a4 41. h6 Qxg6 42. Rxg6 Kxg6 43. hxg7 Rxg7 44. Qg2+ Kf6 45. Qh2 Rg3 46. Qh6+ Kf5 47. Qh7+ Kf4 48. Qc7+ Ke3 49. Qxb6 a3 50. bxa3 Kd3 51. Qxe6 Kc2 52. Qf5 Rxc3 53. Ka2 Rb3 54. b6 c3 55. a4 Rb2+ 56. Ka3 Rb3+ 57. Ka2 Rxb6 58. Qxd5 Rb2+ 59. Ka3 Nd2 60. Qf5+ Kc1 61. a5 c2 62. Qf4 Rb1 63. Ka4 Kd1 64. Qg4+ Kc1 65. Qf4 Kd1 66. Qg4+ Ke1 67. Qg3+ Ke2 68. Qg4+ Kd3 69. Qf5+ Kc3 70. Qh3+ Kc4 71. Qc8+ Kd3 72. Qh3+ Kxd4 73. Qd7+ Ke3 74. Qe7+ Ne4 75. Qa3+ Ke2,e4,b6,d4,Bb7,Bd3,e6,Nf3,Nf6,Qe2,d5,e5,Ne4,Nbd2,Nxd2,Bxd2,c5,c3,Be7,h4,h6
"Kilic,Eray",chess.com INT,1.0,Owen Defense,1. e4 b6 2. Nc3 Bb7 3. d4 e6 4. Nf3 Nf6 5. e5 Ne4 6. Bd3 d5 7. exd6 Nxc3 8. bxc3 Bxd6 9. O-O Nd7 10. Qe2 Nf6 11. Rd1 Qe7 12. a4 a5 13. c4 O-O 14. c3 h6 15. Ne5 c5 16. Qe3 Rfd8 17. Qg3 Kf8 18. Be3 Rac8 19. Rab1 Qc7 20. h3 Ne4 21. Qh4 Nxc3 22. Bxh6 Bxe5 23. dxe5 Rd4 24. Bf4 Qc6 25. f3 Nxb1 26. Qh8+ Ke7 27. Bg5+ Kd7 28. Qxg7 Kc7 29. Qxf7+ Rd7 30. Qg6 Nc3 31. Rc1 Qxa4 32. Kh2 Na2 33. Rc2 Nb4 34. Rc3 Nxd3 35. Rxd3 Qxc4 36. Rxd7+ Kxd7 37. h4 a4 38. h5 a3,e4,b6,Nc3,Bb7,d4,e6,Nf3,Nf6,e5,Ne4,Bd3,d5,exd6,Nxc3,bxc3,Bxd6,O-O,Nd7,Qe2,Nf6
"Kravtsiv,M",chess.com INT,1.0,Owen Defense,1. e4 b6 2. d4 Bb7 3. Bd3 e6 4. Nf3 Nf6 5. Qe2 d5 6. e5 Ne4 7. Nbd2 Nxd2 8. Bxd2 c5 9. c3 Be7 10. h4 h6 11. Rh3 Qc8 12. Rg3 Bf8 13. c4 Nd7 14. Rc1 a6 15. cxd5 Bxd5 16. b4 Qb7 17. bxc5 bxc5 18. Kf1 g5 19. hxg5 hxg5 20. Kg1 cxd4 21. Nxg5 Nc5 22. Nxf7 Nxd3 23. Nxh8 Nxc1 24. Qh5+ Kd7 25. Bxc1 Qb1 26. Kh2 Qxc1 27. Qf7+ Kc6 28. Ng6 Qh6+ 29. Rh3 Qg7 30. Ne7+ Kc5,e4,b6,d4,Bb7,Bd3,e6,Nf3,Nf6,Qe2,d5,e5,Ne4,Nbd2,Nxd2,Bxd2,c5,c3,Be7,h4,h6
"Sagalchik,G",London ENG,1.0,Horwitz Defense,1. d4 e6 2. c4 c5 3. d5 exd5 4. cxd5 d6 5. Nc3 g6 6. e4 Bg7 7. Bd3 a6 8. a4 Ne7 9. Nge2 O-O 10. O-O Nd7 11. f4 f5 12. e5 dxe5 13. d6 Nc6 14. Bc4+ Kh8 15. Nd5 e4 16. Nc7 Nb6 17. Nxa8 Nxc4 18. Nc7 Nxd6 19. Nd5 Be6 20. Nec3 Nc4 21. Kh1 Bd4 22. b3 N4a5 23. b4 cxb4 24. Be3 Bxe3 25. Nxe3 bxc3 26. Qe1 Qd2 27. Qg3 c2 28. Rac1 Nd4 29. Rfe1 Nab3 30. Nxc2,d4,e6,c4,c5,d5,exd5,cxd5,d6,Nc3,g6,e4,Bg7,Bd3,a6,a4,Ne7,Nge2,O-O,O-O,Nd7
"Grahn,Vidar",London ENG,1.0,Horwitz Defense,1. d4 e6 2. c4 c5 3. d5 exd5 4. cxd5 d6 5. Nc3 a6 6. a4 g6 7. g3 Bg7 8. Bg2 Ne7 9. Nh3 O-O 10. O-O Nd7 11. Nf4 Ne5 12. a5 Nf5 13. e3 Bd7 14. Qb3 Rb8 15. Ne4 Re8 16. h3 Qc7 17. Qb6 Qxb6 18. axb6 Nc4 19. Rb1 Bb5 20. b3 Nxb6 21. Rd1 Rbd8 22. Bb2 Bxb2 23. Rxb2 Kg7 24. Nc3 Bd7 25. b4 Nc4 26. Rbb1 b5 27. bxc5 dxc5 28. Nd3 Rc8 29. e4 Nfd6 30. Re1 b4 31. Nd1 Nd2 32. Rb2 N2xe4 33. Rbe2 Bb5 34. Re3 Bxd3 35. Rxd3 c4 36. Rde3 c3 37. Bxe4 Rxe4 38. Rxe4 Nxe4 39. Ne3 b3 40. d6 Nxd6,d4,e6,c4,c5,d5,exd5,cxd5,d6,Nc3,a6,a4,g6,g3,Bg7,Bg2,Ne7,Nh3,O-O,O-O,Nd7
Aarit Kapil,chess.com INT,1.0,Owen Defense,1. e4 b6 2. d4 Bb7 3. Nc3 e6 4. Nf3 Nf6 5. Bd3 Bb4 6. e5 Ne4 7. Bd2 Nxd2 8. Qxd2 Bxf3 9. gxf3 Nc6 10. Be4 f5 11. exf6 Qxf6 12. O-O-O d5 13. Bd3 Nxd4 14. a3 Nxf3 15. Bb5+ Kf8 16. Qe3 Bc5 17. Qd3 g6 18. h4 Kg7 19. h5 Rhf8 20. hxg6 hxg6 21. Rh3 Ne5 22. Qe2 Qg5+ 23. Kb1 Rxf2 24. Qe1 Rff8 25. Qe2 Rh8 26. Rxh8 Rxh8 27. Re1 Bd6 28. Qf2 Rf8 29. Qd4 Rf4 30. Qd1 Qf6 31. Rh1 c6 32. Be2 Bc5 33. Qe1 Bf2 34. Qf1 Rh4 35. Rxh4 Qxh4 36. Nd1 Bc5 37. b4 Be7 38. Ne3 Bf6 39. c3 Qe4+ 40. Nc2 Nc4 41. Bxc4 Qxc4 42. Qxc4 dxc4 43. Kb2 g5 44. a4 g4 45. Ne3 g3 46. Kc2 Bg5 47. Ng2 Kg6 48. Kd1 Kf5 49. Ke2 Ke4 50. Ne1 b5 51. a5 Bc1 52. Ng2 Bb2 53. Kd2 Kf3 54. Nh4+ Kf2 55. Kc2 Ba1,e4,b6,d4,Bb7,Nc3,e6,Nf3,Nf6,Bd3,Bb4,e5,Ne4,Bd2,Nxd2,Qxd2,Bxf3,gxf3,Nc6,Be4,f5
"Ter Sahakyan,S",chess.com INT,0.0,Owen Defense,1. e4 b6 2. d4 Bb7 3. Nc3 e6 4. Nf3 Nf6 5. e5 Ne4 6. Nxe4 Bxe4 7. Bd3 Bxd3 8. Qxd3 d5 9. O-O c5 10. Bg5 c4 11. Qe2 Qd7 12. b3 Qc6 13. Be3 Nd7 14. Ng5 h6 15. Nh3 Rc8 16. Nf4 b5 17. g3 a5 18. h4 b4 19. Qh5 g6 20. Qg4 h5 21. Qf3 a4 22. Nh3 Be7 23. Bg5 a3 24. Bxe7 Kxe7 25. Ng5 Rhf8 26. Qf4 f5 27. exf6+ Rxf6 28. Qd2 Qd6 29. Rae1 cxb3 30. cxb3 Rc3 31. Re3 Rxe3 32. Qxe3 Nb8 33. Re1 Nc6 34. Qd3 Kd7 35. Qa6 Qc7 36. Rc1 e5 37. Qb5 exd4 38. Qxd5+ Qd6 39. Ne4 Qxd5 40. Nxf6+ Kd6 41. Nxd5 Kxd5 42. Kf1 d3 43. Rc4 Nd4 44. Ke1 Ne2 45. Kd2 Nc3 46. Rxb4 Nxa2 47. Ra4,e4,b6,d4,Bb7,Nc3,e6,Nf3,Nf6,e5,Ne4,Nxe4,Bxe4,Bd3,Bxd3,Qxd3,d5,O-O,c5,Bg5,c4
"Reprintsev,A",chess.com INT,1.0,Owen Defense,1. e4 b6 2. d4 Bb7 3. Bd3 e6 4. Qe2 Nf6 5. f3 d5 6. e5 Nfd7 7. c3 c5 8. f4 Nc6 9. Nf3 cxd4 10. cxd4 Nb4 11. Nc3 Nxd3+ 12. Qxd3 g6 13. h4 h5 14. a4 Bb4 15. O-O Rc8 16. Bd2 a5 17. Nb5 Be7 18. g3 O-O 19. Kh2 Nb8 20. Na7 Ba6 21. Qb3 Rc4 22. Rfc1 Bb4 23. Bxb4 Rxb4 24. Qa3 Qd7 25. Nb5 Bxb5 26. axb5 Qxb5 27. Rc2 Rb3,e4,b6,d4,Bb7,Bd3,e6,Qe2,Nf6,f3,d5,e5,Nfd7,c3,c5,f4,Nc6,Nf3,cxd4,cxd4,Nb4
Nguyen Ngoc Truong Son,chess.com INT,1.0,Owen Defense,1. e4 b6 2. d4 Bb7 3. Nc3 e6 4. a3 Nf6 5. Bd3 d5 6. exd5 Nxd5 7. Nf3 Nxc3 8. bxc3 Nd7 9. O-O Bd6 10. Re1 h6 11. a4 c5 12. a5 Qc7 13. a6 Bc6 14. Qe2 Rc8 15. Ne5 Bxe5 16. dxe5 c4 17. Be4 O-O 18. Ba3 Bxe4 19. Bxf8 Bxg2 20. Bxg7 Qc6 21. Bxh6 Bf3 22. Qf1 f6 23. exf6 Kf7 24. Qh3 Rg8+ 25. Bg7 Nxf6 26. Rxe6 Rxg7+ 27. Kf1,e4,b6,d4,Bb7,Nc3,e6,a3,Nf6,Bd3,d5,exd5,Nxd5,Nf3,Nxc3,bxc3,Nd7,O-O,Bd6,Re1,h6
"Niemann,Hans Moke",chess.com INT,0.0,Owen Defense,1. e4 b6 2. d4 Bb7 3. Bd3 e6 4. Nf3 Nf6 5. Nbd2 d5 6. e5 Nfd7 7. O-O c5 8. c3 Be7 9. Re1 Ba6 10. Bc2 Nc6 11. Nf1 Rc8 12. a3 Qc7 13. Bb1 Na5 14. Ng3 cxd4 15. Nxd4 g6 16. f4 h5 17. h3 h4 18. Nh1 Nc6 19. Be3 Nc5 20. Nf2 Bc4 21. b4 Nxd4 22. cxd4 Nb3 23. Ra2 a5 24. Rb2 axb4 25. axb4 Bxb4 26. Ree2 Bxe2 27. Qxb3 Qc3 28. Qxc3 Bxc3 29. Rxe2 Bxd4 30. Bxd4 Rc1+ 31. Kh2 Rxb1 32. Ra2 Kf8 33. Ng4 Kg7 34. Ra7 Rb4 35. Bf2 Rxf4 36. Bxb6 Rc8 37. Rd7 Rf1 38. Bd8 Rcc1 39. Bf6+,e4,b6,d4,Bb7,Bd3,e6,Nf3,Nf6,Nbd2,d5,e5,Nfd7,O-O,c5,c3,Be7,Re1,Ba6,Bc2,Nc6
"Velikanov,A",chess.com INT,1.0,Owen Defense,1. e4 b6 2. d4 Bb7 3. Bd3 e6 4. Nh3 Nf6 5. Qe2 d5 6. exd5 Qxd5 7. Nf4 Qxd4 8. Nc3 Bb4 9. O-O O-O 10. Be3 Qe5 11. Nb5 a6 12. Nd4 Nbd7 13. Nf3 Qxb2 14. Rab1 Qa3 15. Rb3 Qa5 16. a3 Bd6 17. Bd2 Qa4 18. Rb4 Bxb4 19. axb4 Bxf3 20. gxf3 c5 21. Kh1 cxb4 22. Rg1 Qa5,e4,b6,d4,Bb7,Bd3,e6,Nh3,Nf6,Qe2,d5,exd5,Qxd5,Nf4,Qxd4,Nc3,Bb4,O-O,O-O,Be3,Qe5
"Ilamparthi,A R",chess.com INT,1.0,Owen Defense,1. e4 b6 2. d4 Bb7 3. Bd3 e6 4. Nf3 Nf6 5. Qe2 d5 6. e5 Ne4 7. O-O c5 8. c3 Be7 9. Nbd2 Nxd2 10. Bxd2 Qc8 11. Ng5 Ba6 12. Bxa6 Qxa6 13. Qh5 Bxg5 14. Qxg5 O-O 15. Qg3 Kh8 16. Rfe1 Nc6 17. dxc5 bxc5 18. Re3 Rab8 19. Qh4 Qc4 20. Qxc4 dxc4 21. Rb1 Rfd8 22. Re2 Rd3 23. f4 h5 24. Be3 Rb5 25. Kf2 Ne7 26. Rd2 Rxd2+ 27. Bxd2 Kh7 28. Ke3 Kg6 29. Ke4 Rb7 30. b3 a6 31. Rb2 cxb3 32. Rxb3 Rd7 33. Be3 c4 34. Ra3 Rd3 35. Rxa6 Rxc3 36. Bc5 Nf5 37. Rc6 Rc2 38. g3 Rxh2 39. a4 Ra2 40. Ra6 Nxg3+ 41. Kf3 Nf5 42. a5 c3 43. Bf2 c2 44. Rc6 Rxa5 45. Rxc2 Ra3+ 46. Ke4 h4 47. Rc1 h3 48. Rg1+ Kh7 49. Rh1 f6 50. exf6 gxf6 51. Rc1 Kg6 52. Rg1+ Kh5 53. Rc1 Kg4 54. Rc8 Ra4+ 55. Kd3 Kf3,e4,b6,d4,Bb7,Bd3,e6,Nf3,Nf6,Qe2,d5,e5,Ne4,O-O,c5,c3,Be7,Nbd2,Nxd2,Bxd2,Qc8
"Nepomniachtchi,I",Riyadh KSA,1.0,Catalan Opening: Open Defense,1. c4 e6 2. Nf3 d5 3. d4 Nf6 4. g3 dxc4 5. Bg2 Bd7 6. Ne5 Bc6 7. Nxc6 Nxc6 8. Qa4 Qd7 9. Qxc4 Nd5 10. e3 h5 11. h4 O-O-O 12. Nc3 f5 13. Bd2 Kb8 14. Rc1 Be7 15. Na4 e5 16. Bxd5 Qxd5 17. Qxd5 Rxd5 18. Nc3 Rd7 19. dxe5 Nxe5 20. Ke2 Bf6 21. Rc2 Nd3 22. Na4 Rhd8 23. Bc3 Bxc3 24. bxc3 c5 25. c4 b6 26. Rb1 Nb4 27. Rcb2 Rd3 28. Rc1 Ra3 29. Nc3 Nd3 30. Rd1 Rxc3 31. Rbd2 Rxc4 32. Rxd3 Rc2+ 33. Kf3 Rxd3 34. Rxd3 Rxa2 35. Rd5 c4 36. Rxf5 c3 37. Rf4 c2 38. Rc4 b5 39. Rc5 b4 40. Ke4 b3 41. Kd3 Ra1,c4,e6,Nf3,d5,d4,Nf6,g3,dxc4,Bg2,Bd7,Ne5,Bc6,Nxc6,Nxc6,Qa4,Qd7,Qxc4,Nd5,e3,h5
"Motola,Jacopo",chess.com INT,1.0,Owen Defense,1. e4 b6 2. d4 Bb7 3. Bd3 e6 4. Nf3 d5 5. e5 c5 6. c3 Qc8 7. O-O Be7 8. Bg5 h6 9. Bxe7 Nxe7 10. Qe2 Ba6 11. Bxa6 Qxa6 12. Qxa6 Nxa6 13. Na3 Nc7 14. c4 cxd4 15. Nxd4 Kd7 16. Rac1 Rhc8 17. f4 dxc4 18. Nxc4 Ncd5 19. g3 Rc5 20. Nb3 Rc7 21. Nd6 f5 22. exf6 gxf6 23. Ne4 Rac8 24. Rxc7+ Rxc7 25. Rc1 Nc6 26. a3 a5 27. Kf2 a4 28. Nbd2 f5 29. Nc3 Na5 30. Nf3 Nxc3 31. Ne5+ Kd6 32. bxc3 b5 33. Rd1+ Ke7 34. Rd3 Nb3 35. Ke3 Nc1 36. Rd1 Na2 37. Ng6+ Kf6 38. Ne5 Nxc3 39. Rd8 Nd5+ 40. Kd4 Rb7 41. Rf8+ Kg7 42. Re8 b4 43. axb4 a3 44. Ra8 Nxb4 45. Kc5 a2 46. Nc6 Nxc6 47. Kxc6 Rb2 48. Kd6 Kf7 49. Ra7+ Kf6 50. Ra6 Rxh2 51. Kd7 Rd2+,e4,b6,d4,Bb7,Bd3,e6,Nf3,d5,e5,c5,c3,Qc8,O-O,Be7,Bg5,h6,Bxe7,Nxe7,Qe2,Ba6
"Bluebaum,M",chess.com INT,0.5,Horwitz Defense,1. d4 e6 2. c4 c5 3. d5 exd5 4. cxd5 d6 5. Nc3 g6 6. e4 Bg7 7. h3 a6 8. a4 Ne7 9. Nf3 O-O 10. Bd3 Nd7 11. O-O f5 12. exf5 Nxf5 13. Ng5 Nd4 14. f4 Nf6 15. Be3 Qb6 16. Rb1 Bf5 17. Kh2 Rae8 18. Bg1 Bd7 19. b4 Qc7 20. b5 c4 21. Bxg6 hxg6 22. Bxd4 Bf5 23. Rc1 Bd3 24. Ne6 Qf7 25. Re1 Nxd5 26. Bxg7 Rxe6 27. Bxf8 Qxf4+ 28. Kh1 Nxc3 29. Rxc3 Rxe1+ 30. Qxe1 Kxf8 31. bxa6 bxa6 32. Rc1 d5 33. Qb4+ Kg7 34. Qe7+ Kh6 35. Re1 Be4 36. Qd8 Kg7 37. Qe7+ Qf7 38. Qe5+ Qf6 39. Qc7+ Kh6 40. Qc8 c3 41. a5 c2 42. Rxe4 dxe4 43. Qxc2 Qf1+ 44. Kh2 e3 45. Qe4 Qf2 46. Qe5 g5 47. Qe6+ Kg7 48. Qe7+ Kg6 49. Qe6+ Kh5 50. Qe8+ Kh6 51. Qe6+ Kg7 52. Qe7+ Kg6 53. Qe6+ Kg7,d4,e6,c4,c5,d5,exd5,cxd5,d6,Nc3,g6,e4,Bg7,h3,a6,a4,Ne7,Nf3,O-O,Bd3,Nd7
"Arabidze,M",chess.com INT,1.0,Horwitz Defense,1. d4 e6 2. Nf3 c5 3. c4 cxd4 4. Nxd4 a6 5. g3 Qc7 6. Bg2 Qxc4 7. O-O Nc6 8. Be3 Nf6 9. Na3 Qb4 10. Rc1 Nxd4 11. Bxd4 d5 12. Bc3 Qb6 13. Qa4+ Bd7 14. Qf4 Be7 15. Bd4 Qd8 16. Be5 O-O 17. Bc7 Qe8 18. Rfd1 Bc6 19. Nc2 Rc8 20. Nd4 Ba4 21. b3 Bd7 22. Be5 h6 23. h4 Qd8 24. Bc7 Qe8 25. Be5 Rxc1 26. Rxc1 Qd8 27. Bc7 Qa8 28. Bd6 Bxd6 29. Qxd6 Rc8 30. Rc5 Rxc5 31. Qxc5 Qc8 32. Qxc8+ Bxc8 33. b4 Kf8 34. Kf1 Ke7 35. Ke1 Kd6 36. Kd2 e5 37. Nb3 b6 38. Kc3 d4+ 39. Kb2 Be6 40. Nd2 Bd5 41. Bh3 e4 42. Bc8 a5 43. bxa5 bxa5 44. Nb3 Bxb3 45. Kxb3 Kc5 46. Ka4 d3 47. exd3 exd3 48. Kb3 Kd4 49. Ba6 Ne4,d4,e6,Nf3,c5,c4,cxd4,Nxd4,a6,g3,Qc7,Bg2,Qxc4,O-O,Nc6,Be3,Nf6,Na3,Qb4,Rc1,Nxd4
Le Tuan Minh,chess.com INT,0.5,Queen's Pawn Game: London System,1. d4 Nf6 2. Nf3 c5 3. c3 d5 4. Bf4 Nc6 5. e3 e6 6. Nbd2 Bd6 7. Bg3 c4 8. b3 b5 9. Qc2 Bb7 10. Be2 O-O 11. bxc4 bxc4 12. O-O Bxg3 13. hxg3 Rb8 14. Rab1 Qc7 15. Rb2 a5 16. Rfb1 Ba6 17. e4 g6 18. exd5 exd5 19. Nf1 Rxb2 20. Rxb2 Re8 21. Qc1 Kg7 22. Ne3 Bc8 23. Bd1 h6 24. Ba4 Re6 25. Bxc6 Rxc6 26. Ne5 Rb6 27. Qb1 Rxb2 28. Qxb2 Be6 29. f3 Ne8 30. Qb5 Nd6 31. Qc5 Qxc5 32. dxc5 Nb5 33. c6 Nxc3 34. c7 Nxa2 35. Nc6 a4 36. Nd4 Bc8 37. Nxd5 a3 38. Nb6 Nb4 39. Nxc4 a2 40. Nb3 Be6 41. Nd6 Bxb3 42. c8=Q a1=Q+ 43. Kh2 Qe5 44. Qb8 Qh5+ 45. Kg1 Qc5+ 46. Kh1 Nc6 47. Ne8+ Kf8 48. Qa8 Ke7 49. Nc7 Kd7 50. Na6 Qa7 51. Qxa7+ Nxa7 52. Nc5+ Kd6 53. Nxb3 Kd5 54. Nd2 f5 55. Kg1 Nc6 56. Kf2 Kd4 57. Nf1 Ne5 58. Ke2 Nc4 59. g4 f4 60. g3 g5 61. gxf4 gxf4 62. Nd2 Nxd2 63. Kxd2 Kc4 64. Kc2 Kd4 65. Kd2 Kc4 66. Kc2 Kd4 67. Kd2,d4,Nf6,Nf3,c5,c3,d5,Bf4,Nc6,e3,e6,Nbd2,Bd6,Bg3,c4,b3,b5,Qc2,Bb7,Be2,O-O
"Samunenkov,Ihor",chess.com INT,1.0,Owen Defense,1. e4 b6 2. d4 Bb7 3. Bd3 e6 4. Nf3 Nf6 5. Qe2 d5 6. e5 Nfd7 7. h4 c5 8. c3 h6 9. Nbd2 Qc8 10. b3 Nc6 11. Bb2 cxd4 12. cxd4 Nb4 13. Rc1 Nxd3+ 14. Qxd3 Qd8 15. Nf1 a5 16. Ne3 a4 17. Bc3 Ba3 18. Rb1 Qc7 19. b4 Ba6 20. b5 Bb7 21. O-O O-O 22. Bd2 Be7 23. Rfc1 Qd8 24. Bb4 Bxb4 25. Rxb4 Qe7 26. Rb2 Rfc8 27. Rbc2 Nf8 28. h5 Qb4 29. a3 Qe7 30. Nd1 Rxc2 31. Rxc2 Bc8 32. Rb2 Bd7 33. Rb4 Nh7 34. Nc3 Ng5 35. Nd2 Rc8 36. Rxa4 Be8 37. Rb4 f6 38. f4 Nh7 39. Rb1 Bxh5 40. Na4 Qa7 41. Nb2 Qa5 42. Nf3 Rc3 43. Qd2 Bxf3 44. gxf3 Qxa3 45. Rc1 Rxc1+ 46. Qxc1 Qxf3 47. Na4 Qg3+ 48. Kf1 Qd3+ 49. Ke1 Qxb5 50. Qc8+ Nf8 51. Nc3 Qd3 52. f5 Qxf5 53. Nxd5 Qe4+,e4,b6,d4,Bb7,Bd3,e6,Nf3,Nf6,Qe2,d5,e5,Nfd7,h4,c5,c3,h6,Nbd2,Qc8,b3,Nc6
"Rasulov,Vu",chess.com INT,1.0,Horwitz Defense,1. d4 e6 2. c4 c5 3. d5 exd5 4. cxd5 d6 5. e4 a6 6. a4 g6 7. Bd3 Bg7 8. Nf3 Bg4 9. Nbd2 Nf6 10. O-O O-O 11. h3 Bxf3 12. Nxf3 Re8 13. Re1 Nbd7 14. Bf4 c4 15. Bxc4 Nxe4 16. Ra3 Rc8 17. Bf1 Bxb2 18. Rae3 Ndc5 19. Qb1 Bc3 20. Rxe4 Bxe1 21. Rxe1 Rxe1 22. Qxe1 Nxa4 23. Bg5 Qf8 24. Bf6 Nc5 25. Bb2 b5 26. h4 Re8 27. Qc3 f6 28. Qc2 Qf7 29. h5 Kg7 30. Qd2 gxh5 31. Nh4 Ne4 32. Qf4 Qxd5 33. Qf3 Qd2 34. Nf5+ Kg6 35. Ng3 Qxb2 36. Nxe4 Qe5 37. Ng3 Qg5 38. Bd3+ Kf7 39. Qb7+ Re7 40. Qxa6 h4 41. Nf1 h3 42. g3 Qd5 43. Ne3 Rxe3 44. Bf1 Re1 45. Kh2 Rxf1,d4,e6,c4,c5,d5,exd5,cxd5,d6,e4,a6,a4,g6,Bd3,Bg7,Nf3,Bg4,Nbd2,Nf6,O-O,O-O
"Lazavik,Denis",chess.com INT,0.0,Horwitz Defense,1. d4 e6 2. c4 c5 3. d5 exd5 4. cxd5 d6 5. Nc3 a6 6. a4 g6 7. e4 Bg7 8. h3 Ne7 9. Nf3 O-O 10. Bd3 Nd7 11. O-O f5 12. exf5 Nxf5 13. Bxf5 Rxf5 14. g4 Rxf3 15. Qxf3 Ne5 16. Qg3 c4 17. Ne4 Qf8 18. Bf4 Bd7 19. Rfe1 Nd3 20. Bxd6 Qf7 21. Re2 Qxd5 22. Nc3 Qc6 23. Rd1 b5 24. axb5 axb5 25. Re7 Bd4 26. Ne4 Re8 27. Rxe8+ Bxe8 28. Qf3 Bg7 29. b3 Nb2 30. Nf6+ Kf7 31. Ne4+ Ke6 32. Re1 Nd3 33. Re3 Ne5 34. Bxe5 Bxe5 35. Ng5+ Kd6 36. Qxc6+ Bxc6 37. Nf7+ Kd5 38. Nxe5 Bb7 39. bxc4+,d4,e6,c4,c5,d5,exd5,cxd5,d6,Nc3,a6,a4,g6,e4,Bg7,h3,Ne7,Nf3,O-O,Bd3,Nd7
"Sarana,A",chess.com INT,1.0,Horwitz Defense,1. d4 e6 2. c4 c5 3. d5 exd5 4. cxd5 d6 5. Nc3 a6 6. a4 g6 7. e4 Bg7 8. f4 Ne7 9. Nf3 O-O 10. Be2 Bg4 11. O-O Nd7 12. Be3 f5 13. exf5 Nxf5 14. Bf2 Bxf3 15. Bxf3 Nd4 16. Be3 Qb6 17. Rf2 Rae8 18. Qd3 c4 19. Qd2 Nxf3+ 20. Rxf3 Rxe3 21. Rxe3 Bd4 22. Re1 Rxf4 23. Nd1 Ne5 24. a5 Qc5 25. h3 Re4 26. Kh2 Bxe3 27. Rxe3 Rd4 28. Qe2 Rxd1 29. Rxe5 Qg1+ 30. Kg3 dxe5 31. Qxe5 Qe1+,d4,e6,c4,c5,d5,exd5,cxd5,d6,Nc3,a6,a4,g6,e4,Bg7,f4,Ne7,Nf3,O-O,Be2,Bg4
"Sarana,A",chess.com INT,0.0,Horwitz Defense,1. d4 e6 2. c4 c5 3. d5 exd5 4. cxd5 d6 5. e4 a6 6. Nf3 b5 7. a4 b4 8. Bd3 Bg4 9. Nbd2 g6 10. h3 Bxf3 11. Nxf3 Bg7 12. O-O Nf6 13. e5 dxe5 14. Nxe5 O-O 15. Bc4 Qd6 16. Re1 Re8 17. Bf4 Nh5 18. Nxf7 Rxe1+ 19. Qxe1 Qxf4 20. Qe8+ Bf8 21. Ng5 Ra7 22. Ne6 Qd6 23. Nxf8 Qxf8 24. d6+ Kg7 25. Qe5+ Nf6 26. Qxc5 Rd7 27. Rd1 Ne8 28. Qe5+ Nf6 29. g4 h6 30. Qc5 Rb7 31. Re1 Rd7 32. Re6 Rf7 33. Qxb4 Nc6 34. Qc5 Nd8 35. Re7 Rxe7 36. dxe7 Qe8 37. exd8=Q Qxd8 38. Qa7+ Kh8 39. Qxa6 Qd4 40. Qa8+ Kg7 41. Qb7+ Kh8 42. Qc8+ Kg7 43. Qc7+ Kh8 44. Qf7 h5 45. Qxg6 hxg4 46. hxg4 Qd1+ 47. Bf1 Nxg4 48. Qh5+ Kg7 49. Qg5+ Kf7 50. Qf4+ Ke6 51. a5 Ne5 52. a6 Nf3+ 53. Kg2 Ne1+ 54. Kh2 Nf3+ 55. Kg3 Ne1 56. Bh3+ Kd5 57. a7 Qb3+ 58. Qe3 Qb7 59. Bg2+ Nxg2 60. Qf3+ Kd4 61. Qxb7 Nf4 62. a8=Q Ne2+ 63. Kh2,d4,e6,c4,c5,d5,exd5,cxd5,d6,e4,a6,Nf3,b5,a4,b4,Bd3,Bg4,Nbd2,g6,h3,Bxf3
"Tang,Andrew",chess.com INT,0.0,Horwitz Defense,1. d4 e6 2. Bf4 c5 3. e3 cxd4 4. exd4 Qb6 5. b3 Nc6 6. Nf3 Nf6 7. c3 d5 8. Bd3 Nh5 9. Be3 Bd6 10. O-O Qc7 11. Nbd2 Nf4 12. Bc2 O-O 13. Re1 f6 14. b4 b6 15. Rc1 Qf7 16. Nf1 Ne7 17. Ng3 Ba6 18. Qd2 g5 19. Rcd1 Rac8 20. a4 Bc4 21. Bb1 Kh8 22. Qc2 h5 23. Bxf4 gxf4 24. Rxe6 Bxb4 25. Nxh5 Qxh5 26. cxb4 Rg8 27. Rxe7 Rxg2+ 28. Kh1 Rg7 29. Rxg7 Kxg7 30. Rg1+ Kh8 31. Nd2 Ba6 32. Qf5 Qxf5 33. Bxf5 Rc3 34. b5 Bb7 35. Kg2 a6 36. Re1 axb5 37. Re8+ Kg7 38. Re7+ Kf8 39. Rxb7 bxa4 40. Rxb6 a3 41. Rxf6+ Ke7 42. Ra6 f3+ 43. Nxf3 Rb3 44. h4,d4,e6,Bf4,c5,e3,cxd4,exd4,Qb6,b3,Nc6,Nf3,Nf6,c3,d5,Bd3,Nh5,Be3,Bd6,O-O,Qc7
"Sethuraman,Sandeep",chess.com INT,0.0,Horwitz Defense,1. d4 e6 2. c4 c5 3. d5 exd5 4. cxd5 d6 5. Nc3 a6 6. a4 g6 7. Nf3 Bg7 8. Bf4 Ne7 9. e3 Bg4 10. Be2 O-O 11. O-O Re8 12. Qb3 Bxf3 13. Bxf3 Qc7 14. Rac1 Nd7 15. Be2 Rac8 16. Bc4 Nf5 17. h3 Ne5 18. Rfd1 Rb8 19. Bf1 c4 20. Qb4 b5 21. axb5 axb5 22. b3 Qb6 23. bxc4 bxc4 24. Qxb6 Rxb6 25. Bxe5 Bxe5 26. Bxc4 Rc8 27. Ne4 Rb2 28. Bd3 Ra8 29. Rb1 Rba2 30. Ng5 Ne7 31. Nf3 Bf6 32. Bb5 Rc8 33. Rbc1 Rxc1 34. Rxc1 Nxd5 35. Bc4 Ra5 36. Rd1 Nc3 37. Rxd6 Ra1+ 38. Kh2 Ne4 39. Rd7 Nxf2 40. Rxf7 Rh1+ 41. Kg3 Ne4+ 42. Kf4 Nd6 43. Rxf6+ Nxc4 44. Rc6 Nb2 45. Kg5 Ra1 46. e4 Ra5+ 47. e5 Ra8 48. Rc7 Nd3 49. Kh6 Ra2 50. Ng5 Kf8 51. Nxh7+ Ke8 52. Nf6+ Kd8 53. Rd7+ Kc8 54. Rxd3,d4,e6,c4,c5,d5,exd5,cxd5,d6,Nc3,a6,a4,g6,Nf3,Bg7,Bf4,Ne7,e3,Bg4,Be2,O-O
"Seemann,Jakub",chess.com INT,0.0,Owen Defense,1. e4 b6 2. d4 Bb7 3. Nc3 e6 4. a3 Nf6 5. Bd3 d5 6. e5 Nfd7 7. Nce2 c5 8. c3 Nc6 9. Nf3 Be7 10. h4 a5 11. h5 h6 12. Nf4 Qc8 13. Be3 Ba6 14. Bc2 b5 15. Rc1 Qc7 16. Rh3 b4 17. Rg3 bxc3 18. bxc3 Kf8 19. a4 Rb8 20. Bg6 cxd4 21. Bxf7 Nc5 22. cxd4 Kxf7 23. Rxc5 Bxc5 24. Rxg7+ Kxg7 25. Nxe6+ Kf7 26. Nxc7 Bb4+ 27. Nd2 Bd3 28. Qf3+ Ke7 29. Nxd5+ Kd7 30. Qf7+ Kd8 31. Qc7+ Ke8 32. Qxc6+ Kf8 33. Qf6+,e4,b6,d4,Bb7,Nc3,e6,a3,Nf6,Bd3,d5,e5,Nfd7,Nce2,c5,c3,Nc6,Nf3,Be7,h4,a5
